source_column,encoded_columns_n,max_mi,sum_mi,selected_encoded_columns_n,best_encoded_feature,best_rank
B6:q4+B6:q5,1,0.00977376175440958,0.00977376175440958,1,imc,1
q50,1,0.00952134976869308,0.00952134976869308,1,q50,2
q61,1,0.00874132901372133,0.00874132901372133,1,q61,3
q2,3,0.00825536882335445,0.0164731851962478,2,q2__1,4
q4,1,0.0071499198730367,0.0071499198730367,1,q4,6
q17,1,0.00654788771852119,0.00654788771852119,1,q17,7
q46,1,0.00635508897565024,0.00635508897565024,1,q46,8
q19,9,0.00620515977922204,0.0121523326326585,2,q19__1,9
qn19,3,0.00615743527206578,0.0121976075699872,2,qn19__2,10
q18,9,0.00580951862136975,0.0112115642416253,1,q18__1,12
qn18,3,0.00562906043069342,0.0106964006210485,1,qn18__sin_dato,13
qn17,3,0.00561311531698871,0.011214108633086,2,qn17__1,14
qn61,3,0.00511044887761303,0.0101256509099468,2,qn61__1,16
q51,1,0.00503957063877917,0.00503957063877917,1,q51,17
qn46,3,0.00475123304642203,0.00937515543568358,2,qn46__1,19
q71,1,0.00455050040568224,0.00455050040568224,1,q71,21
qn47,3,0.0044923479296575,0.00854134379016226,2,qn47__1,23
q47,4,0.0044923479296575,0.00812675853896695,1,q47__2,22
qn45,3,0.00407185945206967,0.00753848688933639,1,qn45__sin_dato,25
qn50,3,0.00407159757204645,0.0080787851063376,1,qn50__2,26
q54,1,0.00404906673488306,0.00404906673488306,1,q54,27
q62,1,0.00400996989247951,0.00400996989247951,1,q62,29
qnbcanyg,3,0.00399041183407492,0.0078585726008672,1,qnbcanyg__1,30
qn48,3,0.00393071815823037,0.0069927868828121,0,qn48__sin_dato,32
q16,1,0.0037617227586776,0.0037617227586776,0,q16,34
qn71,3,0.00373624255997651,0.00701076095346785,0,qn71__sin_dato,35
qnobeseg,3,0.00366660305176605,0.0072280279760631,0,qnobeseg__2,36
q44,3,0.00359273523771864,0.00671403338053683,0,q44__1,37
qn44,3,0.00359273523771864,0.00671403338053683,0,qn44__1,38
q60,1,0.00355982377767095,0.00355982377767095,0,q60,39
q45,9,0.00353840227619934,0.00689899333282169,0,q45__1,41
qnunwtg,3,0.00352333098585281,0.00702389186515302,0,qnunwtg__sin_dato,45
qnowtg,3,0.00352333098585281,0.00603162810582292,0,qnowtg__sin_dato,44
q4q5_faltaba,1,0.00352333098585281,0.00352333098585281,0,q4q5_faltaba,42
q48,5,0.00351167433364125,0.00661092456182345,0,q48__1,46
qnpe3g,3,0.00332748169311387,0.00649244388418323,0,qnpe3g__2,48
q52,1,0.00323630081360205,0.00323630081360205,0,q52,49
qnpe5g,3,0.00319606333938749,0.00625045902047928,0,qnpe5g__2,50
q69,1,0.00317995327339539,0.00317995327339539,0,q69,51
qn54,3,0.00315829946087787,0.00623344853785649,0,qn54__2,52
qn16,3,0.00305669818102036,0.00610698374514118,0,qn16__1,54
q27,1,0.00300944311345976,0.00300944311345976,0,q27,58
q59,1,0.00291411296457831,0.00291411296457831,0,q59,61
q35,1,0.00277035847337498,0.00277035847337498,0,q35,63
qn69,3,0.00253425889666209,0.00435311968867114,0,qn69__2,66
qn60,3,0.00248303434953012,0.00485988323587634,0,qn60__1,67
q56,1,0.00245770021615229,0.00245770021615229,0,q56,68
q81,1,0.00242388244972851,0.00242388244972851,0,q81,69
q36,1,0.00226821038551373,0.00226821038551373,0,q36,73
q57,1,0.00221827149330137,0.00221827149330137,0,q57,74
qn52,3,0.00221604550715682,0.00434718775649334,0,qn52__2,75
q55,1,0.00220102362403229,0.00220102362403229,0,q55,76
qn56,3,0.00213111636907387,0.00422688505180604,0,qn56__2,79
qn37,3,0.00206447603586893,0.00398123612796844,0,qn37__sin_dato,82
q74,6,0.00197802553685528,0.00377260704586155,0,q74__2,85
qn74,3,0.00197802553685528,0.00347601235659538,0,qn74__1,86
qn35,3,0.00197378019357608,0.00387951087676958,0,qn35__1,87
qn57,3,0.00195481227054853,0.00379325555820619,0,qn57__2,88
qn59,3,0.00193028503171228,0.00369535437803977,0,qn59__1,89
qn51,3,0.00193028123414371,0.00338451534833115,0,qn51__1,90
q5,1,0.00189937752272118,0.00189937752272118,0,q5,92
q22,1,0.0018916804508907,0.0018916804508907,0,q22,94
q37,8,0.0018592820336619,0.00420167504251935,0,q37__1,95
qn62,3,0.00175545889663078,0.00341375032113566,0,qn62__1,97
qn36,3,0.00175018331469906,0.00349380594231111,0,qn36__sin_dato,98
qn55,3,0.00172288225504785,0.00340080257319106,0,qn55__1,100
qn75,3,0.00161842057556527,0.00312420205787203,0,qn75__sin_dato,105
qn34,3,0.00156201269769624,0.0023515587328107,0,qn34__sin_dato,106
qnc1g,3,0.00152416762054758,0.002498386256364,0,qnc1g__1,107
q34,9,0.00149182510862353,0.0021808289247333,0,q34__1,108
q75,4,0.00143924643142379,0.00310149338049096,0,q75__3,109
q73,8,0.00133811259711336,0.00276469314077842,0,q73__1,111
qn73,3,0.00126260365791969,0.00231961642982573,0,qn73__2,116
q32,1,0.00122094530421081,0.00122094530421081,0,q32,117
q72,1,0.00116847147315256,0.00116847147315256,0,q72,119
q38,1,0.00115350476801657,0.00115350476801657,0,q38,120
q77,1,0.00104355226284152,0.00104355226284152,0,q77,123
q70,1,0.000907732680196413,0.000907732680196413,0,q70,128
qn38,3,0.000886686323058827,0.00166477676664349,0,qn38__1,130
q6,1,0.000812230257106089,0.000812230257106089,0,q6,132
q76,1,0.000808712128002959,0.000808712128002959,0,q76,133
q80,1,0.000803674162681484,0.000803674162681484,0,q80,134
qn72,3,0.000760501589610746,0.00119943978613471,0,qn72__2,136
q65,1,0.000756905541852149,0.000756905541852149,0,q65,137
qn32,3,0.000680992419773624,0.00135048261683089,0,qn32__2,139
q63,1,0.000671884916354209,0.000671884916354209,0,q63,141
qn27,3,0.000657541677234363,0.00133214361983808,0,qn27__2,143
qn77,3,0.000606173438732233,0.00118216757576737,0,qn77__1,145
qn70,3,0.000591340175790989,0.000890849751919276,0,qn70__sin_dato,146
qn81,3,0.000586992170967443,0.0010828559201681,0,qn81__1,147
qn76,3,0.000580721846412724,0.00114927804982859,0,qn76__1,149
q79,1,0.000510564570933894,0.000510564570933894,0,q79,152
q10,1,0.000433104700180921,0.000433104700180921,0,q10,160
q24,3,0.000430638152038032,0.000890201541036775,0,q24__2,161
qn24,3,0.000430638152038032,0.000890201541036775,0,qn24__2,162
qn79,3,0.000389591722651562,0.000619804735880268,0,qn79__1,165
q15,1,0.000389472755850655,0.000389472755850655,0,q15,166
q31,5,0.00034783962718607,0.000620506709228169,0,q31__4,167
qn31,3,0.00034783962718607,0.000468697817161468,0,qn31__2,168
q1,1,0.00034361016184211,0.00034361016184211,0,q1,169
qnff2g,3,0.00034264132523884,0.000682507217549804,0,qnff2g__1,170
qn22,3,0.00033673294705891,0.000673349402336288,0,qn22__2,171
q43,1,0.000334350602493885,0.000334350602493885,0,q43,172
q64,1,0.000333233602247294,0.000333233602247294,0,q64,174
q29,1,0.000330869000550994,0.000330869000550994,0,q29,175
qnff3g,3,0.000296269930246992,0.000580678211562291,0,qnff3g__1,178
q66,3,0.000288830645594873,0.000638416999303199,0,q66__2,180
qn66,3,0.000288830645594873,0.000638416999303199,0,qn66__2,181
q53,1,0.000286443613158563,0.000286443613158563,0,q53,182
qn80,3,0.000276127850859176,0.000549420973142783,0,qn80__2,186
q42,1,0.0002710950206639,0.0002710950206639,0,q42,188
q3,1,0.000241154469523532,0.000241154469523532,0,q3,190
qn43,3,0.000233764483570716,0.000293917560735164,0,qn43__sin_dato,193
q41,1,0.000230142064101269,0.000230142064101269,0,q41,194
qn10,3,0.000215155262700939,0.000441222576844446,0,qn10__2,197
qnff1g,3,0.000215155262700939,0.000441222576844446,0,qnff1g__1,198
qn41,3,0.00020884061683038,0.000380626430131745,0,qn41__1,199
q39,1,0.000204905604477543,0.000204905604477543,0,q39,200
qn29,3,0.000199532914661824,0.000228911162973248,0,qn29__sin_dato,201
q78,1,0.000197818699917018,0.000197818699917018,0,q78,202
q67,3,0.000182214677251605,0.00020497394505967,0,q67__sin_dato,207
qn67,3,0.000182214677251605,0.00020497394505967,0,qn67__sin_dato,208
q23,1,0.000173923864179883,0.000173923864179883,0,q23,212
q26,1,0.000163933155479256,0.000163933155479256,0,q26,217
q30,1,0.000159442683224062,0.000159442683224062,0,q30,219
q40,9,0.000145065229773783,0.000599358085248238,0,q40__6,223
qnnotb2g,3,0.000142900526818715,0.000149515431458899,0,qnnotb2g__sin_dato,224
q68,3,0.000139892232824486,0.00014340209017233,0,q68__sin_dato,226
qn68,3,0.000139892232824486,0.00014340209017233,0,qn68__sin_dato,227
qn42,3,0.000139195902678621,0.00025404076410139,0,qn42__1,228
q25,3,0.000132795583658835,0.000296796121016712,0,q25__2,230
qn25,3,0.000132795583658835,0.000296796121016712,0,qn25__2,231
qn39,3,0.000123790193448728,0.000137982739171885,0,qn39__sin_dato,235
qn30,3,0.00012264566210983,0.000223012302965403,0,qn30__1,236
q28,9,0.000113904823932406,0.000269462778520258,0,q28__7,238
qn53,3,0.000110867422907279,0.000244260082408194,0,qn53__2,241
q33,6,8.6216516581597e-05,0.000153946055964096,0,q33__sin_dato,252
qn33,3,8.6216516581597e-05,8.86989783317332e-05,0,qn33__sin_dato,253
qn26,3,8.05366674775099e-05,0.00015991268902895,0,qn26__2,254
qn15,3,5.89254661001182e-05,0.000115943098820733,0,qn15__1,269
qn63,3,5.71391532165622e-05,0.000130120357519085,0,qn63__2,270
q58,1,5.67197200683628e-05,5.67197200683628e-05,0,q58,271
qn28,3,4.51378955672044e-05,8.48268001899521e-05,0,qn28__2,285
qntob2g,3,4.2576302587357e-05,4.53508478553098e-05,0,qntob2g__sin_dato,288
qn78,3,3.75944966518466e-05,8.87995434704497e-05,0,qn78__2,296
qn58,3,3.54757920092152e-05,6.88854724258878e-05,0,qn58__2,300
qn65,3,3.3947978335308e-05,5.83724481403453e-05,0,qn65__sin_dato,302
qn6,3,2.74253341134047e-05,5.4884131206313e-05,0,qn6__1,313
qn64,3,1.59321920043809e-05,3.46387268356247e-05,0,qn64__1,331
qn23,3,6.29115558606341e-06,1.25051232604985e-05,0,qn23__2,353
