rank,feature,source_column,output_kind,mi_score,is_discrete,semantic_note,q50_q51_status
1,imc,B6:q4+B6:q5,continuous_numeric,0.00977376175440958,False,association_not_causation,
2,q50,q50,ordinal_numeric,0.00952134976869308,True,association_not_causation,SAME_DOMAIN_REVIEW_NOT_HARD_LEAKAGE
3,q61,q61,ordinal_numeric,0.00874132901372133,True,association_not_causation,
4,q2__1,q2,onehot_numeric,0.00825536882335445,True,association_not_causation,
5,q2__2,q2,onehot_numeric,0.00821664500701344,True,association_not_causation,
6,q4,q4,continuous_numeric,0.0071499198730367,False,association_not_causation,
7,q17,q17,ordinal_numeric,0.00654788771852119,True,association_not_causation,
8,q46,q46,ordinal_numeric,0.00635508897565024,True,association_not_causation,
9,q19__1,q19,onehot_numeric,0.00620515977922204,True,association_not_causation,
10,qn19__2,qn19,onehot_numeric,0.00615743527206578,True,association_not_causation,
11,qn19__sin_dato,qn19,onehot_numeric,0.00603334017054857,True,association_not_causation,
12,q18__1,q18,onehot_numeric,0.00580951862136975,True,association_not_causation,
13,qn18__sin_dato,qn18,onehot_numeric,0.00562906043069342,True,association_not_causation,
14,qn17__1,qn17,onehot_numeric,0.00561311531698871,True,association_not_causation,
15,qn17__2,qn17,onehot_numeric,0.00556836551046708,True,association_not_causation,
16,qn61__1,qn61,onehot_numeric,0.00511044887761303,True,association_not_causation,
17,q51,q51,ordinal_numeric,0.00503957063877917,True,association_not_causation,SAME_DOMAIN_REVIEW_NOT_HARD_LEAKAGE
18,qn61__2,qn61,onehot_numeric,0.00501520202330175,True,association_not_causation,
19,qn46__1,qn46,onehot_numeric,0.00475123304642203,True,association_not_causation,
20,qn46__2,qn46,onehot_numeric,0.00461094600914266,True,association_not_causation,
21,q71,q71,ordinal_numeric,0.00455050040568224,True,association_not_causation,
22,q47__2,q47,onehot_numeric,0.0044923479296575,True,association_not_causation,
23,qn47__1,qn47,onehot_numeric,0.0044923479296575,True,association_not_causation,
24,q19__8,q19,onehot_numeric,0.00434207624972333,True,association_not_causation,
25,qn45__sin_dato,qn45,onehot_numeric,0.00407185945206967,True,association_not_causation,
26,qn50__2,qn50,onehot_numeric,0.00407159757204645,True,association_not_causation,
27,q54,q54,ordinal_numeric,0.00404906673488306,True,association_not_causation,
28,qn47__sin_dato,qn47,onehot_numeric,0.00404776462678247,True,association_not_causation,
29,q62,q62,ordinal_numeric,0.00400996989247951,True,association_not_causation,
30,qnbcanyg__1,qnbcanyg,onehot_numeric,0.00399041183407492,True,association_not_causation,
