input_feature,source_column,output_kind,PC1,PC2,PC3,PC4,PC5,PC6,PC7,PC8,PC9,PC10,PC11,PC12,PC13,PC14,PC15,PC16,PC17,PC18,PC19,PC20,PC21,PC22,PC23,PC24,PC25,PC26,PC27,PC28,PC29,PC30
imc,B6:q4+B6:q5,continuous_numeric,-0.0141246609821374,-0.0179905533718001,0.00600341344419527,-0.0109240431566832,-0.00603382381098124,-0.0766063107034378,0.0206446925083735,0.986332071333203,0.0810006041322824,0.0865189309489816,0.0323901361393357,-0.0386178699722497,0.0585252253812863,0.00110810935459002,0.0029788876006696,0.00901642392709079,-0.000913395721864181,0.00284702400848174,0.00267960738219349,-0.00157339972338005,0.000683673921562261,0.000457356769566193,6.41200418933931e-05,0.000175280350562455,0.0022122160072929,0.0030119083239346,8.42252351271381e-05,-0.0012701727479979,0.000888470903150582,-1.74016490512664e-17
q50,q50,ordinal_numeric,-0.0396590113356144,-0.026662531582627,0.0253759738858588,0.097542296736744,0.684302790250489,-0.0317391395774352,-0.065413927035923,0.0174465870462266,-0.0956695017087873,-0.0385743915745215,-0.0352258849108906,0.0076248739861464,-0.0186468055238485,0.00481808517849438,0.00431138462162874,-0.0163464289589813,0.0040860619833111,-0.0374403267563778,0.22649382611756,0.668699936520664,0.033152786486351,0.0058120903779311,-0.00441513507947485,0.006565993476458,-0.00364495095436401,-0.00238526978138677,0.00118063321888997,-0.00171480501150116,-0.00202490783554545,7.25336277916608e-17
q61,q61,ordinal_numeric,-0.0141355201635323,0.0173927748412619,0.534851466197462,-0.000758890674759086,-0.0282766985512121,-0.00287716135083087,-0.011328337462084,-0.00361649747583557,-0.00310728575515224,-0.04243004753926,0.0336702192662608,-0.00328335806147205,0.00432214072630129,0.00359584837021142,0.0474586355064361,0.0481509108172108,0.0679808687833435,0.83166745986749,0.00461440638744461,0.0532392039522228,-0.0319172451228949,0.0100143348626744,0.000954276385300912,-0.00551776744035438,0.00175200238753786,-0.00223579822204663,0.000824830231952535,-0.0172025459068315,-0.0657417831509498,-9.89239958374043e-17
q2__1,q2,onehot_numeric,-0.0750459502705345,-0.0365032904836787,-0.00307642866203319,0.624370343673762,-0.111154571810451,0.0525362694497565,-0.0170096347170261,0.0355843640654278,-0.0146819921633769,-0.0478260031165755,-0.0624906460750944,0.0406914760489507,-0.276568225483716,0.0348424205588868,0.0127251224834991,-0.0226399696272672,-0.00883725688070665,0.000998474482979992,-0.00527897012177724,0.00290293018371247,-0.00492071774322426,0.0154439439431949,0.00155476026725098,-0.00229622889493417,0.00536425836377885,-0.0049721685070666,-0.0301897269051834,0.684395857885294,-0.174144185728472,-2.33903731387166e-16
q2__2,q2,onehot_numeric,0.0752577986431856,0.0362570112507531,0.00169758177688001,-0.624300310328885,0.112616020840556,-0.0511347682245321,0.0202738004356992,-0.0330737046587666,0.0105578034638941,0.0472141428802146,0.0635484317844595,-0.0403176894330071,0.276467762149189,-0.0303434806447111,-0.0107589378735239,0.0232141175358232,0.00723216091414731,0.000748554488058557,0.00364316125733919,-0.00171617114295666,0.0109387453982975,-0.00612079269512592,0.00348151799874131,-0.00292162702759874,-0.000737135845034064,-0.00422790840362217,-0.0307984402464854,0.684880915164093,-0.173711980011524,-1.06931862448914e-16
q4,q4,continuous_numeric,-0.0666431105526735,-0.0423591376700651,-0.00371897206115265,0.366601562999155,-0.0608404271503786,0.0468166350828957,0.0628561505743496,-0.0309746193751676,-0.270503726253731,0.0211453956183524,-0.0446389656325429,-0.157753120531787,0.859579956601039,-0.0911946843714153,-0.0232041728645171,0.0111825638993592,0.00890173091138497,-0.00132083278017282,-0.00538830675141739,0.000956708658120246,0.0058605107162861,-0.000526636199562024,-0.000793787620081734,-0.00300679052572132,0.00580348375262301,0.00159848186361718,-0.00130943513563235,-0.000245565403549718,0.00110112200830911,-7.47638645051322e-17
q17,q17,ordinal_numeric,-0.221084211163952,0.155199841577749,0.000927048110193594,-0.0189493473038351,-0.00892741432074866,-0.00899178532435922,0.0122219556248885,0.0242535407265523,-0.0152459534453366,-0.0110508666237178,-0.0490001763559306,0.628424902618783,0.0593138595004866,-0.409166548793136,-0.291209922014671,0.0415325907673894,-0.0993155728697532,0.000174226410467546,0.0432781911056589,0.0114460212441096,-0.498336069455448,0.00510051161999776,0.054457960139871,-0.00604910398082593,0.0112782605212171,0.0624116432292956,-0.0580482370946717,0.0019879053240021,0.00299492809237808,-7.901336776568e-17
q46,q46,ordinal_numeric,-0.200911663972215,-0.268411498757632,-0.00363917548732581,-0.00929696210421347,-0.0244647671375048,-0.355374366641269,0.0978822570392248,-0.0377164747461086,-0.00715687272803127,0.00813461124667754,0.00710279149314779,0.0124327032750175,-0.00721864355858144,0.00476006558758204,-0.0128855724535496,-0.142904432327294,0.0282763200939341,0.0263801518091354,0.752920927342041,-0.265347704461899,0.0674359735418965,0.0291750421715876,0.00116538281827954,0.0137926089370507,-0.290026305022791,0.00985504820630411,0.00297910848174871,0.00229369225696969,0.000754957264178951,-8.71373770907317e-16
q19__1,q19,onehot_numeric,0.271483948279695,-0.195902166388002,0.0175831202713225,0.0206729617249424,-0.000788631241959206,0.0103159796874656,0.0266815213245156,0.0185146955159087,-0.0390070857503679,-0.022041779983355,-0.0211992217799615,0.421313461674706,0.0611854899036842,-0.0365902452701744,0.013464645382161,0.0105127875617156,-0.343656340865474,0.0467895786325202,-0.0418560882429293,-0.00674460647004563,0.536374069291425,-0.0210911768316753,0.416920369454966,-0.00722242474072029,-0.0144318471448926,0.0194815654912258,-0.340034402198734,-0.0191867099334798,0.00139038863944232,-5.65596047097927e-17
qn19__2,qn19,onehot_numeric,-0.285066232590425,0.21903841303548,-0.0154082965284686,-0.0339081338878704,-0.00630344004254537,0.0233855747427231,0.0259205302286525,0.00758322605153315,-0.0509076818721132,-0.0188525596536151,-0.00315854070687152,0.104571697250113,0.0230226545373379,0.110393232610279,0.417854713304753,-0.0598087552074357,0.319142557337832,-0.0443367384542461,-0.016177290663298,-0.00169706997759429,0.0275218727045013,-0.0131047458572437,0.52722770026214,-0.029180467020341,0.00423857740118809,0.495860722182588,0.182634675915984,0.0107447445223447,0.00830200285693277,2.7572159680095e-16
qn19__sin_dato,qn19,onehot_numeric,0.294869203680058,-0.21964449469941,0.0171099865982605,0.0332878014673924,0.00713281449999883,-0.0153729946054759,-0.0176672595243374,-0.00841824784336985,0.0359585441814899,0.0121092911971642,0.00148104941576794,-0.0881981500274886,-0.0168135927313583,-0.0272747658026973,-0.387458498704047,0.0580049703222808,-0.24589593727538,0.0399166111919453,0.0130430131197788,0.00507342799044168,0.00257655474543216,-0.012314824358821,0.00301378015958959,-0.00394052008196155,0.0294370860848151,0.597640608523601,0.526886172309445,0.0295220248287674,0.00656060083278162,2.42471987087234e-16
q18__1,q18,onehot_numeric,0.273216667071852,-0.194568129148155,0.0205517880460956,0.0234914900115676,0.00153124685031196,0.0115151072101595,0.0229809073814337,0.0167789213181967,-0.03067042711331,-0.0165870163878497,-0.0255619641134206,0.362054170391223,0.0479941574044336,0.0181132952583546,-0.0109670433388511,0.0252896072517483,0.65777013530907,-0.050159727822553,-0.0330163423689207,-0.00882052172778788,0.148041850242388,0.0217447515389663,-0.441161527448513,0.00894949967962529,0.00781690207695119,0.262439660068031,-0.163792278196039,-0.00495163985543383,-0.00262931865658393,5.59505127164189e-17
qn18__sin_dato,qn18,onehot_numeric,0.28868852968541,-0.214208144984397,0.019004205223178,0.033956814141159,0.00567593763942832,-0.0106167250529118,-0.0137560495561651,-0.00229659003449657,0.0276427465520542,0.00768710821048303,-0.00636592239764155,-0.0637607272729843,-0.011958041422485,0.0357796127988176,-0.329325571595999,0.0613530381097295,0.460236839275034,-0.0348509896363523,0.00704416018638426,0.00835291072177659,-0.204211405413444,-0.00254416686210547,0.569877450913627,-0.0181869565367432,-0.0186103669685662,-0.387658338491013,0.140533812858453,0.00403943320786055,0.0022569356381114,-4.08226577828492e-17
qn17__1,qn17,onehot_numeric,-0.287115077521256,0.21105959713791,-0.0126869395670029,-0.0139492715660024,-0.00924714425655668,0.00379989055435994,-0.00522681141594559,0.00746779946810049,0.0141145665560903,0.00215685171324615,-0.0185543349640147,0.170545977727391,-0.00817013677522643,-0.250775022587085,-0.182969515158015,0.0582808103184962,0.146438377936198,0.0183044376694396,-0.0546557281284127,-0.00681132788162236,0.583612890948897,0.0032748128855484,-0.0930019315606981,0.0114373972508986,-0.0084770237155532,-0.298887485859345,0.52820965319971,0.0193316305488727,-0.00492327096279916,-9.64875272529369e-17
qn17__2,qn17,onehot_numeric,0.267567318758602,-0.190985641162195,0.0128061899569325,0.00130214767826821,0.00116203907833535,0.0155158640663839,0.0499695213402698,0.0204380372786237,-0.0892004078848106,-0.032085915117892,-0.00812038686422938,0.377347458293614,0.0883145667394348,0.185680331951871,0.517679598221488,-0.101565338803251,-0.174218629381459,-0.0186580628770847,0.0098358029603689,-0.00773244065961359,-0.219544164026208,0.00352248267849402,-0.114204365496998,0.00567818087490427,-0.0100057682630561,-0.285689119645062,0.492308298134899,0.0184362902530844,-0.00356444003064366,-1.77836458660581e-16
qn61__1,qn61,onehot_numeric,-0.0161384531978027,0.0162301852828156,0.571166668154097,-0.00849661751292843,-0.0335141201120973,-0.0288568067905835,-0.0470921999210522,0.00924573773917239,-0.024236826965607,-0.161906942004013,0.0630821066151856,-0.0126319924295618,0.00398230958102963,-0.00664816102477516,-0.0163344165743632,-0.0326961290557388,-0.0266324207796692,-0.314149392126111,-0.00438010340370724,-0.0167713036118584,0.0176387687464592,0.000666714886876068,-0.00704686000418253,-0.00223770004237789,0.0037978269768363,-0.00815129707772663,-0.00791948113689297,0.180799955212688,0.709703715649942,8.2741325324081e-17
q51,q51,ordinal_numeric,-0.0144686079760447,-0.00109840279611201,0.0294503899254597,0.0257434248259214,0.121903840045631,0.103216821024394,0.591647803229652,-0.0161180539684001,0.576016633782243,-0.337155585871114,-0.40276458041374,-0.0321787057308996,0.112031290328634,0.0173925951304759,0.00949835080605461,-0.00405923227544194,-0.00726412896292749,-0.00486448342397721,-0.0200056926494125,-0.0156332397398991,-0.00427077167887671,-0.00243312094912908,-0.00150670336454187,0.00175070666288728,-0.000945027770328594,-0.00116500310603376,0.0010451902112564,0.000422493621634612,0.000348660965912656,-5.83415245582718e-18
qn61__2,qn61,onehot_numeric,0.0159387288082608,-0.0170657983101346,-0.5639748586081,0.00795112711518537,0.0354775104224893,0.0306954282031778,0.051810206380614,-0.010419819808882,0.0207339513652386,0.170138078946276,-0.0674236986422777,0.014261651978287,-0.00660767304614336,0.00905973580800086,0.0239565215044262,0.0337772015526233,0.0359957381548104,0.423501449352984,0.00464694530811069,0.0255252125724679,-0.0149260622637066,0.00922580770047296,-0.00378524963889902,-0.00548190631883698,0.00620706255144198,-0.00820864532653841,-0.00867354813724197,0.165201939741058,0.656670350584795,4.32765724327219e-17
qn46__1,qn46,onehot_numeric,-0.19691586574085,-0.265353064306281,-0.00442733842928413,-0.00374849723421528,-0.0272094042361857,-0.477527577408236,0.112948412122999,-0.0504525065960936,-0.00608950018506117,0.0166432144547331,0.0165874682614875,0.0103632709990046,-0.0168693844266645,0.0190272218387857,0.0434144792304261,0.156333494170463,0.00270690553959188,-0.0106952562173363,-0.0516508796679441,0.0206153297198668,0.00758360458900742,-0.00278557899548141,0.012279701389928,-0.00602873321914367,0.784128121407082,-0.025262495532114,-0.00565414843060462,-0.00430114178803831,-0.00466805438689389,-8.37774044905807e-17
qn46__2,qn46,onehot_numeric,0.188354341021953,0.246939753329611,0.0061615135578645,-0.00861876268553879,0.029439354899202,0.498016261581693,-0.097695861039694,0.0496015253001167,-0.00244215153376573,-0.0211609016426251,-0.0173644149237811,-0.00262924372994739,0.0127819869671516,-0.012727526187358,-0.0476113273461158,-0.275122654736632,0.0189732376414343,0.0203853172469739,0.483664570053351,-0.165860624406557,0.0453784851071396,0.00461236718527755,0.0095930108209087,-0.000173231505651675,0.546406657353835,-0.0225580452423485,-0.00315498257834178,-0.00286145522788507,-0.00401678629826556,2.07845021785342e-16
q71,q71,ordinal_numeric,-0.0551435469333976,-0.0117290400264609,0.0561968479997642,0.173049376615358,0.0913263358630994,0.00564217530020646,-0.223057676517046,-0.106118844093051,0.692086354644333,0.37916458090045,0.448225536698986,0.121335298974149,0.206299396737181,0.104182009905963,0.0306821353282197,-0.0118273804394357,-0.00347319764646764,-0.0347020235547463,0.0105501614718369,-0.00141966284792427,0.00308049915935731,0.00698187113529869,0.00257381824393288,0.00415570952929446,0.00435076444875588,-0.000209184621370783,0.00261938969921691,0.00308088386236789,0.00313118541441282,-5.35252977375284e-17
q47__2,q47,onehot_numeric,-0.202454200559861,-0.292758603907769,0.0157764583091336,-0.0669854535960547,-0.00926950882899316,0.347470094416387,-0.0676570574889645,0.0177975092858616,-0.00155390902362285,-0.0103714357842423,-0.0122248018076811,-0.00479691424005884,-0.0205428650719592,-0.00442580296488113,0.0666446270049624,0.40305519644562,-0.00711666094404789,-0.030262778232302,0.0948032076065098,-0.0193469485582071,-0.00923865212074664,-0.254342082866826,-0.00796747288304656,0.00317886076540642,-0.00617053453031574,-0.00255395343580903,0.000651830836660545,0.00220655768616235,0.00263379178396342,-0.707106781186547
qn47__1,qn47,onehot_numeric,-0.202454200559861,-0.292758603907769,0.0157764583091336,-0.0669854535960544,-0.00926950882899316,0.347470094416386,-0.0676570574889642,0.0177975092858615,-0.00155390902362285,-0.0103714357842423,-0.012224801807681,-0.00479691424005862,-0.020542865071959,-0.0044258029648811,0.0666446270049623,0.403055196445619,-0.00711666094404789,-0.0302627782323016,0.0948032076065103,-0.0193469485582075,-0.00923865212074608,-0.254342082866825,-0.00796747288304689,0.00317886076540673,-0.00617053453031616,-0.00255395343580949,0.00065183083666028,0.00220655768616269,0.00263379178396339,0.707106781186548
q19__8,q19,onehot_numeric,-0.203220229189815,0.156429250017457,-0.0118739139397175,-0.0371306429513826,-0.0125315408076378,0.0290343768762254,0.0712743308146917,0.0188976931517099,-0.125058266716468,-0.0550751764587141,0.010333283994375,0.235797466233786,0.0841341070458296,0.829545067269675,-0.381337886501056,0.064214022739789,-0.062892449713882,0.0183361843541105,0.00251385842447469,-0.00222228830634866,0.00571467801379504,-0.00588008353695453,-0.042541666654985,0.00624718469577689,-0.00296428187117132,-0.0295717007090358,-0.00400520335735996,-0.00322431500685233,-0.000458525886297877,-4.86726454357983e-17
qn45__sin_dato,qn45,onehot_numeric,0.213624388442599,0.295553360254955,0.00669028987817756,0.0694931202952671,0.0080963504474151,-0.088777068047646,0.0321008805210209,-0.00588392167163865,0.00342689261586171,0.00805374728239243,0.00709685043163067,-0.00387996040000775,0.0004863992340533,0.0064995730986916,0.0971142478744709,0.579762090013071,-0.0266711923798959,-0.0492494423101995,0.203858718529118,-0.0499978351953939,0.00698338587166649,0.364504788009958,-0.0117114532301016,-0.571714232291303,-0.0151149034629436,-0.0052059974439577,0.00221201577628883,-0.00484784522859954,-0.00109527751088339,-1.29331984645724e-17
qn50__2,qn50,onehot_numeric,-0.0381296302082239,-0.0180319229283852,0.0272754721308407,0.100324909173677,0.682895878694732,-0.0316356184627524,-0.0949358443647847,0.0162284549486213,-0.103437302110122,-0.0295682103690183,-0.0250005771405966,-0.00130399871952085,-0.0234286235422043,-0.00266051433376979,-0.00492627391913527,0.0260880709576169,-0.00468882079947344,0.045365600882055,-0.222848465484708,-0.666764743763082,-0.0296059538919991,-0.00712455766861925,0.00397320404171855,-0.00764337641145389,0.00274465868847258,0.000607095049095218,-0.000890077396969946,-0.000441555159908636,-1.1885752512803e-05,-1.24868302906306e-16
q54,q54,ordinal_numeric,0.00595594738623108,-0.00449713457051369,0.0466242712120577,0.0383771311694625,0.0834297604358558,0.180677354295814,0.70954092306236,-0.0113141360045866,-0.230635429283708,0.216021935318077,0.570871177192194,-0.0195028226721688,-0.133557339620086,-0.0823137752649285,-0.0320972019355807,-0.0119966556507591,0.00445975630665753,-0.0263933462235068,-0.0191247087573706,-0.00251347134801961,-0.00474693351345349,-0.00589238642094766,0.00220204986688955,0.000188488020644535,-0.00608825577153035,7.08377636435797e-05,-0.00143053242256763,-0.00263624039669473,-0.000165120911351464,3.39648951989841e-18
qn47__sin_dato,qn47,onehot_numeric,0.21668413126785,0.304747971223192,0.00443659775889918,0.0758147131319538,0.00752099586563417,-0.136604746755033,0.0362643220823525,-0.007829046214809,-0.000827289090868488,0.00932950254767702,0.00545360461187841,-0.00269643967030112,0.00434317126687356,0.000599952704467242,0.0782596741465978,0.424093361014352,-0.00490686023652756,-0.0264067875160297,0.149056646299871,-0.0451908325571424,-0.00807133026674849,0.0232167670171922,0.0273707958055598,0.788486721310599,-0.00299935411071361,0.0094045453741665,0.000221873213878935,0.00428064078778071,0.00544375069078364,-1.55893641688451e-16
q62,q62,ordinal_numeric,-0.00700310739930568,0.0121799385761921,0.243381467502741,-0.0195209737521718,0.0171312392036257,0.0374395498735049,0.131915938206417,-0.0434322309899923,-0.0613516168655415,0.785647919009075,-0.53228557717779,0.0045157126299067,-0.0630353392737606,0.0448580493275465,0.00167567080655261,-0.0191968416841468,-0.0155055064156941,-0.0902502826181613,-0.00549143243815624,-0.00557663090588011,0.00621853976287928,0.00169787811487547,-0.000313011522916453,-6.38351496936478e-06,-0.000889587821117939,-0.000532128765424475,-0.000577874271567724,8.34408177124384e-05,-0.00132073303669263,4.60075676631939e-17
qnbcanyg__1,qnbcanyg,onehot_numeric,-0.209044940486144,-0.30006672101431,0.0053199658236132,-0.0875573878082781,-0.00467537911824265,0.255677598833251,-0.0489717902311278,0.0135912836327186,-0.00865281098243484,-0.0144911815244568,-0.00793537320229074,-0.00698843986045689,-0.00689207459332501,0.000380255879172998,-0.00652884557695827,-0.0118356595842402,-0.0168642595933046,-0.00814622081952148,-0.0668188514312598,0.0100393655501156,0.000359355425262295,0.856952072965066,0.0310059248972039,0.222273912220176,0.0119741039973173,0.0109307840802103,0.00255276048128665,-0.00594469353266428,-0.00276111447555625,2.93813961401092e-17
