component,rank_within_component,feature,source_column,output_kind,loading,abs_loading
PC1,1,qn19__sin_dato,qn19,onehot_numeric,0.294869203680058,0.294869203680058
PC1,2,qn18__sin_dato,qn18,onehot_numeric,0.28868852968541,0.28868852968541
PC1,3,qn17__1,qn17,onehot_numeric,-0.287115077521256,0.287115077521256
PC1,4,qn19__2,qn19,onehot_numeric,-0.285066232590425,0.285066232590425
PC1,5,q18__1,q18,onehot_numeric,0.273216667071852,0.273216667071852
PC2,1,qn47__sin_dato,qn47,onehot_numeric,0.304747971223192,0.304747971223192
PC2,2,qnbcanyg__1,qnbcanyg,onehot_numeric,-0.30006672101431,0.30006672101431
PC2,3,qn45__sin_dato,qn45,onehot_numeric,0.295553360254955,0.295553360254955
PC2,4,q47__2,q47,onehot_numeric,-0.292758603907769,0.292758603907769
PC2,5,qn47__1,qn47,onehot_numeric,-0.292758603907769,0.292758603907769
PC3,1,qn61__1,qn61,onehot_numeric,0.571166668154097,0.571166668154097
PC3,2,qn61__2,qn61,onehot_numeric,-0.5639748586081,0.5639748586081
PC3,3,q61,q61,ordinal_numeric,0.534851466197462,0.534851466197462
PC3,4,q62,q62,ordinal_numeric,0.243381467502741,0.243381467502741
PC3,5,q71,q71,ordinal_numeric,0.0561968479997642,0.0561968479997642
PC4,1,q2__1,q2,onehot_numeric,0.624370343673762,0.624370343673762
PC4,2,q2__2,q2,onehot_numeric,-0.624300310328885,0.624300310328885
PC4,3,q4,q4,continuous_numeric,0.366601562999155,0.366601562999155
PC4,4,q71,q71,ordinal_numeric,0.173049376615358,0.173049376615358
PC4,5,qn50__2,qn50,onehot_numeric,0.100324909173677,0.100324909173677
PC5,1,q50,q50,ordinal_numeric,0.684302790250489,0.684302790250489
PC5,2,qn50__2,qn50,onehot_numeric,0.682895878694732,0.682895878694732
PC5,3,q51,q51,ordinal_numeric,0.121903840045631,0.121903840045631
PC5,4,q2__2,q2,onehot_numeric,0.112616020840556,0.112616020840556
PC5,5,q2__1,q2,onehot_numeric,-0.111154571810451,0.111154571810451
PC6,1,qn46__2,qn46,onehot_numeric,0.498016261581693,0.498016261581693
PC6,2,qn46__1,qn46,onehot_numeric,-0.477527577408236,0.477527577408236
PC6,3,q46,q46,ordinal_numeric,-0.355374366641269,0.355374366641269
PC6,4,q47__2,q47,onehot_numeric,0.347470094416387,0.347470094416387
PC6,5,qn47__1,qn47,onehot_numeric,0.347470094416386,0.347470094416386
PC7,1,q54,q54,ordinal_numeric,0.70954092306236,0.70954092306236
PC7,2,q51,q51,ordinal_numeric,0.591647803229652,0.591647803229652
PC7,3,q71,q71,ordinal_numeric,-0.223057676517046,0.223057676517046
PC7,4,q62,q62,ordinal_numeric,0.131915938206417,0.131915938206417
PC7,5,qn46__1,qn46,onehot_numeric,0.112948412122999,0.112948412122999
PC8,1,imc,B6:q4+B6:q5,continuous_numeric,0.986332071333203,0.986332071333203
PC8,2,q71,q71,ordinal_numeric,-0.106118844093051,0.106118844093051
PC8,3,qn46__1,qn46,onehot_numeric,-0.0504525065960936,0.0504525065960936
PC8,4,qn46__2,qn46,onehot_numeric,0.0496015253001167,0.0496015253001167
PC8,5,q62,q62,ordinal_numeric,-0.0434322309899923,0.0434322309899923
PC9,1,q71,q71,ordinal_numeric,0.692086354644333,0.692086354644333
PC9,2,q51,q51,ordinal_numeric,0.576016633782243,0.576016633782243
PC9,3,q4,q4,continuous_numeric,-0.270503726253731,0.270503726253731
PC9,4,q54,q54,ordinal_numeric,-0.230635429283708,0.230635429283708
PC9,5,q19__8,q19,onehot_numeric,-0.125058266716468,0.125058266716468
PC10,1,q62,q62,ordinal_numeric,0.785647919009075,0.785647919009075
PC10,2,q71,q71,ordinal_numeric,0.37916458090045,0.37916458090045
PC10,3,q51,q51,ordinal_numeric,-0.337155585871114,0.337155585871114
PC10,4,q54,q54,ordinal_numeric,0.216021935318077,0.216021935318077
PC10,5,qn61__2,qn61,onehot_numeric,0.170138078946276,0.170138078946276
