component,explained_variance,explained_variance_ratio,cumulative_explained_variance
PC1,7.25586343510099,0.241856672061546,0.241856672061546
PC2,5.58019212122459,0.186002218478173,0.427858890539719
PC3,2.84939560160085,0.0949777161262679,0.522836606665987
PC4,2.18191502282226,0.072728864160815,0.595565470826802
PC5,1.80766064657435,0.0602539990047388,0.655819469831541
PC6,1.17967593584621,0.0393216463494374,0.695141116180978
PC7,1.07741702603129,0.035913092724126,0.731054208905104
PC8,0.99826570017918,0.0332747745651535,0.764328983470258
PC9,0.977834371159555,0.0325937455895286,0.796922729059786
PC10,0.88916465112556,0.029638154764003,0.826560883823789
PC11,0.873200412071163,0.0291060254365665,0.855666909260356
PC12,0.816924264635865,0.0272301960667216,0.882897105327077
PC13,0.745061820198135,0.0248348351543542,0.907731940481431
PC14,0.628010597462465,0.0209332155270286,0.92866515600846
PC15,0.341734623285355,0.0113908977829117,0.940056053791372
PC16,0.337055280700695,0.0112349232066143,0.951290976997986
PC17,0.254843319763862,0.0084945861738571,0.959785563171843
PC18,0.25154369591826,0.00838460118730241,0.968170164359145
PC19,0.206411082848799,0.00688021460449878,0.975050378963644
PC20,0.193559353717354,0.00645183327321147,0.981502212236856
PC21,0.174910528826415,0.00583021976486429,0.98733243200172
PC22,0.107957587875773,0.00359850528623724,0.990930937287957
PC23,0.0750083850983987,0.00250022324136495,0.993431160529322
PC24,0.0591629474445489,0.00197205387150339,0.995403214400825
PC25,0.0461840445741829,0.00153943351097519,0.996942647911801
PC26,0.0365159177214003,0.00121716986770275,0.998159817779503
PC27,0.0218585344800466,0.000728601420461139,0.998888419199965
PC28,0.0179346998699601,0.000597809876628532,0.999486229076593
PC29,0.0154134745400689,0.000513770923406933,1
PC30,2.18711544792272e-30,7.29022077634548e-32,1
