metric,value,unit,source_block,meaning,caveat
raw_n,56981,students,B0,"Filas del CSV crudo","Incluye 1430 casos sin target observado"
supervised_n,55551,students,B1,"Universo con target conocido","Excluye únicamente target faltante"
positive_n,16558,students,B1,"Casos target=1","Conteo crudo no ponderado"
negative_n,38993,students,B1,"Casos target=0","Conteo crudo no ponderado"
positive_pct,29.806844,percent,B1,"Prevalencia positiva global","Distribución cruda no ponderada"
train_n,44440,students,B5,"Train original congelado","Unidad individual; no SMOTE"
test_n,11111,students,B5,"Test congelado","Nunca usado para fit posterior"
b8_patch_output_features,403,features,B8_PATCH,"Salida final tras revisión semántica de ordinales","Depende de representación one-hot/ordinal"
b9_output_features,404,features,B9,"B8 revisión semántica más IMC escalado","IMC proviene de q4/q5 físicos B6"
b11_input_features,404,features,B11,"Entrada al ranking MI","Train original B9"
b11_selected_features,30,features,B11,"Top K predecidido","Selección por columnas codificadas individuales"
b11_reduction_pct,92.5743,percent,B11,"Reducción 404 a 30","No mide performance predictiva"
b12_input_features,30,features,B12,"Entrada PCA desde B11","Espacio target-informed por selección MI"
b12_k80,10,components,B12,"Mínimo k para al menos 80%","Acumulada train=82.65608838%"
b12_k90,13,components,B12,"Mínimo k oficial para al menos 90%","Elegido sólo con varianza de train"
b12_k95,16,components,B12,"Mínimo k para al menos 95%","Referencia no usada como salida oficial"
b12_variance_k90,90.77319405,percent,B12,"Varianza acumulada de train en PC1-PC13","Varianza del espacio B11 estandarizado; no relevancia target"
b12_reduction_pct,56.6667,percent,B12,"Reducción 30 a 13","PCA sobre mixed encoded space"
b10_synthetic_n,17948,synthetic_rows,B10,"Filas sintéticas generadas en la demostración SMOTE","DEMONSTRATION_ONLY; no usadas en B11/B12"
