column,category_code,category_label,target,n,category_total,target_pct_within_category
q2,1.0,Masculino,0,16852,26330,64.00303835928598
q2,1.0,Masculino,1,9478,26330,35.99696164071401
q2,2.0,Femenino,0,21792,28730,75.85102680125304
q2,2.0,Femenino,1,6938,28730,24.148973198746955
q6,1.0,Nunca,0,25796,37357,69.05265412104826
q6,1.0,Nunca,1,11561,37357,30.947345878951737
q6,2.0,Rara vez,0,8295,11515,72.03647416413374
q6,2.0,Rara vez,1,3220,11515,27.96352583586626
q6,3.0,Algunas veces,0,3886,5205,74.65898174831892
q6,3.0,Algunas veces,1,1319,5205,25.341018251681074
q6,4.0,Casi siempre,0,474,723,65.56016597510373
q6,4.0,Casi siempre,1,249,723,34.439834024896264
q6,5.0,Siempre,0,211,300,70.33333333333333
q6,5.0,Siempre,1,89,300,29.666666666666668
q10,1.0,0 días,0,24477,34555,70.83490088265084
q10,1.0,0 días,1,10078,34555,29.165099117349154
q10,2.0,1 día,0,7556,10721,70.47850013991233
q10,2.0,1 día,1,3165,10721,29.52149986008768
q10,3.0,2 días,0,3328,4824,68.98839137645108
q10,3.0,2 días,1,1496,4824,31.011608623548923
q10,4.0,3 días,0,1464,2214,66.12466124661246
q10,4.0,3 días,1,750,2214,33.87533875338753
q10,5.0,4 días,0,625,965,64.76683937823834
q10,5.0,4 días,1,340,965,35.233160621761655
q10,6.0,5 días,0,379,564,67.19858156028369
q10,6.0,5 días,1,185,564,32.801418439716315
q10,7.0,6 días,0,181,261,69.34865900383141
q10,7.0,6 días,1,80,261,30.65134099616858
q10,8.0,7 días,0,846,1268,66.71924290220821
q10,8.0,7 días,1,422,1268,33.2807570977918
q50,1.0,0 días,0,13548,17757,76.29667173509038
q50,1.0,0 días,1,4209,17757,23.70332826490961
q50,2.0,1 día,0,3059,3801,80.47882136279927
q50,2.0,1 día,1,742,3801,19.521178637200737
q50,3.0,2 días,0,2535,3388,74.82290436835892
q50,3.0,2 días,1,853,3388,25.177095631641087
q50,4.0,3 días,0,1935,2744,70.51749271137027
q50,4.0,3 días,1,809,2744,29.482507288629737
q50,5.0,4 días,0,1613,2366,68.17413355874895
q50,5.0,4 días,1,753,2366,31.82586644125106
q50,6.0,5 días,0,4815,7496,64.2342582710779
q50,6.0,5 días,1,2681,7496,35.765741728922094
q50,7.0,6 días,0,676,1087,62.18951241950322
q50,7.0,6 días,1,411,1087,37.81048758049678
q50,8.0,7 días,0,10247,16143,63.47642941212909
q50,8.0,7 días,1,5896,16143,36.52357058787091
q51,1.0,0 días,0,4894,6254,78.2539174928046
q51,1.0,0 días,1,1360,6254,21.746082507195396
q51,2.0,1 día,0,6770,9008,75.15541740674955
q51,2.0,1 día,1,2238,9008,24.844582593250443
q51,3.0,2 días,0,13553,19232,70.47108985024958
q51,3.0,2 días,1,5679,19232,29.528910149750416
q51,4.0,3 días,0,1074,1568,68.49489795918367
q51,4.0,3 días,1,494,1568,31.505102040816325
q51,5.0,4 días,0,931,1345,69.21933085501858
q51,5.0,4 días,1,414,1345,30.780669144981413
q51,6.0,5 días o más,0,11134,17076,65.20262356523776
q51,6.0,5 días o más,1,5942,17076,34.79737643476224
