column,cardinality,missing_n,missing_pct,mode_category,mode_frequency,mode_pct_observed,observed_labels
q1,8,97,0.17461431837410668,14 años,12590,22.703502001659032,"[""14 años"", ""15 años"", ""16 años"", ""13 años"", ""17 años"", ""18 años o más"", ""12 años"", ""11 años o menos""]"
q2,2,491,0.8838724775431586,Femenino,28730,52.17944061024337,"[""Femenino"", ""Masculino""]"
q3,5,990,1.7821461359831505,2do año/11vo grado nivel Polimodal o 4to año nivel Secundario,12973,23.777056872124778,"[""2do año/11vo grado nivel Polimodal o 4to año nivel Secundario"", ""1er año/10mo grado nivel Polimodal o 3er año nivel Secundario"", ""9no grado nivel Primario/Polimodal o 2do año nivel Secundario"", ""3er año/12vo grado nivel Polimodal o 5to año nivel Secundario"", ""8vo grado nivel Primario/Polimodal  o 1er año nivel Secundario""]"
q6,5,451,0.8118665730589908,Nunca,37357,67.79854809437387,"[""Nunca"", ""Rara vez"", ""Algunas veces"", ""Casi siempre"", ""Siempre""]"
q10,8,179,0.32222642256665046,0 días,34555,62.405186736978976,"[""0 días"", ""1 día"", ""2 días"", ""3 días"", ""7 días"", ""4 días"", ""5 días"", ""6 días""]"
q15,8,190,0.3420280462997966,Ninguna,45921,82.94828489369773,"[""Ninguna"", ""1 vez"", ""2 o 3 veces"", ""12 o más veces"", ""4 o 5 veces"", ""6 o 7 veces"", ""8 o 9 veces"", ""10 u 11 veces""]"
q16,8,216,0.3888318842145056,Ninguna,42292,76.4290232221921,"[""Ninguna"", ""1 vez"", ""2 o 3 veces"", ""4 o 5 veces"", ""12 o más veces"", ""6 o 7 veces"", ""8 o 9 veces"", ""10 u 11 veces""]"
q17,8,5246,9.443574373098594,Ninguna,32800,65.20226617632441,"[""Ninguna"", ""1 vez"", ""2 o 3 veces"", ""4 o 5 veces"", ""6 o 7 veces"", ""12 o más veces"", ""8 o 9 veces"", ""10 u 11 veces""]"
q18,8,4046,7.2833972385735635,No tuve ninguna lesión seria o grave en los últimos 12 meses,37497,72.80264052033783,"[""No tuve ninguna lesión seria o grave en los últimos 12 meses"", ""Me sucedió otra cosa"", ""Tuve un hueso roto o una articulación dislocada"", ""Sufrí un golpe u otra lesión en la cabeza o el cuello, me desmayé o no podía respirar"", ""Recibí un corte, una punzada o puñalada"", ""Sufrí una quemadura grave"", ""Recibí una herida con arma de fuego"", ""Perdí todo o parte de un pie, pierna, mano o brazo""]"
q19,8,5015,9.027740274702525,No sufrí ninguna lesión seria o grave durante los últimos 12 meses,36154,71.54107962640494,"[""No sufrí ninguna lesión seria o grave durante los últimos 12 meses"", ""Otra cosa causó mi lesión"", ""Me caí"", ""Algo me cayó encima o me golpeó"", ""Tuve un accidente automovilístico o me atropelló un vehículo a motor"", ""Fui atacado, agredido, abusado o estaba peleando con alguien"", ""Inhalé o tragué algo que me hizo mal"", ""Estuve en un incendio o me acerqué demasiado a una llama o algo caliente""]"
q22,5,309,0.5562456121401955,Nunca,17427,31.54664928858477,"[""Nunca"", ""Algunas veces"", ""Rara vez"", ""Casi siempre"", ""Siempre""]"
q23,5,329,0.5922485643822794,Rara vez,16793,30.409981529100722,"[""Rara vez"", ""Nunca"", ""Algunas veces"", ""Casi siempre"", ""Siempre""]"
q24,2,1233,2.2195820057244693,No,42630,78.48227107036341,"[""No"", ""Si""]"
q25,2,660,1.1880974239887672,No,45394,82.69843872401668,"[""No"", ""Si""]"
q26,5,570,1.0260841388993898,0 veces,46696,84.93115803641258,"[""0 veces"", ""1 vez"", ""2 o 3 veces"", ""6 o más veces"", ""4 o 5 veces""]"
q27,4,935,1.68313801731742,3 o más,37867,69.33316244324007,"[""3 o más"", ""2"", ""1"", ""0""]"
q28,8,1027,1.8487515976310058,Nunca probé cigarrillos,32587,59.7663414276282,"[""Nunca probé cigarrillos"", ""12 o 13 años"", ""14 o 15 años"", ""10 u 11 años"", ""16 o 17 años"", ""8 o 9 años"", ""7 años de edad o menos"", ""18 años o más""]"
q29,7,537,0.9666792676999514,0 días,44135,80.22503362780382,"[""0 días"", ""1 o 2 días"", ""3 a 5 días"", ""Los 30 días"", ""10 a 19 días"", ""6 a 9 días"", ""20 a 29 días""]"
q30,7,523,0.9414772011304927,0 días,50593,91.94046667151268,"[""0 días"", ""1 o 2 días"", ""3 a 5 días"", ""6 a 9 días"", ""10 a 19 días"", ""Los 30 días"", ""20 a 29 días""]"
q31,4,1042,1.8757538118125687,Nunca fumé cigarrillos,36939,67.76679080518814,"[""Nunca fumé cigarrillos"", ""Sí"", ""No fumé cigarrillos durante los últimos 12 meses"", ""No""]"
q32,5,433,0.7794639160411154,0 días,18601,33.7475960666207,"[""0 días"", ""1 o 2 días"", ""Los 7 días"", ""3 o 4 días"", ""5 o 6 días""]"
q33,5,665,1.197098162049288,Ninguno,34936,63.6519330976934,"[""Ninguno"", ""Mi padre o mi cuidador"", ""Mi madre o mi cuidadora"", ""Ambos"", ""No sé""]"
q34,8,3385,6.093499666972692,12 o 13 años,14309,27.429743511099183,"[""12 o 13 años"", ""14 o 15 años"", ""Nunca tomé alcohol más que unos pocos sorbos"", ""10 o 11 años"", ""8 o 9 años"", ""7 años o menos"", ""16 o 17 años"", ""18 años o más""]"
q35,7,1893,3.4076794297132365,0 días,24320,45.32408960453241,"[""0 días"", ""1 o 2 días"", ""3 a 5 días"", ""6 a 9 días"", ""10 a 19 días"", ""20 a 29 días"", ""Los 30 días""]"
q36,7,1421,2.5580097568000575,No tomé alcohol durante los últimos 30 días,23486,43.3881396637724,"[""No tomé alcohol durante los últimos 30 días"", ""5 tragos o más"", ""Menos de un trago"", ""1 trago"", ""2 tragos"", ""3 tragos"", ""4 tragos""]"
q37,7,2070,3.7263055570556785,No tomé alcohol durante los últimos 30 días,24208,45.264673435425664,"[""No tomé alcohol durante los últimos 30 días"", ""Lo compré en un negocio, un mercado o en  la calle"", ""Lo conseguí de mis amigos"", ""Lo conseguí en mi casa"", ""Lo conseguí de otra manera"", ""Le di dinero a otra persona para que lo comprara por mi"", ""Lo robe""]"
q38,4,1568,2.8226314557793737,0 veces,33692,62.41224089065076,"[""0 veces"", ""1 o 2 veces"", ""3 a 9 veces"", ""10 o más veces""]"
q39,4,1194,2.149376248852406,0 veces,47219,86.8682966315286,"[""0 veces"", ""1 o 2 veces"", ""3 a 9 veces"", ""10 o más veces""]"
q40,8,2238,4.0287303558891825,Nunca usé Drogas,45204,84.7898261212087,"[""Nunca usé Drogas"", ""14 o 15 años"", ""12 o 13 años"", ""16 o 17 años"", ""10 o 11 años"", ""7 años o menos"", ""8 o 9 años"", ""18 años o más""]"
q41,5,1123,2.021565768393008,0 veces,47024,86.39670757698244,"[""0 veces"", ""1 o 2 veces"", ""20 veces o más"", ""3 a 9 veces"", ""10 a 19 veces""]"
q42,5,972,1.749743478965275,0 veces,49597,90.87194708587552,"[""0 veces"", ""1 o 2 veces"", ""3 a 9 veces"", ""20 veces o más"", ""10 a 19 veces""]"
q43,5,967,1.7407427409047542,0 veces,53184,97.43514583027994,"[""0 veces"", ""1 o 2 veces"", ""3 a 9 veces"", ""20 veces o más"", ""10 a 19 veces""]"
q44,2,2347,4.2249464456085395,No,30311,56.97128035486054,"[""No"", ""Si""]"
q45,8,2108,3.794711166315638,Nunca tuve relaciones sexuales,32910,61.57962689220291,"[""Nunca tuve relaciones sexuales"", ""14 años"", ""15 años"", ""13 años"", ""16 o 17 años"", ""12 años"", ""11 años o menos"", ""18 años o más""]"
q46,7,1387,2.496804737988515,Nunca tuve relaciones sexuales,33751,62.312606159072445,"[""Nunca tuve relaciones sexuales"", ""1 persona"", ""2 personas"", ""6 o más personas"", ""3 personas"", ""4 personas"", ""5 personas""]"
q47,3,1804,3.247466292235963,Nunca tuve relaciones sexuales,33316,61.9867155376114,"[""Nunca tuve relaciones sexuales"", ""Si"", ""No""]"
q48,4,1879,3.382477363143778,Nunca tuve relaciones sexuales,33262,61.97272320763154,"[""Nunca tuve relaciones sexuales"", ""Si"", ""No"", ""No sé""]"
q50,8,769,1.3843135137081242,0 días,17757,32.4139315833668,"[""0 días"", ""7 días"", ""5 días"", ""1 día"", ""2 días"", ""3 días"", ""4 días"", ""6 días""]"
q51,6,1068,1.9225576497272776,2 días,19232,35.29908411798176,"[""2 días"", ""5 días o más"", ""1 día"", ""0 días"", ""3 días"", ""4 días""]"
q52,6,773,1.3915141041565409,1 a 2 horas al día,14227,25.972105589835337,"[""1 a 2 horas al día"", ""3 a 4 horas al día"", ""Menos de 1 hora al día"", ""5 a 6 horas al día"", ""Más de 8 horas por día"", ""7 a 8 horas al día""]"
q53,5,990,1.7821461359831505,0 días,38317,70.22781840508789,"[""0 días"", ""1 o 2 días"", ""3 a 5 días"", ""10 días o más"", ""6 a 9 días""]"
q54,5,726,1.3069071663876437,Casi siempre,15692,28.621979024167807,"[""Casi siempre"", ""Algunas veces"", ""Rara vez"", ""Siempre"", ""Nunca""]"
q55,5,931,1.6759374268690033,Nunca,16978,31.083852068839253,"[""Nunca"", ""Rara vez"", ""Algunas veces"", ""Casi siempre"", ""Siempre""]"
q56,5,1494,2.6894205324836635,Siempre,12944,23.945094992322918,"[""Siempre"", ""Nunca"", ""Rara vez"", ""Casi siempre"", ""Algunas veces""]"
q57,5,1044,1.879354107036777,Siempre,17092,31.35744032876511,"[""Siempre"", ""Casi siempre"", ""Nunca"", ""Algunas veces"", ""Rara vez""]"
q58,5,1159,2.086371082428759,Nunca,26725,49.1340638329166,"[""Nunca"", ""Rara vez"", ""Algunas veces"", ""Casi siempre"", ""Siempre""]"
q59,7,1509,2.7164227466652267,Secundario completo,12681,23.4650827134451,"[""Secundario completo"", ""Secundario incompleto"", ""No sé"", ""Terciario/Universitario completo"", ""Primaria completa"", ""Primaria incompleta"", ""Terciario/Universitario incompleto""]"
q60,7,1385,2.4932044427643065,Secundario completo,13686,25.26677251412325,"[""Secundario completo"", ""Terciario/Universitario completo"", ""Secundario incompleto"", ""Primaria completa"", ""No sé"", ""Terciario/Universitario incompleto"", ""Primaria incompleta""]"
q61,7,317,0.570646793037029,1 a 3 veces durante los últimos 7 días,17223,31.181880725640003,"[""1 a 3 veces durante los últimos 7 días"", ""No comí frutas durante los últimos 7 días"", ""1 vez al día"", ""4 a 6 veces durante los últimos 7 días"", ""2 veces al día"", ""4 o más veces al día"", ""3 veces al día""]"
q62,7,448,0.8064661302226782,1 a 3 veces durante los últimos 7 días,14880,27.003974375260874,"[""1 a 3 veces durante los últimos 7 días"", ""4 a 6 veces durante los últimos 7 días"", ""1 vez al día"", ""2 veces al día"", ""No comí verduras ni hortalizas durante los últimos 7 días"", ""4 o más veces al día"", ""3 veces al día""]"
q63,7,334,0.6012493024428003,1 a 3 veces durante los últimos 7 días,18043,32.676530778564576,"[""1 a 3 veces durante los últimos 7 días"", ""No tomé gaseosas en los últimos 7 días"", ""4 a 6 veces durante los últimos 7 días"", ""1 vez al día"", ""4 o más veces al día"", ""2 veces al día"", ""3 veces al día""]"
q64,7,310,0.5580457597522996,1 a 3 veces durante los últimos 7 días,24162,43.73925164280154,"[""1 a 3 veces durante los últimos 7 días"", ""No comí comida salada o snacks en los últimos 7 días"", ""1 vez al día"", ""4 a 6 veces durante los últimos 7 días"", ""2 veces al día"", ""4 o más veces al día"", ""3 veces al día""]"
q65,7,484,0.8712714442584292,1 a 3 veces durante los últimos 7 días,25092,45.56631013129461,"[""1 a 3 veces durante los últimos 7 días"", ""No comí comida alta en grasa en los últimos 7 días"", ""4 a 6 veces durante los últimos 7 días"", ""1 vez al día"", ""2 veces al día"", ""4 o más veces al día"", ""3 veces al día""]"
q66,2,1132,2.037767096901946,No,42816,78.6784027637406,"[""No"", ""Si""]"
q67,2,426,0.766862882756386,No,43223,78.40907029478458,"[""No"", ""Si""]"
q68,2,489,0.8802721823189501,No,43173,78.40797646289637,"[""No"", ""Si""]"
q69,6,919,1.654335655523753,Rara vez,15923,29.145921804070873,"[""Rara vez"", ""Siempre"", ""Algunas veces"", ""La mayoría del tiempo"", ""No viajé en un auto u otro vehículo u otro vehículo a motor en los últimos 30 días""]"
q70,6,298,0.5364439884070494,0 veces,28997,52.48040830362152,"[""0 veces"", ""No viajé en un auto o vehículo manejado por otra persona en los últimos 30 días"", ""1 vez"", ""2 o 3 veces"", ""6 o más veces"", ""4 o 5 veces""]"
q71,6,1209,2.1763784630339686,No maneje una bicicleta en los últimos 30 días,28853,53.09521180670568,"[""No maneje una bicicleta en los últimos 30 días"", ""Rara vez"", ""Algunas veces"", ""Nunca"", ""La mayoría del tiempo"", ""Siempre""]"
q72,6,695,1.2511025904124138,No viaje en una moto en los últimos 30 días,25843,47.11061688785183,"[""No viaje en una moto en los últimos 30 días"", ""Nunca"", ""Siempre"", ""Rara vez"", ""Algunas veces"", ""La mayoría del tiempo""]"
q73,7,3822,6.880164173462224,Yo no tomo alcohol,18612,35.97981789711767,"[""Yo no tomo alcohol"", ""Fernet"", ""Cerveza"", ""Bebidas fuertes como vodka, ginebra, whisky"", ""Vino"", ""Gancia, Cinzano, Campari"", ""Otro tipo""]"
q74,5,3593,6.467930370290364,Con mis amigos,26800,51.58012240655914,"[""Con mis amigos"", ""No tomo alcohol"", ""Con mi familia"", ""Usualmente tomo solo/a"", ""Con gente que recién conocí""]"
q75,3,765,1.3771129232597072,No intenté comprar alcohol en los últimos 30 días,33652,61.42445150220859,"[""No intenté comprar alcohol en los últimos 30 días"", ""No, mi edad no impidió que me vendieran alcohol"", ""Sí, hubo alguien que se negó a venderme alcohol por mi edad""]"
q76,4,531,0.9558783820273262,Probablemente sí,24007,43.63322428207925,"[""Probablemente sí"", ""Definitivamente no"", ""Definitivamente sí"", ""Probablemente no""]"
q77,5,421,0.7578621446958651,Rara vez,16334,29.628151641574462,"[""Rara vez"", ""Algunas veces"", ""Nunca"", ""Casi todos los días"", ""Todos los días""]"
q78,5,334,0.6012493024428003,0 veces,53720,97.2888784251227,"[""0 veces"", ""1 o 2 veces"", ""3 a 9 veces"", ""20 veces o más"", ""10 a 19 veces""]"
q79,4,639,1.150294324134579,0 veces,53027,96.56723484848484,"[""0 veces"", ""1 vez"", ""No lo sé"", ""2 o más veces""]"
q80,5,1450,2.610214037551079,Nunca,27688,51.17835160163398,"[""Nunca"", ""Rara vez"", ""Algunas veces"", ""Casi siempre"", ""Siempre""]"
q81,5,1544,2.7794279130888735,Siempre,16266,30.118317995815357,"[""Siempre"", ""Algunas veces"", ""Casi siempre"", ""Rara vez"", ""Nunca""]"
qn6,2,451,0.8118665730589908,No,54077,98.14337568058076,"[""No"", ""Si""]"
qn10,2,179,0.32222642256665046,Si,34555,62.405186736978976,"[""Si"", ""No""]"
qn15,2,190,0.3420280462997966,No,45921,82.94828489369773,"[""No"", ""Si""]"
qn16,2,216,0.3888318842145056,No,42292,76.4290232221921,"[""No"", ""Si""]"
qn17,2,5246,9.443574373098594,No,32800,65.20226617632441,"[""No"", ""Si""]"
qn18,2,41543,74.78353224964447,No,10522,75.11422044545974,"[""No"", ""Si""]"
qn19,2,41169,74.1102770427175,No,13455,93.55444305381727,"[""No"", ""Si""]"
qn22,2,309,0.5562456121401955,No,45923,83.13058904456754,"[""No"", ""Si""]"
qn23,2,329,0.5922485643822794,No,48003,86.92731157871863,"[""No"", ""Si""]"
qn24,2,1233,2.2195820057244693,No,42630,78.48227107036341,"[""No"", ""Si""]"
qn25,2,660,1.1880974239887672,No,45394,82.69843872401668,"[""No"", ""Si""]"
qn26,2,570,1.0260841388993898,No,46696,84.93115803641258,"[""No"", ""Si""]"
qn27,2,935,1.68313801731742,No,51375,94.06584151164493,"[""No"", ""Si""]"
qn28,2,33614,60.51016183327033,Si,13289,60.57801887222501,"[""Si"", ""No""]"
qn29,2,537,0.9666792676999514,No,44135,80.22503362780382,"[""No"", ""Si""]"
qn30,2,523,0.9414772011304927,No,50593,91.94046667151268,"[""No"", ""Si""]"
qn31,2,44480,80.07056578639448,Si,7099,64.12248216059976,"[""Si"", ""No""]"
qn32,2,433,0.7794639160411154,Si,36517,66.2524039333793,"[""Si"", ""No""]"
qn33,2,665,1.197098162049288,No,36804,67.05535109135299,"[""No"", ""Si""]"
qn34,2,15701,28.264117657647926,Si,24989,62.707653701380174,"[""Si"", ""No""]"
qn35,2,1893,3.4076794297132365,Si,29338,54.67591039546759,"[""Si"", ""No""]"
qn36,2,24907,44.836276574679125,Si,20826,67.96110168385329,"[""Si"", ""No""]"
qn37,2,26278,47.30427895087397,No,21984,75.09992142930345,"[""No"", ""Si""]"
qn38,2,1568,2.8226314557793737,No,33692,62.41224089065076,"[""No"", ""Si""]"
qn39,2,1194,2.149376248852406,No,47219,86.8682966315286,"[""No"", ""Si""]"
qn41,2,1123,2.021565768393008,No,47024,86.39670757698244,"[""No"", ""Si""]"
qn42,2,972,1.749743478965275,No,49597,90.87194708587552,"[""No"", ""Si""]"
qn43,2,967,1.7407427409047542,No,53184,97.43514583027994,"[""No"", ""Si""]"
qn44,2,2347,4.2249464456085395,No,30311,56.97128035486054,"[""No"", ""Si""]"
qn45,2,35018,63.03756908066462,No,13770,67.062776993133,"[""No"", ""Si""]"
qn46,2,1387,2.496804737988515,No,41727,77.03825419097555,"[""No"", ""Si""]"
qn47,2,35120,63.22118413709924,Si,15772,77.19641720914296,"[""Si"", ""No""]"
qn48,2,35141,63.25898723695343,Si,12287,60.20088192062715,"[""Si"", ""No""]"
qn50,2,769,1.3843135137081242,No,37025,67.5860684166332,"[""No"", ""Si""]"
qn51,2,1068,1.9225576497272776,No,48229,88.52119009599325,"[""No"", ""Si""]"
qn52,2,773,1.3915141041565409,Si,29150,53.21479426046953,"[""Si"", ""No""]"
qn53,2,990,1.7821461359831505,No,38317,70.22781840508789,"[""No"", ""Si""]"
qn54,2,726,1.3069071663876437,No,29514,53.83310533515732,"[""No"", ""Si""]"
qn55,2,931,1.6759374268690033,No,38781,71.0014646649579,"[""No"", ""Si""]"
qn56,2,1494,2.6894205324836635,No,31626,58.50491148232421,"[""No"", ""Si""]"
qn57,2,1044,1.879354107036777,Si,29295,53.74539050030271,"[""Si"", ""No""]"
qn58,2,1159,2.086371082428759,Si,41164,75.68024709516105,"[""Si"", ""No""]"
qn59,2,1509,2.7164227466652267,No,30526,56.48569631027719,"[""No"", ""Si""]"
qn60,2,1385,2.4932044427643065,Si,28170,52.00679392977144,"[""Si"", ""No""]"
qn61,2,317,0.570646793037029,No,43699,79.11612412644385,"[""No"", ""Si""]"
qn62,2,448,0.8064661302226782,No,49322,89.50873818122426,"[""No"", ""Si""]"
qn63,2,334,0.6012493024428003,No,37507,67.92654436133799,"[""No"", ""Si""]"
qn64,2,310,0.5580457597522996,No,51009,92.33902355134774,"[""No"", ""Si""]"
qn65,2,484,0.8712714442584292,No,50485,91.6792271233225,"[""No"", ""Si""]"
qn66,2,1132,2.037767096901946,No,42816,78.6784027637406,"[""No"", ""Si""]"
qn67,2,426,0.766862882756386,No,43223,78.40907029478458,"[""No"", ""Si""]"
qn68,2,489,0.8802721823189501,No,43173,78.40797646289637,"[""No"", ""Si""]"
qn69,2,8927,16.069917733254126,Si,26557,56.95993479752917,"[""Si"", ""No""]"
qn70,2,13958,25.12646036975032,No,28997,69.71605799052725,"[""No"", ""Si""]"
qn71,2,30062,54.116037515076236,Si,22414,87.93597238024246,"[""Si"", ""No""]"
qn72,2,26538,47.77231733002106,No,14849,51.18050529073174,"[""No"", ""Si""]"
qn73,2,22434,40.384511529945456,No,25646,77.44058942537066,"[""No"", ""Si""]"
qn74,2,22042,39.67885366600061,Si,26800,79.97851323525023,"[""Si"", ""No""]"
qn75,2,34417,61.955680365789995,No,15430,73.01031513201477,"[""No"", ""Si""]"
qn76,2,531,0.9558783820273262,Si,33096,60.152671755725194,"[""Si"", ""No""]"
qn77,2,421,0.7578621446958651,No,42364,76.84382368946127,"[""No"", ""Si""]"
qn78,2,334,0.6012493024428003,No,53720,97.2888784251227,"[""No"", ""Si""]"
qn79,2,639,1.150294324134579,No,53483,97.39765442890443,"[""No"", ""Si""]"
qn80,2,1450,2.610214037551079,Si,38832,71.77686179553058,"[""Si"", ""No""]"
qn81,2,1544,2.7794279130888735,No,37458,69.35767585683337,"[""No"", ""Si""]"
qnunwtg,2,20209,36.37918309301363,No,34626,97.97408182898535,"[""No"", ""Si""]"
qnowtg,2,20209,36.37918309301363,No,24897,70.4459283571954,"[""No"", ""Si""]"
qnobeseg,2,20209,36.37918309301363,No,32737,92.62916643087544,"[""No"", ""Si""]"
qnff1g,2,179,0.32222642256665046,No,34555,62.405186736978976,"[""No"", ""Si""]"
qnff2g,2,179,0.32222642256665046,No,45276,81.7669580293289,"[""No"", ""Si""]"
qnff3g,2,179,0.32222642256665046,No,50100,90.47894242577476,"[""No"", ""Si""]"
qntob2g,2,593,1.0674875339777863,No,43267,78.72739182648569,"[""No"", ""Si""]"
qnnotb2g,2,907,1.6327338841785026,Si,43267,79.17978186077154,"[""Si"", ""No""]"
qnbcanyg,2,36097,64.97992835412504,Si,17700,90.98385936054282,"[""Si"", ""No""]"
qnc1g,2,36144,65.06453529189393,Si,12971,66.83670840418405,"[""Si"", ""No""]"
qnpe3g,2,1068,1.9225576497272776,No,34494,63.31149165794835,"[""No"", ""Si""]"
qnpe5g,2,1068,1.9225576497272776,No,37407,68.6581135400033,"[""No"", ""Si""]"
