column,layer,role,paired_text_column,pandas_dtype,statistical_type,n_unique,missing_n,missing_pct,observed_labels,type_confidence,type_basis,model_candidate,notes
sitio,metadata,constant,,object,constant,1,0,0.0,"[""AG""]",ALTA,un único valor observado,False,
record,metadata,identifier,,int64,identifier,55551,0,0.0,min=1; max=57095; n_unique=55551,ALTA,cardinalidad igual al número de filas del universo B2,False,
q1,q_response,categorical_feature_candidate,texto_q1,float64,ordinal_categorical,8,97,0.17461431837410668,"[""11 años o menos"", ""12 años"", ""13 años"", ""14 años"", ""15 años"", ""16 años"", ""17 años"", ""18 años o más""]",ALTA,"todas las etiquetas expresan cantidades, rangos o frecuencia cero",True,
texto_q1,response_text,interpretation_only,,object,interpretation_text,8,97,0.17461431837410668,"[""13 años"", ""14 años"", ""16 años"", ""12 años"", ""15 años"", ""11 años o menos"", ""17 años"", ""18 años o más""]",ALTA,etiqueta textual redundante del código emparejado,False,no usar simultáneamente como feature junto con su código
q2,q_response,categorical_feature_candidate,texto_q2,float64,binary_categorical,2,491,0.8838724775431586,"[""Masculino"", ""Femenino""]",ALTA,dos categorías observadas con etiquetas inequívocas,True,
texto_q2,response_text,interpretation_only,,object,interpretation_text,3,0,0.0,"[""Femenino"", ""Masculino"", ""Dato perdido""]",ALTA,etiqueta textual redundante del código emparejado,False,no usar simultáneamente como feature junto con su código
q3,q_response,categorical_feature_candidate,texto_q3,float64,ordinal_categorical,5,990,1.7821461359831505,"[""8vo grado nivel Primario/Polimodal  o 1er año nivel Secundario"", ""9no grado nivel Primario/Polimodal o 2do año nivel Secundario"", ""1er año/10mo grado nivel Polimodal o 3er año nivel Secundario"", ""2do año/11vo grado nivel Polimodal o 4to año nivel Secundario"", ""3er año/12vo grado nivel Polimodal o 5to año nivel Secundario""]",ALTA,"todas las etiquetas expresan cantidades, rangos o frecuencia cero",True,
texto_q3,response_text,interpretation_only,,object,interpretation_text,6,0,0.0,"[""9no grado nivel Primario/Polimodal o 2do año nivel Secundario"", ""2do año/11vo grado nivel Polimodal o 4to año nivel Secundario"", ""Dato perdido"", ""1er año/10mo grado nivel Polimodal o 3er año nivel Secundario"", ""3er año/12vo grado nivel Polimodal o 5to año nivel Secundario"", ""8vo grado nivel Primario/Polimodal  o 1er año nivel Secundario""]",ALTA,etiqueta textual redundante del código emparejado,False,no usar simultáneamente como feature junto con su código
q4,q_response,continuous_feature,,float64,continuous,79,20209,36.37918309301363,min=1.2; max=2.03; n_unique=79,ALTA,semántica confirmada en contrato B0 y dominio numérico continuo,True,altura en metros; PATRON_A_REVISAR_EN_B3: faltantes conjuntos q4/q5
q5,q_response,continuous_feature,,float64,continuous,150,20209,36.37918309301363,min=27; max=187; n_unique=150,ALTA,semántica confirmada en contrato B0 y dominio numérico continuo,True,peso en kg; PATRON_A_REVISAR_EN_B3: faltantes conjuntos q4/q5
q6,q_response,categorical_feature_candidate,texto_q6,float64,ordinal_categorical,5,451,0.8118665730589908,"[""Nunca"", ""Rara vez"", ""Algunas veces"", ""Casi siempre"", ""Siempre""]",ALTA,todas las etiquetas pertenecen a una escala de frecuencia ordenada,True,
texto_q6,response_text,interpretation_only,,object,interpretation_text,6,0,0.0,"[""Rara vez"", ""Nunca"", ""Algunas veces"", ""Casi siempre"", ""Siempre"", ""Dato perdido""]",ALTA,etiqueta textual redundante del código emparejado,False,no usar simultáneamente como feature junto con su código
q10,q_response,categorical_feature_candidate,texto_q10,float64,ordinal_categorical,8,179,0.32222642256665046,"[""0 días"", ""1 día"", ""2 días"", ""3 días"", ""4 días"", ""5 días"", ""6 días"", ""7 días""]",ALTA,"todas las etiquetas expresan cantidades, rangos o frecuencia cero",True,
texto_q10,response_text,interpretation_only,,object,interpretation_text,9,0,0.0,"[""0 días"", ""3 días"", ""2 días"", ""5 días"", ""4 días"", ""1 día"", ""Dato perdido"", ""6 días"", ""7 días""]",ALTA,etiqueta textual redundante del código emparejado,False,no usar simultáneamente como feature junto con su código
q15,q_response,categorical_feature_candidate,texto_q15,float64,ordinal_categorical,8,190,0.3420280462997966,"[""Ninguna"", ""1 vez"", ""2 o 3 veces"", ""4 o 5 veces"", ""6 o 7 veces"", ""8 o 9 veces"", ""10 u 11 veces"", ""12 o más veces""]",ALTA,"todas las etiquetas expresan cantidades, rangos o frecuencia cero",True,
texto_q15,response_text,interpretation_only,,object,interpretation_text,9,0,0.0,"[""Ninguna"", ""1 vez"", ""12 o más veces"", ""2 o 3 veces"", ""4 o 5 veces"", ""8 o 9 veces"", ""10 u 11 veces"", ""6 o 7 veces"", ""Dato perdido""]",ALTA,etiqueta textual redundante del código emparejado,False,no usar simultáneamente como feature junto con su código
q16,q_response,categorical_feature_candidate,texto_q16,float64,ordinal_categorical,8,216,0.3888318842145056,"[""Ninguna"", ""1 vez"", ""2 o 3 veces"", ""4 o 5 veces"", ""6 o 7 veces"", ""8 o 9 veces"", ""10 u 11 veces"", ""12 o más veces""]",ALTA,"todas las etiquetas expresan cantidades, rangos o frecuencia cero",True,
texto_q16,response_text,interpretation_only,,object,interpretation_text,9,0,0.0,"[""Ninguna"", ""2 o 3 veces"", ""1 vez"", ""4 o 5 veces"", ""8 o 9 veces"", ""Dato perdido"", ""12 o más veces"", ""10 u 11 veces"", ""6 o 7 veces""]",ALTA,etiqueta textual redundante del código emparejado,False,no usar simultáneamente como feature junto con su código
q17,q_response,categorical_feature_candidate,texto_q17,float64,ordinal_categorical,8,5246,9.443574373098594,"[""Ninguna"", ""1 vez"", ""2 o 3 veces"", ""4 o 5 veces"", ""6 o 7 veces"", ""8 o 9 veces"", ""10 u 11 veces"", ""12 o más veces""]",ALTA,"todas las etiquetas expresan cantidades, rangos o frecuencia cero",True,
texto_q17,response_text,interpretation_only,,object,interpretation_text,9,0,0.0,"[""Ninguna"", ""2 o 3 veces"", ""Dato perdido"", ""1 vez"", ""4 o 5 veces"", ""10 u 11 veces"", ""8 o 9 veces"", ""12 o más veces"", ""6 o 7 veces""]",ALTA,etiqueta textual redundante del código emparejado,False,no usar simultáneamente como feature junto con su código
q18,q_response,categorical_feature_candidate,texto_q18,float64,nominal_categorical,8,4046,7.2833972385735635,"[""No tuve ninguna lesión seria o grave en los últimos 12 meses"", ""Tuve un hueso roto o una articulación dislocada"", ""Recibí un corte, una punzada o puñalada"", ""Sufrí un golpe u otra lesión en la cabeza o el cuello, me desmayé o no podía respirar"", ""Recibí una herida con arma de fuego"", ""Sufrí una quemadura grave"", ""Perdí todo o parte de un pie, pierna, mano o brazo"", ""Me sucedió otra cosa""]",MEDIA,etiquetas disponibles sin orden intrínseco defendible,True,
texto_q18,response_text,interpretation_only,,object,interpretation_text,9,0,0.0,"[""No tuve ninguna lesión seria o grave en los últimos 12 meses"", ""Tuve un hueso roto o una articulación dislocada"", ""Dato perdido"", ""Me sucedió otra cosa"", ""Sufrí un golpe u otra lesión en la cabeza o el cuello, me desmayé o no podía respirar"", ""Recibí un corte, una punzada o puñalada"", ""Sufrí una quemadura grave"", ""Recibí una herida con arma de fuego"", ""Perdí todo o parte de un pie, pierna, mano o brazo""]",ALTA,etiqueta textual redundante del código emparejado,False,no usar simultáneamente como feature junto con su código
q19,q_response,categorical_feature_candidate,texto_q19,float64,nominal_categorical,8,5015,9.027740274702525,"[""No sufrí ninguna lesión seria o grave durante los últimos 12 meses"", ""Tuve un accidente automovilístico o me atropelló un vehículo a motor"", ""Me caí"", ""Algo me cayó encima o me golpeó"", ""Fui atacado, agredido, abusado o estaba peleando con alguien"", ""Estuve en un incendio o me acerqué demasiado a una llama o algo caliente"", ""Inhalé o tragué algo que me hizo mal"", ""Otra cosa causó mi lesión""]",MEDIA,etiquetas disponibles sin orden intrínseco defendible,True,
texto_q19,response_text,interpretation_only,,object,interpretation_text,9,0,0.0,"[""Dato perdido"", ""No sufrí ninguna lesión seria o grave durante los últimos 12 meses"", ""Otra cosa causó mi lesión"", ""Me caí"", ""Algo me cayó encima o me golpeó"", ""Inhalé o tragué algo que me hizo mal"", ""Fui atacado, agredido, abusado o estaba peleando con alguien"", ""Tuve un accidente automovilístico o me atropelló un vehículo a motor"", ""Estuve en un incendio o me acerqué demasiado a una llama o algo caliente""]",ALTA,etiqueta textual redundante del código emparejado,False,no usar simultáneamente como feature junto con su código
q22,q_response,categorical_feature_candidate,texto_q22,float64,ordinal_categorical,5,309,0.5562456121401955,"[""Nunca"", ""Rara vez"", ""Algunas veces"", ""Casi siempre"", ""Siempre""]",ALTA,todas las etiquetas pertenecen a una escala de frecuencia ordenada,True,
texto_q22,response_text,interpretation_only,,object,interpretation_text,6,0,0.0,"[""Siempre"", ""Nunca"", ""Rara vez"", ""Algunas veces"", ""Casi siempre"", ""Dato perdido""]",ALTA,etiqueta textual redundante del código emparejado,False,no usar simultáneamente como feature junto con su código
q23,q_response,categorical_feature_candidate,texto_q23,float64,ordinal_categorical,5,329,0.5922485643822794,"[""Nunca"", ""Rara vez"", ""Algunas veces"", ""Casi siempre"", ""Siempre""]",ALTA,todas las etiquetas pertenecen a una escala de frecuencia ordenada,True,
texto_q23,response_text,interpretation_only,,object,interpretation_text,6,0,0.0,"[""Siempre"", ""Nunca"", ""Rara vez"", ""Algunas veces"", ""Casi siempre"", ""Dato perdido""]",ALTA,etiqueta textual redundante del código emparejado,False,no usar simultáneamente como feature junto con su código
q24,q_response,categorical_feature_candidate,texto_q24,float64,binary_categorical,2,1233,2.2195820057244693,"[""Si"", ""No""]",ALTA,dos categorías observadas con etiquetas inequívocas,True,
texto_q24,response_text,interpretation_only,,object,interpretation_text,3,0,0.0,"[""Si"", ""No"", ""Dato perdido""]",ALTA,etiqueta textual redundante del código emparejado,False,no usar simultáneamente como feature junto con su código
q25,q_response,categorical_feature_candidate,texto_q25,float64,binary_categorical,2,660,1.1880974239887672,"[""Si"", ""No""]",ALTA,dos categorías observadas con etiquetas inequívocas,True,
texto_q25,response_text,interpretation_only,,object,interpretation_text,3,0,0.0,"[""No"", ""Si"", ""Dato perdido""]",ALTA,etiqueta textual redundante del código emparejado,False,no usar simultáneamente como feature junto con su código
q26,q_response,categorical_feature_candidate,texto_q26,float64,ordinal_categorical,5,570,1.0260841388993898,"[""0 veces"", ""1 vez"", ""2 o 3 veces"", ""4 o 5 veces"", ""6 o más veces""]",ALTA,"todas las etiquetas expresan cantidades, rangos o frecuencia cero",True,
texto_q26,response_text,interpretation_only,,object,interpretation_text,6,0,0.0,"[""0 veces"", ""1 vez"", ""6 o más veces"", ""2 o 3 veces"", ""Dato perdido"", ""4 o 5 veces""]",ALTA,etiqueta textual redundante del código emparejado,False,no usar simultáneamente como feature junto con su código
q27,q_response,categorical_feature_candidate,texto_q27,float64,ordinal_categorical,4,935,1.68313801731742,"[""0"", ""1"", ""2"", ""3 o más""]",ALTA,"todas las etiquetas expresan cantidades, rangos o frecuencia cero",True,
texto_q27,response_text,interpretation_only,,object,interpretation_text,5,0,0.0,"[""2"", ""3 o más"", ""0"", ""Dato perdido"", ""1""]",ALTA,etiqueta textual redundante del código emparejado,False,no usar simultáneamente como feature junto con su código
q28,q_response,categorical_feature_candidate,texto_q28,float64,unknown_categorical,8,1027,1.8487515976310058,"[""Nunca probé cigarrillos"", ""7 años de edad o menos"", ""8 o 9 años"", ""10 u 11 años"", ""12 o 13 años"", ""14 o 15 años"", ""16 o 17 años"", ""18 años o más""]",A_CONFIRMAR,mezcla rangos ordenables con categorías fuera de la escala,True,A_CONFIRMAR antes del encoding
texto_q28,response_text,interpretation_only,,object,interpretation_text,9,0,0.0,"[""7 años de edad o menos"", ""Nunca probé cigarrillos"", ""Dato perdido"", ""8 o 9 años"", ""14 o 15 años"", ""12 o 13 años"", ""10 u 11 años"", ""16 o 17 años"", ""18 años o más""]",ALTA,etiqueta textual redundante del código emparejado,False,no usar simultáneamente como feature junto con su código
q29,q_response,categorical_feature_candidate,texto_q29,float64,ordinal_categorical,7,537,0.9666792676999514,"[""0 días"", ""1 o 2 días"", ""3 a 5 días"", ""6 a 9 días"", ""10 a 19 días"", ""20 a 29 días"", ""Los 30 días""]",ALTA,"todas las etiquetas expresan cantidades, rangos o frecuencia cero",True,
texto_q29,response_text,interpretation_only,,object,interpretation_text,8,0,0.0,"[""Los 30 días"", ""0 días"", ""Dato perdido"", ""3 a 5 días"", ""1 o 2 días"", ""6 a 9 días"", ""10 a 19 días"", ""20 a 29 días""]",ALTA,etiqueta textual redundante del código emparejado,False,no usar simultáneamente como feature junto con su código
q30,q_response,categorical_feature_candidate,texto_q30,float64,ordinal_categorical,7,523,0.9414772011304927,"[""0 días"", ""1 o 2 días"", ""3 a 5 días"", ""6 a 9 días"", ""10 a 19 días"", ""20 a 29 días"", ""Los 30 días""]",ALTA,"todas las etiquetas expresan cantidades, rangos o frecuencia cero",True,
texto_q30,response_text,interpretation_only,,object,interpretation_text,8,0,0.0,"[""Dato perdido"", ""0 días"", ""1 o 2 días"", ""3 a 5 días"", ""6 a 9 días"", ""20 a 29 días"", ""10 a 19 días"", ""Los 30 días""]",ALTA,etiqueta textual redundante del código emparejado,False,no usar simultáneamente como feature junto con su código
q31,q_response,categorical_feature_candidate,texto_q31,float64,nominal_categorical,4,1042,1.8757538118125687,"[""Nunca fumé cigarrillos"", ""No fumé cigarrillos durante los últimos 12 meses"", ""Sí"", ""No""]",MEDIA,etiquetas disponibles sin orden intrínseco defendible,True,
texto_q31,response_text,interpretation_only,,object,interpretation_text,5,0,0.0,"[""No"", ""Nunca fumé cigarrillos"", ""Sí"", ""Dato perdido"", ""No fumé cigarrillos durante los últimos 12 meses""]",ALTA,etiqueta textual redundante del código emparejado,False,no usar simultáneamente como feature junto con su código
q32,q_response,categorical_feature_candidate,texto_q32,float64,ordinal_categorical,5,433,0.7794639160411154,"[""0 días"", ""1 o 2 días"", ""3 o 4 días"", ""5 o 6 días"", ""Los 7 días""]",ALTA,"todas las etiquetas expresan cantidades, rangos o frecuencia cero",True,
texto_q32,response_text,interpretation_only,,object,interpretation_text,6,0,0.0,"[""Los 7 días"", ""1 o 2 días"", ""0 días"", ""Dato perdido"", ""3 o 4 días"", ""5 o 6 días""]",ALTA,etiqueta textual redundante del código emparejado,False,no usar simultáneamente como feature junto con su código
q33,q_response,categorical_feature_candidate,texto_q33,float64,nominal_categorical,5,665,1.197098162049288,"[""Ninguno"", ""Mi padre o mi cuidador"", ""Mi madre o mi cuidadora"", ""Ambos"", ""No sé""]",MEDIA,etiquetas disponibles sin orden intrínseco defendible,True,
texto_q33,response_text,interpretation_only,,object,interpretation_text,6,0,0.0,"[""Mi padre o mi cuidador"", ""Ninguno"", ""No sé"", ""Ambos"", ""Mi madre o mi cuidadora"", ""Dato perdido""]",ALTA,etiqueta textual redundante del código emparejado,False,no usar simultáneamente como feature junto con su código
q34,q_response,categorical_feature_candidate,texto_q34,float64,unknown_categorical,8,3385,6.093499666972692,"[""Nunca tomé alcohol más que unos pocos sorbos"", ""7 años o menos"", ""8 o 9 años"", ""10 o 11 años"", ""12 o 13 años"", ""14 o 15 años"", ""16 o 17 años"", ""18 años o más""]",A_CONFIRMAR,mezcla rangos ordenables con categorías fuera de la escala,True,A_CONFIRMAR antes del encoding
texto_q34,response_text,interpretation_only,,object,interpretation_text,9,0,0.0,"[""7 años o menos"", ""Nunca tomé alcohol más que unos pocos sorbos"", ""14 o 15 años"", ""12 o 13 años"", ""Dato perdido"", ""8 o 9 años"", ""10 o 11 años"", ""16 o 17 años"", ""18 años o más""]",ALTA,etiqueta textual redundante del código emparejado,False,no usar simultáneamente como feature junto con su código
q35,q_response,categorical_feature_candidate,texto_q35,float64,ordinal_categorical,7,1893,3.4076794297132365,"[""0 días"", ""1 o 2 días"", ""3 a 5 días"", ""6 a 9 días"", ""10 a 19 días"", ""20 a 29 días"", ""Los 30 días""]",ALTA,"todas las etiquetas expresan cantidades, rangos o frecuencia cero",True,
texto_q35,response_text,interpretation_only,,object,interpretation_text,8,0,0.0,"[""Los 30 días"", ""0 días"", ""1 o 2 días"", ""20 a 29 días"", ""10 a 19 días"", ""3 a 5 días"", ""6 a 9 días"", ""Dato perdido""]",ALTA,etiqueta textual redundante del código emparejado,False,no usar simultáneamente como feature junto con su código
q36,q_response,categorical_feature_candidate,texto_q36,float64,ordinal_categorical,7,1421,2.5580097568000575,"[""No tomé alcohol durante los últimos 30 días"", ""Menos de un trago"", ""1 trago"", ""2 tragos"", ""3 tragos"", ""4 tragos"", ""5 tragos o más""]",ALTA,"todas las etiquetas expresan cantidades, rangos o frecuencia cero",True,
texto_q36,response_text,interpretation_only,,object,interpretation_text,8,0,0.0,"[""5 tragos o más"", ""No tomé alcohol durante los últimos 30 días"", ""2 tragos"", ""1 trago"", ""4 tragos"", ""3 tragos"", ""Menos de un trago"", ""Dato perdido""]",ALTA,etiqueta textual redundante del código emparejado,False,no usar simultáneamente como feature junto con su código
q37,q_response,categorical_feature_candidate,texto_q37,float64,nominal_categorical,7,2070,3.7263055570556785,"[""No tomé alcohol durante los últimos 30 días"", ""Lo compré en un negocio, un mercado o en  la calle"", ""Le di dinero a otra persona para que lo comprara por mi"", ""Lo conseguí de mis amigos"", ""Lo conseguí en mi casa"", ""Lo robe"", ""Lo conseguí de otra manera""]",MEDIA,etiquetas disponibles sin orden intrínseco defendible,True,
texto_q37,response_text,interpretation_only,,object,interpretation_text,8,0,0.0,"[""Le di dinero a otra persona para que lo comprara por mi"", ""No tomé alcohol durante los últimos 30 días"", ""Lo conseguí de otra manera"", ""Lo compré en un negocio, un mercado o en  la calle"", ""Dato perdido"", ""Lo conseguí de mis amigos"", ""Lo conseguí en mi casa"", ""Lo robe""]",ALTA,etiqueta textual redundante del código emparejado,False,no usar simultáneamente como feature junto con su código
q38,q_response,categorical_feature_candidate,texto_q38,float64,ordinal_categorical,4,1568,2.8226314557793737,"[""0 veces"", ""1 o 2 veces"", ""3 a 9 veces"", ""10 o más veces""]",ALTA,"todas las etiquetas expresan cantidades, rangos o frecuencia cero",True,
texto_q38,response_text,interpretation_only,,object,interpretation_text,5,0,0.0,"[""0 veces"", ""1 o 2 veces"", ""3 a 9 veces"", ""Dato perdido"", ""10 o más veces""]",ALTA,etiqueta textual redundante del código emparejado,False,no usar simultáneamente como feature junto con su código
q39,q_response,categorical_feature_candidate,texto_q39,float64,ordinal_categorical,4,1194,2.149376248852406,"[""0 veces"", ""1 o 2 veces"", ""3 a 9 veces"", ""10 o más veces""]",ALTA,"todas las etiquetas expresan cantidades, rangos o frecuencia cero",True,
texto_q39,response_text,interpretation_only,,object,interpretation_text,5,0,0.0,"[""10 o más veces"", ""0 veces"", ""1 o 2 veces"", ""Dato perdido"", ""3 a 9 veces""]",ALTA,etiqueta textual redundante del código emparejado,False,no usar simultáneamente como feature junto con su código
q40,q_response,categorical_feature_candidate,texto_q40,float64,unknown_categorical,8,2238,4.0287303558891825,"[""Nunca usé Drogas"", ""7 años o menos"", ""8 o 9 años"", ""10 o 11 años"", ""12 o 13 años"", ""14 o 15 años"", ""16 o 17 años"", ""18 años o más""]",A_CONFIRMAR,mezcla rangos ordenables con categorías fuera de la escala,True,A_CONFIRMAR antes del encoding
texto_q40,response_text,interpretation_only,,object,interpretation_text,9,0,0.0,"[""Nunca usé Drogas"", ""Dato perdido"", ""14 o 15 años"", ""12 o 13 años"", ""16 o 17 años"", ""7 años o menos"", ""8 o 9 años"", ""10 o 11 años"", ""18 años o más""]",ALTA,etiqueta textual redundante del código emparejado,False,no usar simultáneamente como feature junto con su código
q41,q_response,categorical_feature_candidate,texto_q41,float64,ordinal_categorical,5,1123,2.021565768393008,"[""0 veces"", ""1 o 2 veces"", ""3 a 9 veces"", ""10 a 19 veces"", ""20 veces o más""]",ALTA,"todas las etiquetas expresan cantidades, rangos o frecuencia cero",True,
texto_q41,response_text,interpretation_only,,object,interpretation_text,6,0,0.0,"[""0 veces"", ""3 a 9 veces"", ""1 o 2 veces"", ""20 veces o más"", ""10 a 19 veces"", ""Dato perdido""]",ALTA,etiqueta textual redundante del código emparejado,False,no usar simultáneamente como feature junto con su código
q42,q_response,categorical_feature_candidate,texto_q42,float64,ordinal_categorical,5,972,1.749743478965275,"[""0 veces"", ""1 o 2 veces"", ""3 a 9 veces"", ""10 a 19 veces"", ""20 veces o más""]",ALTA,"todas las etiquetas expresan cantidades, rangos o frecuencia cero",True,
texto_q42,response_text,interpretation_only,,object,interpretation_text,6,0,0.0,"[""0 veces"", ""Dato perdido"", ""3 a 9 veces"", ""10 a 19 veces"", ""1 o 2 veces"", ""20 veces o más""]",ALTA,etiqueta textual redundante del código emparejado,False,no usar simultáneamente como feature junto con su código
q43,q_response,categorical_feature_candidate,texto_q43,float64,ordinal_categorical,5,967,1.7407427409047542,"[""0 veces"", ""1 o 2 veces"", ""3 a 9 veces"", ""10 a 19 veces"", ""20 veces o más""]",ALTA,"todas las etiquetas expresan cantidades, rangos o frecuencia cero",True,
texto_q43,response_text,interpretation_only,,object,interpretation_text,6,0,0.0,"[""0 veces"", ""Dato perdido"", ""1 o 2 veces"", ""20 veces o más"", ""10 a 19 veces"", ""3 a 9 veces""]",ALTA,etiqueta textual redundante del código emparejado,False,no usar simultáneamente como feature junto con su código
q44,q_response,categorical_feature_candidate,texto_q44,float64,binary_categorical,2,2347,4.2249464456085395,"[""Si"", ""No""]",ALTA,dos categorías observadas con etiquetas inequívocas,True,
texto_q44,response_text,interpretation_only,,object,interpretation_text,3,0,0.0,"[""Si"", ""Dato perdido"", ""No""]",ALTA,etiqueta textual redundante del código emparejado,False,no usar simultáneamente como feature junto con su código
q45,q_response,categorical_feature_candidate,texto_q45,float64,unknown_categorical,8,2108,3.794711166315638,"[""Nunca tuve relaciones sexuales"", ""11 años o menos"", ""12 años"", ""13 años"", ""14 años"", ""15 años"", ""16 o 17 años"", ""18 años o más""]",A_CONFIRMAR,mezcla rangos ordenables con categorías fuera de la escala,True,A_CONFIRMAR antes del encoding
texto_q45,response_text,interpretation_only,,object,interpretation_text,9,0,0.0,"[""11 años o menos"", ""Dato perdido"", ""Nunca tuve relaciones sexuales"", ""14 años"", ""13 años"", ""12 años"", ""15 años"", ""16 o 17 años"", ""18 años o más""]",ALTA,etiqueta textual redundante del código emparejado,False,no usar simultáneamente como feature junto con su código
q46,q_response,categorical_feature_candidate,texto_q46,float64,ordinal_categorical,7,1387,2.496804737988515,"[""Nunca tuve relaciones sexuales"", ""1 persona"", ""2 personas"", ""3 personas"", ""4 personas"", ""5 personas"", ""6 o más personas""]",ALTA,"todas las etiquetas expresan cantidades, rangos o frecuencia cero",True,
texto_q46,response_text,interpretation_only,,object,interpretation_text,8,0,0.0,"[""6 o más personas"", ""Nunca tuve relaciones sexuales"", ""1 persona"", ""Dato perdido"", ""3 personas"", ""2 personas"", ""4 personas"", ""5 personas""]",ALTA,etiqueta textual redundante del código emparejado,False,no usar simultáneamente como feature junto con su código
q47,q_response,categorical_feature_candidate,texto_q47,float64,nominal_categorical,3,1804,3.247466292235963,"[""Nunca tuve relaciones sexuales"", ""Si"", ""No""]",MEDIA,etiquetas disponibles sin orden intrínseco defendible,True,
texto_q47,response_text,interpretation_only,,object,interpretation_text,4,0,0.0,"[""No"", ""Nunca tuve relaciones sexuales"", ""Si"", ""Dato perdido""]",ALTA,etiqueta textual redundante del código emparejado,False,no usar simultáneamente como feature junto con su código
q48,q_response,categorical_feature_candidate,texto_q48,float64,nominal_categorical,4,1879,3.382477363143778,"[""Nunca tuve relaciones sexuales"", ""Si"", ""No"", ""No sé""]",MEDIA,etiquetas disponibles sin orden intrínseco defendible,True,
texto_q48,response_text,interpretation_only,,object,interpretation_text,5,0,0.0,"[""No sé"", ""Nunca tuve relaciones sexuales"", ""Si"", ""Dato perdido"", ""No""]",ALTA,etiqueta textual redundante del código emparejado,False,no usar simultáneamente como feature junto con su código
q49,q_response,target_source,texto_q49,float64,ordinal_categorical,8,0,0.0,"[""0 días"", ""1 día"", ""2 días"", ""3 días"", ""4 días"", ""5 días"", ""6 días"", ""7 días""]",ALTA,"todas las etiquetas expresan cantidades, rangos o frecuencia cero",False,fuente directa de target_pa_oms5; excluir de X
texto_q49,response_text,hard_leakage,,object,interpretation_text,8,0,0.0,"[""7 días"", ""5 días"", ""6 días"", ""4 días"", ""2 días"", ""3 días"", ""1 día"", ""0 días""]",ALTA,etiqueta textual redundante del código emparejado,False,no usar simultáneamente como feature junto con su código
q50,q_response,categorical_feature_candidate,texto_q50,float64,ordinal_categorical,8,769,1.3843135137081242,"[""0 días"", ""1 día"", ""2 días"", ""3 días"", ""4 días"", ""5 días"", ""6 días"", ""7 días""]",ALTA,"todas las etiquetas expresan cantidades, rangos o frecuencia cero",True,MISMO_DOMINIO_NO_LEAKAGE_DURO — pendiente de decisión final de features
texto_q50,response_text,interpretation_only,,object,interpretation_text,9,0,0.0,"[""7 días"", ""2 días"", ""5 días"", ""0 días"", ""3 días"", ""1 día"", ""4 días"", ""Dato perdido"", ""6 días""]",ALTA,etiqueta textual redundante del código emparejado,False,no usar simultáneamente como feature junto con su código
q51,q_response,categorical_feature_candidate,texto_q51,float64,ordinal_categorical,6,1068,1.9225576497272776,"[""0 días"", ""1 día"", ""2 días"", ""3 días"", ""4 días"", ""5 días o más""]",ALTA,"todas las etiquetas expresan cantidades, rangos o frecuencia cero",True,MISMO_DOMINIO_NO_LEAKAGE_DURO — pendiente de decisión final de features
texto_q51,response_text,interpretation_only,,object,interpretation_text,7,0,0.0,"[""2 días"", ""0 días"", ""5 días o más"", ""4 días"", ""Dato perdido"", ""3 días"", ""1 día""]",ALTA,etiqueta textual redundante del código emparejado,False,no usar simultáneamente como feature junto con su código
q52,q_response,categorical_feature_candidate,texto_q52,float64,ordinal_categorical,6,773,1.3915141041565409,"[""Menos de 1 hora al día"", ""1 a 2 horas al día"", ""3 a 4 horas al día"", ""5 a 6 horas al día"", ""7 a 8 horas al día"", ""Más de 8 horas por día""]",ALTA,"todas las etiquetas expresan cantidades, rangos o frecuencia cero",True,
texto_q52,response_text,interpretation_only,,object,interpretation_text,7,0,0.0,"[""Más de 8 horas por día"", ""1 a 2 horas al día"", ""3 a 4 horas al día"", ""Menos de 1 hora al día"", ""5 a 6 horas al día"", ""Dato perdido"", ""7 a 8 horas al día""]",ALTA,etiqueta textual redundante del código emparejado,False,no usar simultáneamente como feature junto con su código
q53,q_response,categorical_feature_candidate,texto_q53,float64,ordinal_categorical,5,990,1.7821461359831505,"[""0 días"", ""1 o 2 días"", ""3 a 5 días"", ""6 a 9 días"", ""10 días o más""]",ALTA,"todas las etiquetas expresan cantidades, rangos o frecuencia cero",True,
texto_q53,response_text,interpretation_only,,object,interpretation_text,6,0,0.0,"[""10 días o más"", ""0 días"", ""6 a 9 días"", ""3 a 5 días"", ""Dato perdido"", ""1 o 2 días""]",ALTA,etiqueta textual redundante del código emparejado,False,no usar simultáneamente como feature junto con su código
q54,q_response,categorical_feature_candidate,texto_q54,float64,ordinal_categorical,5,726,1.3069071663876437,"[""Nunca"", ""Rara vez"", ""Algunas veces"", ""Casi siempre"", ""Siempre""]",ALTA,todas las etiquetas pertenecen a una escala de frecuencia ordenada,True,
texto_q54,response_text,interpretation_only,,object,interpretation_text,6,0,0.0,"[""Nunca"", ""Algunas veces"", ""Casi siempre"", ""Dato perdido"", ""Siempre"", ""Rara vez""]",ALTA,etiqueta textual redundante del código emparejado,False,no usar simultáneamente como feature junto con su código
q55,q_response,categorical_feature_candidate,texto_q55,float64,ordinal_categorical,5,931,1.6759374268690033,"[""Nunca"", ""Rara vez"", ""Algunas veces"", ""Casi siempre"", ""Siempre""]",ALTA,todas las etiquetas pertenecen a una escala de frecuencia ordenada,True,
texto_q55,response_text,interpretation_only,,object,interpretation_text,6,0,0.0,"[""Nunca"", ""Algunas veces"", ""Siempre"", ""Casi siempre"", ""Rara vez"", ""Dato perdido""]",ALTA,etiqueta textual redundante del código emparejado,False,no usar simultáneamente como feature junto con su código
q56,q_response,categorical_feature_candidate,texto_q56,float64,ordinal_categorical,5,1494,2.6894205324836635,"[""Nunca"", ""Rara vez"", ""Algunas veces"", ""Casi siempre"", ""Siempre""]",ALTA,todas las etiquetas pertenecen a una escala de frecuencia ordenada,True,
texto_q56,response_text,interpretation_only,,object,interpretation_text,6,0,0.0,"[""Siempre"", ""Dato perdido"", ""Casi siempre"", ""Nunca"", ""Algunas veces"", ""Rara vez""]",ALTA,etiqueta textual redundante del código emparejado,False,no usar simultáneamente como feature junto con su código
q57,q_response,categorical_feature_candidate,texto_q57,float64,ordinal_categorical,5,1044,1.879354107036777,"[""Nunca"", ""Rara vez"", ""Algunas veces"", ""Casi siempre"", ""Siempre""]",ALTA,todas las etiquetas pertenecen a una escala de frecuencia ordenada,True,
texto_q57,response_text,interpretation_only,,object,interpretation_text,6,0,0.0,"[""Dato perdido"", ""Siempre"", ""Nunca"", ""Casi siempre"", ""Rara vez"", ""Algunas veces""]",ALTA,etiqueta textual redundante del código emparejado,False,no usar simultáneamente como feature junto con su código
q58,q_response,categorical_feature_candidate,texto_q58,float64,ordinal_categorical,5,1159,2.086371082428759,"[""Nunca"", ""Rara vez"", ""Algunas veces"", ""Casi siempre"", ""Siempre""]",ALTA,todas las etiquetas pertenecen a una escala de frecuencia ordenada,True,
texto_q58,response_text,interpretation_only,,object,interpretation_text,6,0,0.0,"[""Dato perdido"", ""Nunca"", ""Rara vez"", ""Algunas veces"", ""Casi siempre"", ""Siempre""]",ALTA,etiqueta textual redundante del código emparejado,False,no usar simultáneamente como feature junto con su código
q59,q_response,categorical_feature_candidate,texto_q59,float64,unknown_categorical,7,1509,2.7164227466652267,"[""Primaria incompleta"", ""Primaria completa"", ""Secundario incompleto"", ""Secundario completo"", ""Terciario/Universitario incompleto"", ""Terciario/Universitario completo"", ""No sé""]",A_CONFIRMAR,niveles educativos mezclados con respuesta no ordenable,True,A_CONFIRMAR antes del encoding
texto_q59,response_text,interpretation_only,,object,interpretation_text,8,0,0.0,"[""Terciario/Universitario completo"", ""Secundario incompleto"", ""Secundario completo"", ""Primaria completa"", ""No sé"", ""Dato perdido"", ""Primaria incompleta"", ""Terciario/Universitario incompleto""]",ALTA,etiqueta textual redundante del código emparejado,False,no usar simultáneamente como feature junto con su código
q60,q_response,categorical_feature_candidate,texto_q60,float64,unknown_categorical,7,1385,2.4932044427643065,"[""Primaria incompleta"", ""Primaria completa"", ""Secundario incompleto"", ""Secundario completo"", ""Terciario/Universitario incompleto"", ""Terciario/Universitario completo"", ""No sé""]",A_CONFIRMAR,niveles educativos mezclados con respuesta no ordenable,True,A_CONFIRMAR antes del encoding
texto_q60,response_text,interpretation_only,,object,interpretation_text,8,0,0.0,"[""Primaria completa"", ""Secundario incompleto"", ""Secundario completo"", ""Primaria incompleta"", ""Terciario/Universitario incompleto"", ""No sé"", ""Dato perdido"", ""Terciario/Universitario completo""]",ALTA,etiqueta textual redundante del código emparejado,False,no usar simultáneamente como feature junto con su código
q61,q_response,categorical_feature_candidate,texto_q61,float64,ordinal_categorical,7,317,0.570646793037029,"[""No comí frutas durante los últimos 7 días"", ""1 a 3 veces durante los últimos 7 días"", ""4 a 6 veces durante los últimos 7 días"", ""1 vez al día"", ""2 veces al día"", ""3 veces al día"", ""4 o más veces al día""]",ALTA,"todas las etiquetas expresan cantidades, rangos o frecuencia cero",True,
texto_q61,response_text,interpretation_only,,object,interpretation_text,8,0,0.0,"[""No comí frutas durante los últimos 7 días"", ""1 a 3 veces durante los últimos 7 días"", ""2 veces al día"", ""1 vez al día"", ""3 veces al día"", ""4 o más veces al día"", ""4 a 6 veces durante los últimos 7 días"", ""Dato perdido""]",ALTA,etiqueta textual redundante del código emparejado,False,no usar simultáneamente como feature junto con su código
q62,q_response,categorical_feature_candidate,texto_q62,float64,ordinal_categorical,7,448,0.8064661302226782,"[""No comí verduras ni hortalizas durante los últimos 7 días"", ""1 a 3 veces durante los últimos 7 días"", ""4 a 6 veces durante los últimos 7 días"", ""1 vez al día"", ""2 veces al día"", ""3 veces al día"", ""4 o más veces al día""]",ALTA,"todas las etiquetas expresan cantidades, rangos o frecuencia cero",True,
texto_q62,response_text,interpretation_only,,object,interpretation_text,8,0,0.0,"[""No comí verduras ni hortalizas durante los últimos 7 días"", ""4 a 6 veces durante los últimos 7 días"", ""1 vez al día"", ""1 a 3 veces durante los últimos 7 días"", ""4 o más veces al día"", ""2 veces al día"", ""3 veces al día"", ""Dato perdido""]",ALTA,etiqueta textual redundante del código emparejado,False,no usar simultáneamente como feature junto con su código
q63,q_response,categorical_feature_candidate,texto_q63,float64,ordinal_categorical,7,334,0.6012493024428003,"[""No tomé gaseosas en los últimos 7 días"", ""1 a 3 veces durante los últimos 7 días"", ""4 a 6 veces durante los últimos 7 días"", ""1 vez al día"", ""2 veces al día"", ""3 veces al día"", ""4 o más veces al día""]",ALTA,"todas las etiquetas expresan cantidades, rangos o frecuencia cero",True,
texto_q63,response_text,interpretation_only,,object,interpretation_text,8,0,0.0,"[""3 veces al día"", ""No tomé gaseosas en los últimos 7 días"", ""2 veces al día"", ""1 a 3 veces durante los últimos 7 días"", ""4 a 6 veces durante los últimos 7 días"", ""4 o más veces al día"", ""1 vez al día"", ""Dato perdido""]",ALTA,etiqueta textual redundante del código emparejado,False,no usar simultáneamente como feature junto con su código
q64,q_response,categorical_feature_candidate,texto_q64,float64,ordinal_categorical,7,310,0.5580457597522996,"[""No comí comida salada o snacks en los últimos 7 días"", ""1 a 3 veces durante los últimos 7 días"", ""4 a 6 veces durante los últimos 7 días"", ""1 vez al día"", ""2 veces al día"", ""3 veces al día"", ""4 o más veces al día""]",ALTA,"todas las etiquetas expresan cantidades, rangos o frecuencia cero",True,
texto_q64,response_text,interpretation_only,,object,interpretation_text,8,0,0.0,"[""No comí comida salada o snacks en los últimos 7 días"", ""4 a 6 veces durante los últimos 7 días"", ""2 veces al día"", ""1 a 3 veces durante los últimos 7 días"", ""4 o más veces al día"", ""1 vez al día"", ""3 veces al día"", ""Dato perdido""]",ALTA,etiqueta textual redundante del código emparejado,False,no usar simultáneamente como feature junto con su código
q65,q_response,categorical_feature_candidate,texto_q65,float64,ordinal_categorical,7,484,0.8712714442584292,"[""No comí comida alta en grasa en los últimos 7 días"", ""1 a 3 veces durante los últimos 7 días"", ""4 a 6 veces durante los últimos 7 días"", ""1 vez al día"", ""2 veces al día"", ""3 veces al día"", ""4 o más veces al día""]",ALTA,"todas las etiquetas expresan cantidades, rangos o frecuencia cero",True,
texto_q65,response_text,interpretation_only,,object,interpretation_text,8,0,0.0,"[""4 o más veces al día"", ""1 a 3 veces durante los últimos 7 días"", ""No comí comida alta en grasa en los últimos 7 días"", ""4 a 6 veces durante los últimos 7 días"", ""Dato perdido"", ""2 veces al día"", ""1 vez al día"", ""3 veces al día""]",ALTA,etiqueta textual redundante del código emparejado,False,no usar simultáneamente como feature junto con su código
q66,q_response,categorical_feature_candidate,texto_q66,float64,binary_categorical,2,1132,2.037767096901946,"[""Si"", ""No""]",ALTA,dos categorías observadas con etiquetas inequívocas,True,
texto_q66,response_text,interpretation_only,,object,interpretation_text,3,0,0.0,"[""Si"", ""No"", ""Dato perdido""]",ALTA,etiqueta textual redundante del código emparejado,False,no usar simultáneamente como feature junto con su código
q67,q_response,categorical_feature_candidate,texto_q67,float64,binary_categorical,2,426,0.766862882756386,"[""Si"", ""No""]",ALTA,dos categorías observadas con etiquetas inequívocas,True,
texto_q67,response_text,interpretation_only,,object,interpretation_text,3,0,0.0,"[""Si"", ""No"", ""Dato perdido""]",ALTA,etiqueta textual redundante del código emparejado,False,no usar simultáneamente como feature junto con su código
q68,q_response,categorical_feature_candidate,texto_q68,float64,binary_categorical,2,489,0.8802721823189501,"[""Si"", ""No""]",ALTA,dos categorías observadas con etiquetas inequívocas,True,
texto_q68,response_text,interpretation_only,,object,interpretation_text,3,0,0.0,"[""Dato perdido"", ""No"", ""Si""]",ALTA,etiqueta textual redundante del código emparejado,False,no usar simultáneamente como feature junto con su código
q69,q_response,categorical_feature_candidate,texto_q69,float64,unknown_categorical,6,919,1.654335655523753,"[""No viajé en un auto u otro vehículo u otro vehículo a motor en los últimos 30 días"", ""Rara vez"", ""Algunas veces"", ""La mayoría del tiempo"", ""Siempre"", ""No viajé en un auto u otro vehículo u otro vehículo a motor en los últimos 30 días""]",A_CONFIRMAR,mezcla escala de frecuencia con categorías no ordenables,True,A_CONFIRMAR antes del encoding
texto_q69,response_text,interpretation_only,,object,interpretation_text,6,0,0.0,"[""Siempre"", ""Algunas veces"", ""No viajé en un auto u otro vehículo u otro vehículo a motor en los últimos 30 días"", ""Dato perdido"", ""Rara vez"", ""La mayoría del tiempo""]",ALTA,etiqueta textual redundante del código emparejado,False,no usar simultáneamente como feature junto con su código
q70,q_response,categorical_feature_candidate,texto_q70,float64,unknown_categorical,6,298,0.5364439884070494,"[""No viajé en un auto o vehículo manejado por otra persona en los últimos 30 días"", ""0 veces"", ""1 vez"", ""2 o 3 veces"", ""4 o 5 veces"", ""6 o más veces""]",A_CONFIRMAR,mezcla rangos ordenables con categorías fuera de la escala,True,A_CONFIRMAR antes del encoding
texto_q70,response_text,interpretation_only,,object,interpretation_text,7,0,0.0,"[""2 o 3 veces"", ""No viajé en un auto o vehículo manejado por otra persona en los últimos 30 días"", ""0 veces"", ""1 vez"", ""6 o más veces"", ""4 o 5 veces"", ""Dato perdido""]",ALTA,etiqueta textual redundante del código emparejado,False,no usar simultáneamente como feature junto con su código
q71,q_response,categorical_feature_candidate,texto_q71,float64,unknown_categorical,6,1209,2.1763784630339686,"[""No maneje una bicicleta en los últimos 30 días"", ""Nunca"", ""Rara vez"", ""Algunas veces"", ""La mayoría del tiempo"", ""Siempre""]",A_CONFIRMAR,mezcla escala de frecuencia con categorías no ordenables,True,A_CONFIRMAR antes del encoding
texto_q71,response_text,interpretation_only,,object,interpretation_text,7,0,0.0,"[""Rara vez"", ""No maneje una bicicleta en los últimos 30 días"", ""Dato perdido"", ""Nunca"", ""La mayoría del tiempo"", ""Algunas veces"", ""Siempre""]",ALTA,etiqueta textual redundante del código emparejado,False,no usar simultáneamente como feature junto con su código
q72,q_response,categorical_feature_candidate,texto_q72,float64,unknown_categorical,6,695,1.2511025904124138,"[""No viaje en una moto en los últimos 30 días"", ""Nunca"", ""Rara vez"", ""Algunas veces"", ""La mayoría del tiempo"", ""Siempre""]",A_CONFIRMAR,mezcla escala de frecuencia con categorías no ordenables,True,A_CONFIRMAR antes del encoding
texto_q72,response_text,interpretation_only,,object,interpretation_text,7,0,0.0,"[""Nunca"", ""Rara vez"", ""Siempre"", ""Algunas veces"", ""No viaje en una moto en los últimos 30 días"", ""La mayoría del tiempo"", ""Dato perdido""]",ALTA,etiqueta textual redundante del código emparejado,False,no usar simultáneamente como feature junto con su código
q73,q_response,categorical_feature_candidate,texto_q73,float64,nominal_categorical,7,3822,6.880164173462224,"[""Yo no tomo alcohol"", ""Cerveza"", ""Vino"", ""Fernet"", ""Bebidas fuertes como vodka, ginebra, whisky"", ""Gancia, Cinzano, Campari"", ""Otro tipo""]",MEDIA,etiquetas disponibles sin orden intrínseco defendible,True,
texto_q73,response_text,interpretation_only,,object,interpretation_text,8,0,0.0,"[""Bebidas fuertes como vodka, ginebra, whisky"", ""Otro tipo"", ""Yo no tomo alcohol"", ""Fernet"", ""Cerveza"", ""Dato perdido"", ""Gancia, Cinzano, Campari"", ""Vino""]",ALTA,etiqueta textual redundante del código emparejado,False,no usar simultáneamente como feature junto con su código
q74,q_response,categorical_feature_candidate,texto_q74,float64,nominal_categorical,5,3593,6.467930370290364,"[""No tomo alcohol"", ""Con mis amigos"", ""Con mi familia"", ""Con gente que recién conocí"", ""Usualmente tomo solo/a""]",MEDIA,etiquetas disponibles sin orden intrínseco defendible,True,
texto_q74,response_text,interpretation_only,,object,interpretation_text,6,0,0.0,"[""Usualmente tomo solo/a"", ""Con mi familia"", ""No tomo alcohol"", ""Con mis amigos"", ""Dato perdido"", ""Con gente que recién conocí""]",ALTA,etiqueta textual redundante del código emparejado,False,no usar simultáneamente como feature junto con su código
q75,q_response,categorical_feature_candidate,texto_q75,float64,nominal_categorical,3,765,1.3771129232597072,"[""No intenté comprar alcohol en los últimos 30 días"", ""Sí, hubo alguien que se negó a venderme alcohol por mi edad"", ""No, mi edad no impidió que me vendieran alcohol""]",MEDIA,etiquetas disponibles sin orden intrínseco defendible,True,
texto_q75,response_text,interpretation_only,,object,interpretation_text,4,0,0.0,"[""Sí, hubo alguien que se negó a venderme alcohol por mi edad"", ""No intenté comprar alcohol en los últimos 30 días"", ""No, mi edad no impidió que me vendieran alcohol"", ""Dato perdido""]",ALTA,etiqueta textual redundante del código emparejado,False,no usar simultáneamente como feature junto con su código
q76,q_response,categorical_feature_candidate,texto_q76,float64,ordinal_categorical,4,531,0.9558783820273262,"[""Definitivamente no"", ""Probablemente no"", ""Probablemente sí"", ""Definitivamente sí""]",ALTA,escala completa de intensidad/probabilidad ordenada,True,
texto_q76,response_text,interpretation_only,,object,interpretation_text,5,0,0.0,"[""Definitivamente sí"", ""Probablemente no"", ""Definitivamente no"", ""Probablemente sí"", ""Dato perdido""]",ALTA,etiqueta textual redundante del código emparejado,False,no usar simultáneamente como feature junto con su código
q77,q_response,categorical_feature_candidate,texto_q77,float64,ordinal_categorical,5,421,0.7578621446958651,"[""Nunca"", ""Rara vez"", ""Algunas veces"", ""Casi todos los días"", ""Todos los días""]",ALTA,todas las etiquetas pertenecen a una escala de frecuencia ordenada,True,
texto_q77,response_text,interpretation_only,,object,interpretation_text,6,0,0.0,"[""Casi todos los días"", ""Rara vez"", ""Algunas veces"", ""Todos los días"", ""Nunca"", ""Dato perdido""]",ALTA,etiqueta textual redundante del código emparejado,False,no usar simultáneamente como feature junto con su código
q78,q_response,categorical_feature_candidate,texto_q78,float64,ordinal_categorical,5,334,0.6012493024428003,"[""0 veces"", ""1 o 2 veces"", ""3 a 9 veces"", ""10 a 19 veces"", ""20 veces o más""]",ALTA,"todas las etiquetas expresan cantidades, rangos o frecuencia cero",True,
texto_q78,response_text,interpretation_only,,object,interpretation_text,6,0,0.0,"[""0 veces"", ""1 o 2 veces"", ""Dato perdido"", ""3 a 9 veces"", ""20 veces o más"", ""10 a 19 veces""]",ALTA,etiqueta textual redundante del código emparejado,False,no usar simultáneamente como feature junto con su código
q79,q_response,categorical_feature_candidate,texto_q79,float64,unknown_categorical,4,639,1.150294324134579,"[""0 veces"", ""1 vez"", ""2 o más veces"", ""No lo sé""]",A_CONFIRMAR,mezcla rangos ordenables con categorías fuera de la escala,True,A_CONFIRMAR antes del encoding
texto_q79,response_text,interpretation_only,,object,interpretation_text,5,0,0.0,"[""2 o más veces"", ""0 veces"", ""1 vez"", ""Dato perdido"", ""No lo sé""]",ALTA,etiqueta textual redundante del código emparejado,False,no usar simultáneamente como feature junto con su código
q80,q_response,categorical_feature_candidate,texto_q80,float64,ordinal_categorical,5,1450,2.610214037551079,"[""Nunca"", ""Rara vez"", ""Algunas veces"", ""Casi siempre"", ""Siempre""]",ALTA,todas las etiquetas pertenecen a una escala de frecuencia ordenada,True,
texto_q80,response_text,interpretation_only,,object,interpretation_text,6,0,0.0,"[""Dato perdido"", ""Nunca"", ""Rara vez"", ""Algunas veces"", ""Casi siempre"", ""Siempre""]",ALTA,etiqueta textual redundante del código emparejado,False,no usar simultáneamente como feature junto con su código
q81,q_response,categorical_feature_candidate,texto_q81,float64,ordinal_categorical,5,1544,2.7794279130888735,"[""Nunca"", ""Rara vez"", ""Algunas veces"", ""Casi siempre"", ""Siempre""]",ALTA,todas las etiquetas pertenecen a una escala de frecuencia ordenada,True,
texto_q81,response_text,interpretation_only,,object,interpretation_text,6,0,0.0,"[""Dato perdido"", ""Algunas veces"", ""Siempre"", ""Rara vez"", ""Casi siempre"", ""Nunca""]",ALTA,etiqueta textual redundante del código emparejado,False,no usar simultáneamente como feature junto con su código
qn6,qn_derived,categorical_feature_candidate,texto_qn6,float64,binary_categorical,2,451,0.8118665730589908,"[""Si"", ""No""]",ALTA,dos categorías observadas con etiquetas inequívocas,True,
texto_qn6,derived_text,interpretation_only,,object,interpretation_text,3,0,0.0,"[""No"", ""Si"", ""Dato perdido""]",ALTA,etiqueta textual redundante del código emparejado,False,no usar simultáneamente como feature junto con su código
qn10,qn_derived,categorical_feature_candidate,texto_qn10,float64,binary_categorical,2,179,0.32222642256665046,"[""Si"", ""No""]",ALTA,dos categorías observadas con etiquetas inequívocas,True,
texto_qn10,derived_text,interpretation_only,,object,interpretation_text,3,0,0.0,"[""Si"", ""No"", ""Dato perdido""]",ALTA,etiqueta textual redundante del código emparejado,False,no usar simultáneamente como feature junto con su código
qn15,qn_derived,categorical_feature_candidate,texto_qn15,float64,binary_categorical,2,190,0.3420280462997966,"[""Si"", ""No""]",ALTA,dos categorías observadas con etiquetas inequívocas,True,
texto_qn15,derived_text,interpretation_only,,object,interpretation_text,3,0,0.0,"[""No"", ""Si"", ""Dato perdido""]",ALTA,etiqueta textual redundante del código emparejado,False,no usar simultáneamente como feature junto con su código
qn16,qn_derived,categorical_feature_candidate,texto_qn16,float64,binary_categorical,2,216,0.3888318842145056,"[""Si"", ""No""]",ALTA,dos categorías observadas con etiquetas inequívocas,True,
texto_qn16,derived_text,interpretation_only,,object,interpretation_text,3,0,0.0,"[""No"", ""Si"", ""Dato perdido""]",ALTA,etiqueta textual redundante del código emparejado,False,no usar simultáneamente como feature junto con su código
qn17,qn_derived,categorical_feature_candidate,texto_qn17,float64,binary_categorical,2,5246,9.443574373098594,"[""Si"", ""No""]",ALTA,dos categorías observadas con etiquetas inequívocas,True,
texto_qn17,derived_text,interpretation_only,,object,interpretation_text,3,0,0.0,"[""No"", ""Si"", ""Dato perdido""]",ALTA,etiqueta textual redundante del código emparejado,False,no usar simultáneamente como feature junto con su código
qn18,qn_derived,categorical_feature_candidate,texto_qn18,float64,binary_categorical,2,41543,74.78353224964447,"[""Si"", ""No""]",ALTA,dos categorías observadas con etiquetas inequívocas,True,
texto_qn18,derived_text,interpretation_only,,object,interpretation_text,3,0,0.0,"[""Dato perdido"", ""Si"", ""No""]",ALTA,etiqueta textual redundante del código emparejado,False,no usar simultáneamente como feature junto con su código
qn19,qn_derived,categorical_feature_candidate,texto_qn19,float64,binary_categorical,2,41169,74.1102770427175,"[""Si"", ""No""]",ALTA,dos categorías observadas con etiquetas inequívocas,True,
texto_qn19,derived_text,interpretation_only,,object,interpretation_text,3,0,0.0,"[""Dato perdido"", ""No"", ""Si""]",ALTA,etiqueta textual redundante del código emparejado,False,no usar simultáneamente como feature junto con su código
qn22,qn_derived,categorical_feature_candidate,texto_qn22,float64,binary_categorical,2,309,0.5562456121401955,"[""Si"", ""No""]",ALTA,dos categorías observadas con etiquetas inequívocas,True,
texto_qn22,derived_text,interpretation_only,,object,interpretation_text,3,0,0.0,"[""Si"", ""No"", ""Dato perdido""]",ALTA,etiqueta textual redundante del código emparejado,False,no usar simultáneamente como feature junto con su código
qn23,qn_derived,categorical_feature_candidate,texto_qn23,float64,binary_categorical,2,329,0.5922485643822794,"[""Si"", ""No""]",ALTA,dos categorías observadas con etiquetas inequívocas,True,
texto_qn23,derived_text,interpretation_only,,object,interpretation_text,3,0,0.0,"[""Si"", ""No"", ""Dato perdido""]",ALTA,etiqueta textual redundante del código emparejado,False,no usar simultáneamente como feature junto con su código
qn24,qn_derived,categorical_feature_candidate,texto_qn24,float64,binary_categorical,2,1233,2.2195820057244693,"[""Si"", ""No""]",ALTA,dos categorías observadas con etiquetas inequívocas,True,
texto_qn24,derived_text,interpretation_only,,object,interpretation_text,3,0,0.0,"[""Si"", ""No"", ""Dato perdido""]",ALTA,etiqueta textual redundante del código emparejado,False,no usar simultáneamente como feature junto con su código
qn25,qn_derived,categorical_feature_candidate,texto_qn25,float64,binary_categorical,2,660,1.1880974239887672,"[""Si"", ""No""]",ALTA,dos categorías observadas con etiquetas inequívocas,True,
texto_qn25,derived_text,interpretation_only,,object,interpretation_text,3,0,0.0,"[""No"", ""Si"", ""Dato perdido""]",ALTA,etiqueta textual redundante del código emparejado,False,no usar simultáneamente como feature junto con su código
qn26,qn_derived,categorical_feature_candidate,texto_qn26,float64,binary_categorical,2,570,1.0260841388993898,"[""Si"", ""No""]",ALTA,dos categorías observadas con etiquetas inequívocas,True,
texto_qn26,derived_text,interpretation_only,,object,interpretation_text,3,0,0.0,"[""No"", ""Si"", ""Dato perdido""]",ALTA,etiqueta textual redundante del código emparejado,False,no usar simultáneamente como feature junto con su código
qn27,qn_derived,categorical_feature_candidate,texto_qn27,float64,binary_categorical,2,935,1.68313801731742,"[""Si"", ""No""]",ALTA,dos categorías observadas con etiquetas inequívocas,True,
texto_qn27,derived_text,interpretation_only,,object,interpretation_text,3,0,0.0,"[""No"", ""Si"", ""Dato perdido""]",ALTA,etiqueta textual redundante del código emparejado,False,no usar simultáneamente como feature junto con su código
qn28,qn_derived,categorical_feature_candidate,texto_qn28,float64,binary_categorical,2,33614,60.51016183327033,"[""Si"", ""No""]",ALTA,dos categorías observadas con etiquetas inequívocas,True,
texto_qn28,derived_text,interpretation_only,,object,interpretation_text,3,0,0.0,"[""Si"", ""Dato perdido"", ""No""]",ALTA,etiqueta textual redundante del código emparejado,False,no usar simultáneamente como feature junto con su código
qn29,qn_derived,categorical_feature_candidate,texto_qn29,float64,binary_categorical,2,537,0.9666792676999514,"[""Si"", ""No""]",ALTA,dos categorías observadas con etiquetas inequívocas,True,
texto_qn29,derived_text,interpretation_only,,object,interpretation_text,3,0,0.0,"[""Si"", ""No"", ""Dato perdido""]",ALTA,etiqueta textual redundante del código emparejado,False,no usar simultáneamente como feature junto con su código
qn30,qn_derived,categorical_feature_candidate,texto_qn30,float64,binary_categorical,2,523,0.9414772011304927,"[""Si"", ""No""]",ALTA,dos categorías observadas con etiquetas inequívocas,True,
texto_qn30,derived_text,interpretation_only,,object,interpretation_text,3,0,0.0,"[""Dato perdido"", ""No"", ""Si""]",ALTA,etiqueta textual redundante del código emparejado,False,no usar simultáneamente como feature junto con su código
qn31,qn_derived,categorical_feature_candidate,texto_qn31,float64,binary_categorical,2,44480,80.07056578639448,"[""Si"", ""No""]",ALTA,dos categorías observadas con etiquetas inequívocas,True,
texto_qn31,derived_text,interpretation_only,,object,interpretation_text,3,0,0.0,"[""No"", ""Dato perdido"", ""Si""]",ALTA,etiqueta textual redundante del código emparejado,False,no usar simultáneamente como feature junto con su código
qn32,qn_derived,categorical_feature_candidate,texto_qn32,float64,binary_categorical,2,433,0.7794639160411154,"[""Si"", ""No""]",ALTA,dos categorías observadas con etiquetas inequívocas,True,
texto_qn32,derived_text,interpretation_only,,object,interpretation_text,3,0,0.0,"[""Si"", ""No"", ""Dato perdido""]",ALTA,etiqueta textual redundante del código emparejado,False,no usar simultáneamente como feature junto con su código
qn33,qn_derived,categorical_feature_candidate,texto_qn33,float64,binary_categorical,2,665,1.197098162049288,"[""Si"", ""No""]",ALTA,dos categorías observadas con etiquetas inequívocas,True,
texto_qn33,derived_text,interpretation_only,,object,interpretation_text,3,0,0.0,"[""Si"", ""No"", ""Dato perdido""]",ALTA,etiqueta textual redundante del código emparejado,False,no usar simultáneamente como feature junto con su código
qn34,qn_derived,categorical_feature_candidate,texto_qn34,float64,binary_categorical,2,15701,28.264117657647926,"[""Si"", ""No""]",ALTA,dos categorías observadas con etiquetas inequívocas,True,
texto_qn34,derived_text,interpretation_only,,object,interpretation_text,3,0,0.0,"[""Si"", ""Dato perdido"", ""No""]",ALTA,etiqueta textual redundante del código emparejado,False,no usar simultáneamente como feature junto con su código
qn35,qn_derived,categorical_feature_candidate,texto_qn35,float64,binary_categorical,2,1893,3.4076794297132365,"[""Si"", ""No""]",ALTA,dos categorías observadas con etiquetas inequívocas,True,
texto_qn35,derived_text,interpretation_only,,object,interpretation_text,3,0,0.0,"[""Si"", ""No"", ""Dato perdido""]",ALTA,etiqueta textual redundante del código emparejado,False,no usar simultáneamente como feature junto con su código
qn36,qn_derived,categorical_feature_candidate,texto_qn36,float64,binary_categorical,2,24907,44.836276574679125,"[""Si"", ""No""]",ALTA,dos categorías observadas con etiquetas inequívocas,True,
texto_qn36,derived_text,interpretation_only,,object,interpretation_text,3,0,0.0,"[""Si"", ""Dato perdido"", ""No""]",ALTA,etiqueta textual redundante del código emparejado,False,no usar simultáneamente como feature junto con su código
qn37,qn_derived,categorical_feature_candidate,texto_qn37,float64,binary_categorical,2,26278,47.30427895087397,"[""Si"", ""No""]",ALTA,dos categorías observadas con etiquetas inequívocas,True,
texto_qn37,derived_text,interpretation_only,,object,interpretation_text,3,0,0.0,"[""No"", ""Dato perdido"", ""Si""]",ALTA,etiqueta textual redundante del código emparejado,False,no usar simultáneamente como feature junto con su código
qn38,qn_derived,categorical_feature_candidate,texto_qn38,float64,binary_categorical,2,1568,2.8226314557793737,"[""Si"", ""No""]",ALTA,dos categorías observadas con etiquetas inequívocas,True,
texto_qn38,derived_text,interpretation_only,,object,interpretation_text,3,0,0.0,"[""No"", ""Si"", ""Dato perdido""]",ALTA,etiqueta textual redundante del código emparejado,False,no usar simultáneamente como feature junto con su código
qn39,qn_derived,categorical_feature_candidate,texto_qn39,float64,binary_categorical,2,1194,2.149376248852406,"[""Si"", ""No""]",ALTA,dos categorías observadas con etiquetas inequívocas,True,
texto_qn39,derived_text,interpretation_only,,object,interpretation_text,3,0,0.0,"[""Si"", ""No"", ""Dato perdido""]",ALTA,etiqueta textual redundante del código emparejado,False,no usar simultáneamente como feature junto con su código
qn40,qn_derived,constant,texto_qn40,float64,constant,0,55551,100.0,[],ALTA,cero o un valor observado,False,
texto_qn40,derived_text,interpretation_only,,object,interpretation_text,1,0,0.0,"[""Dato perdido""]",ALTA,etiqueta textual redundante del código emparejado,False,no usar simultáneamente como feature junto con su código
qn41,qn_derived,categorical_feature_candidate,texto_qn41,float64,binary_categorical,2,1123,2.021565768393008,"[""Si"", ""No""]",ALTA,dos categorías observadas con etiquetas inequívocas,True,
texto_qn41,derived_text,interpretation_only,,object,interpretation_text,3,0,0.0,"[""No"", ""Si"", ""Dato perdido""]",ALTA,etiqueta textual redundante del código emparejado,False,no usar simultáneamente como feature junto con su código
qn42,qn_derived,categorical_feature_candidate,texto_qn42,float64,binary_categorical,2,972,1.749743478965275,"[""Si"", ""No""]",ALTA,dos categorías observadas con etiquetas inequívocas,True,
texto_qn42,derived_text,interpretation_only,,object,interpretation_text,3,0,0.0,"[""No"", ""Dato perdido"", ""Si""]",ALTA,etiqueta textual redundante del código emparejado,False,no usar simultáneamente como feature junto con su código
qn43,qn_derived,categorical_feature_candidate,texto_qn43,float64,binary_categorical,2,967,1.7407427409047542,"[""Si"", ""No""]",ALTA,dos categorías observadas con etiquetas inequívocas,True,
texto_qn43,derived_text,interpretation_only,,object,interpretation_text,3,0,0.0,"[""No"", ""Dato perdido"", ""Si""]",ALTA,etiqueta textual redundante del código emparejado,False,no usar simultáneamente como feature junto con su código
qn44,qn_derived,categorical_feature_candidate,texto_qn44,float64,binary_categorical,2,2347,4.2249464456085395,"[""Si"", ""No""]",ALTA,dos categorías observadas con etiquetas inequívocas,True,
texto_qn44,derived_text,interpretation_only,,object,interpretation_text,3,0,0.0,"[""Si"", ""Dato perdido"", ""No""]",ALTA,etiqueta textual redundante del código emparejado,False,no usar simultáneamente como feature junto con su código
qn45,qn_derived,categorical_feature_candidate,texto_qn45,float64,binary_categorical,2,35018,63.03756908066462,"[""Si"", ""No""]",ALTA,dos categorías observadas con etiquetas inequívocas,True,
texto_qn45,derived_text,interpretation_only,,object,interpretation_text,3,0,0.0,"[""Si"", ""Dato perdido"", ""No""]",ALTA,etiqueta textual redundante del código emparejado,False,no usar simultáneamente como feature junto con su código
qn46,qn_derived,categorical_feature_candidate,texto_qn46,float64,binary_categorical,2,1387,2.496804737988515,"[""Si"", ""No""]",ALTA,dos categorías observadas con etiquetas inequívocas,True,
texto_qn46,derived_text,interpretation_only,,object,interpretation_text,3,0,0.0,"[""Si"", ""No"", ""Dato perdido""]",ALTA,etiqueta textual redundante del código emparejado,False,no usar simultáneamente como feature junto con su código
qn47,qn_derived,categorical_feature_candidate,texto_qn47,float64,binary_categorical,2,35120,63.22118413709924,"[""Si"", ""No""]",ALTA,dos categorías observadas con etiquetas inequívocas,True,
texto_qn47,derived_text,interpretation_only,,object,interpretation_text,3,0,0.0,"[""No"", ""Dato perdido"", ""Si""]",ALTA,etiqueta textual redundante del código emparejado,False,no usar simultáneamente como feature junto con su código
qn48,qn_derived,categorical_feature_candidate,texto_qn48,float64,binary_categorical,2,35141,63.25898723695343,"[""Si"", ""No""]",ALTA,dos categorías observadas con etiquetas inequívocas,True,
texto_qn48,derived_text,interpretation_only,,object,interpretation_text,3,0,0.0,"[""No"", ""Dato perdido"", ""Si""]",ALTA,etiqueta textual redundante del código emparejado,False,no usar simultáneamente como feature junto con su código
qn49,qn_derived,hard_leakage,texto_qn49,float64,binary_categorical,2,0,0.0,"[""Si"", ""No""]",ALTA,dos categorías observadas con etiquetas inequívocas,False,proxy determinístico directo de q49; excluir de X
texto_qn49,derived_text,hard_leakage,,object,interpretation_text,2,0,0.0,"[""No"", ""Si""]",ALTA,etiqueta textual redundante del código emparejado,False,no usar simultáneamente como feature junto con su código
qn50,qn_derived,categorical_feature_candidate,texto_qn50,float64,binary_categorical,2,769,1.3843135137081242,"[""Si"", ""No""]",ALTA,dos categorías observadas con etiquetas inequívocas,True,
texto_qn50,derived_text,interpretation_only,,object,interpretation_text,3,0,0.0,"[""No"", ""Si"", ""Dato perdido""]",ALTA,etiqueta textual redundante del código emparejado,False,no usar simultáneamente como feature junto con su código
qn51,qn_derived,categorical_feature_candidate,texto_qn51,float64,binary_categorical,2,1068,1.9225576497272776,"[""Si"", ""No""]",ALTA,dos categorías observadas con etiquetas inequívocas,True,
texto_qn51,derived_text,interpretation_only,,object,interpretation_text,3,0,0.0,"[""No"", ""Si"", ""Dato perdido""]",ALTA,etiqueta textual redundante del código emparejado,False,no usar simultáneamente como feature junto con su código
qn52,qn_derived,categorical_feature_candidate,texto_qn52,float64,binary_categorical,2,773,1.3915141041565409,"[""Si"", ""No""]",ALTA,dos categorías observadas con etiquetas inequívocas,True,
texto_qn52,derived_text,interpretation_only,,object,interpretation_text,3,0,0.0,"[""Si"", ""No"", ""Dato perdido""]",ALTA,etiqueta textual redundante del código emparejado,False,no usar simultáneamente como feature junto con su código
qn53,qn_derived,categorical_feature_candidate,texto_qn53,float64,binary_categorical,2,990,1.7821461359831505,"[""Si"", ""No""]",ALTA,dos categorías observadas con etiquetas inequívocas,True,
texto_qn53,derived_text,interpretation_only,,object,interpretation_text,3,0,0.0,"[""Si"", ""No"", ""Dato perdido""]",ALTA,etiqueta textual redundante del código emparejado,False,no usar simultáneamente como feature junto con su código
qn54,qn_derived,categorical_feature_candidate,texto_qn54,float64,binary_categorical,2,726,1.3069071663876437,"[""Si"", ""No""]",ALTA,dos categorías observadas con etiquetas inequívocas,True,
texto_qn54,derived_text,interpretation_only,,object,interpretation_text,3,0,0.0,"[""No"", ""Si"", ""Dato perdido""]",ALTA,etiqueta textual redundante del código emparejado,False,no usar simultáneamente como feature junto con su código
qn55,qn_derived,categorical_feature_candidate,texto_qn55,float64,binary_categorical,2,931,1.6759374268690033,"[""Si"", ""No""]",ALTA,dos categorías observadas con etiquetas inequívocas,True,
texto_qn55,derived_text,interpretation_only,,object,interpretation_text,3,0,0.0,"[""No"", ""Si"", ""Dato perdido""]",ALTA,etiqueta textual redundante del código emparejado,False,no usar simultáneamente como feature junto con su código
qn56,qn_derived,categorical_feature_candidate,texto_qn56,float64,binary_categorical,2,1494,2.6894205324836635,"[""Si"", ""No""]",ALTA,dos categorías observadas con etiquetas inequívocas,True,
texto_qn56,derived_text,interpretation_only,,object,interpretation_text,3,0,0.0,"[""Si"", ""Dato perdido"", ""No""]",ALTA,etiqueta textual redundante del código emparejado,False,no usar simultáneamente como feature junto con su código
qn57,qn_derived,categorical_feature_candidate,texto_qn57,float64,binary_categorical,2,1044,1.879354107036777,"[""Si"", ""No""]",ALTA,dos categorías observadas con etiquetas inequívocas,True,
texto_qn57,derived_text,interpretation_only,,object,interpretation_text,3,0,0.0,"[""Dato perdido"", ""Si"", ""No""]",ALTA,etiqueta textual redundante del código emparejado,False,no usar simultáneamente como feature junto con su código
qn58,qn_derived,categorical_feature_candidate,texto_qn58,float64,binary_categorical,2,1159,2.086371082428759,"[""Si"", ""No""]",ALTA,dos categorías observadas con etiquetas inequívocas,True,
texto_qn58,derived_text,interpretation_only,,object,interpretation_text,3,0,0.0,"[""Dato perdido"", ""Si"", ""No""]",ALTA,etiqueta textual redundante del código emparejado,False,no usar simultáneamente como feature junto con su código
qn59,qn_derived,categorical_feature_candidate,texto_qn59,float64,binary_categorical,2,1509,2.7164227466652267,"[""Si"", ""No""]",ALTA,dos categorías observadas con etiquetas inequívocas,True,
texto_qn59,derived_text,interpretation_only,,object,interpretation_text,3,0,0.0,"[""Si"", ""No"", ""Dato perdido""]",ALTA,etiqueta textual redundante del código emparejado,False,no usar simultáneamente como feature junto con su código
qn60,qn_derived,categorical_feature_candidate,texto_qn60,float64,binary_categorical,2,1385,2.4932044427643065,"[""Si"", ""No""]",ALTA,dos categorías observadas con etiquetas inequívocas,True,
texto_qn60,derived_text,interpretation_only,,object,interpretation_text,3,0,0.0,"[""No"", ""Si"", ""Dato perdido""]",ALTA,etiqueta textual redundante del código emparejado,False,no usar simultáneamente como feature junto con su código
qn61,qn_derived,categorical_feature_candidate,texto_qn61,float64,binary_categorical,2,317,0.570646793037029,"[""Si"", ""No""]",ALTA,dos categorías observadas con etiquetas inequívocas,True,
texto_qn61,derived_text,interpretation_only,,object,interpretation_text,3,0,0.0,"[""No"", ""Si"", ""Dato perdido""]",ALTA,etiqueta textual redundante del código emparejado,False,no usar simultáneamente como feature junto con su código
qn62,qn_derived,categorical_feature_candidate,texto_qn62,float64,binary_categorical,2,448,0.8064661302226782,"[""Si"", ""No""]",ALTA,dos categorías observadas con etiquetas inequívocas,True,
texto_qn62,derived_text,interpretation_only,,object,interpretation_text,3,0,0.0,"[""No"", ""Si"", ""Dato perdido""]",ALTA,etiqueta textual redundante del código emparejado,False,no usar simultáneamente como feature junto con su código
qn63,qn_derived,categorical_feature_candidate,texto_qn63,float64,binary_categorical,2,334,0.6012493024428003,"[""Si"", ""No""]",ALTA,dos categorías observadas con etiquetas inequívocas,True,
texto_qn63,derived_text,interpretation_only,,object,interpretation_text,3,0,0.0,"[""Si"", ""No"", ""Dato perdido""]",ALTA,etiqueta textual redundante del código emparejado,False,no usar simultáneamente como feature junto con su código
qn64,qn_derived,categorical_feature_candidate,texto_qn64,float64,binary_categorical,2,310,0.5580457597522996,"[""Si"", ""No""]",ALTA,dos categorías observadas con etiquetas inequívocas,True,
texto_qn64,derived_text,interpretation_only,,object,interpretation_text,3,0,0.0,"[""No"", ""Si"", ""Dato perdido""]",ALTA,etiqueta textual redundante del código emparejado,False,no usar simultáneamente como feature junto con su código
qn65,qn_derived,categorical_feature_candidate,texto_qn65,float64,binary_categorical,2,484,0.8712714442584292,"[""Si"", ""No""]",ALTA,dos categorías observadas con etiquetas inequívocas,True,
texto_qn65,derived_text,interpretation_only,,object,interpretation_text,3,0,0.0,"[""Si"", ""No"", ""Dato perdido""]",ALTA,etiqueta textual redundante del código emparejado,False,no usar simultáneamente como feature junto con su código
qn66,qn_derived,categorical_feature_candidate,texto_qn66,float64,binary_categorical,2,1132,2.037767096901946,"[""Si"", ""No""]",ALTA,dos categorías observadas con etiquetas inequívocas,True,
texto_qn66,derived_text,interpretation_only,,object,interpretation_text,3,0,0.0,"[""Si"", ""No"", ""Dato perdido""]",ALTA,etiqueta textual redundante del código emparejado,False,no usar simultáneamente como feature junto con su código
qn67,qn_derived,categorical_feature_candidate,texto_qn67,float64,binary_categorical,2,426,0.766862882756386,"[""Si"", ""No""]",ALTA,dos categorías observadas con etiquetas inequívocas,True,
texto_qn67,derived_text,interpretation_only,,object,interpretation_text,3,0,0.0,"[""Si"", ""No"", ""Dato perdido""]",ALTA,etiqueta textual redundante del código emparejado,False,no usar simultáneamente como feature junto con su código
qn68,qn_derived,categorical_feature_candidate,texto_qn68,float64,binary_categorical,2,489,0.8802721823189501,"[""Si"", ""No""]",ALTA,dos categorías observadas con etiquetas inequívocas,True,
texto_qn68,derived_text,interpretation_only,,object,interpretation_text,3,0,0.0,"[""Dato perdido"", ""No"", ""Si""]",ALTA,etiqueta textual redundante del código emparejado,False,no usar simultáneamente como feature junto con su código
qn69,qn_derived,categorical_feature_candidate,texto_qn69,float64,binary_categorical,2,8927,16.069917733254126,"[""Si"", ""No""]",ALTA,dos categorías observadas con etiquetas inequívocas,True,
texto_qn69,derived_text,interpretation_only,,object,interpretation_text,3,0,0.0,"[""No"", ""Si"", ""Dato perdido""]",ALTA,etiqueta textual redundante del código emparejado,False,no usar simultáneamente como feature junto con su código
qn70,qn_derived,categorical_feature_candidate,texto_qn70,float64,binary_categorical,2,13958,25.12646036975032,"[""Si"", ""No""]",ALTA,dos categorías observadas con etiquetas inequívocas,True,
texto_qn70,derived_text,interpretation_only,,object,interpretation_text,3,0,0.0,"[""Si"", ""Dato perdido"", ""No""]",ALTA,etiqueta textual redundante del código emparejado,False,no usar simultáneamente como feature junto con su código
qn71,qn_derived,categorical_feature_candidate,texto_qn71,float64,binary_categorical,2,30062,54.116037515076236,"[""Si"", ""No""]",ALTA,dos categorías observadas con etiquetas inequívocas,True,
texto_qn71,derived_text,interpretation_only,,object,interpretation_text,3,0,0.0,"[""Si"", ""Dato perdido"", ""No""]",ALTA,etiqueta textual redundante del código emparejado,False,no usar simultáneamente como feature junto con su código
qn72,qn_derived,categorical_feature_candidate,texto_qn72,float64,binary_categorical,2,26538,47.77231733002106,"[""Si"", ""No""]",ALTA,dos categorías observadas con etiquetas inequívocas,True,
texto_qn72,derived_text,interpretation_only,,object,interpretation_text,3,0,0.0,"[""Si"", ""No"", ""Dato perdido""]",ALTA,etiqueta textual redundante del código emparejado,False,no usar simultáneamente como feature junto con su código
qn73,qn_derived,categorical_feature_candidate,texto_qn73,float64,binary_categorical,2,22434,40.384511529945456,"[""Si"", ""No""]",ALTA,dos categorías observadas con etiquetas inequívocas,True,
texto_qn73,derived_text,interpretation_only,,object,interpretation_text,3,0,0.0,"[""No"", ""Dato perdido"", ""Si""]",ALTA,etiqueta textual redundante del código emparejado,False,no usar simultáneamente como feature junto con su código
qn74,qn_derived,categorical_feature_candidate,texto_qn74,float64,binary_categorical,2,22042,39.67885366600061,"[""Si"", ""No""]",ALTA,dos categorías observadas con etiquetas inequívocas,True,
texto_qn74,derived_text,interpretation_only,,object,interpretation_text,3,0,0.0,"[""No"", ""Dato perdido"", ""Si""]",ALTA,etiqueta textual redundante del código emparejado,False,no usar simultáneamente como feature junto con su código
qn75,qn_derived,categorical_feature_candidate,texto_qn75,float64,binary_categorical,2,34417,61.955680365789995,"[""Si"", ""No""]",ALTA,dos categorías observadas con etiquetas inequívocas,True,
texto_qn75,derived_text,interpretation_only,,object,interpretation_text,3,0,0.0,"[""Si"", ""Dato perdido"", ""No""]",ALTA,etiqueta textual redundante del código emparejado,False,no usar simultáneamente como feature junto con su código
qn76,qn_derived,categorical_feature_candidate,texto_qn76,float64,binary_categorical,2,531,0.9558783820273262,"[""Si"", ""No""]",ALTA,dos categorías observadas con etiquetas inequívocas,True,
texto_qn76,derived_text,interpretation_only,,object,interpretation_text,3,0,0.0,"[""Si"", ""No"", ""Dato perdido""]",ALTA,etiqueta textual redundante del código emparejado,False,no usar simultáneamente como feature junto con su código
qn77,qn_derived,categorical_feature_candidate,texto_qn77,float64,binary_categorical,2,421,0.7578621446958651,"[""Si"", ""No""]",ALTA,dos categorías observadas con etiquetas inequívocas,True,
texto_qn77,derived_text,interpretation_only,,object,interpretation_text,3,0,0.0,"[""Si"", ""No"", ""Dato perdido""]",ALTA,etiqueta textual redundante del código emparejado,False,no usar simultáneamente como feature junto con su código
qn78,qn_derived,categorical_feature_candidate,texto_qn78,float64,binary_categorical,2,334,0.6012493024428003,"[""Si"", ""No""]",ALTA,dos categorías observadas con etiquetas inequívocas,True,
texto_qn78,derived_text,interpretation_only,,object,interpretation_text,3,0,0.0,"[""No"", ""Si"", ""Dato perdido""]",ALTA,etiqueta textual redundante del código emparejado,False,no usar simultáneamente como feature junto con su código
qn79,qn_derived,categorical_feature_candidate,texto_qn79,float64,binary_categorical,2,639,1.150294324134579,"[""Si"", ""No""]",ALTA,dos categorías observadas con etiquetas inequívocas,True,
texto_qn79,derived_text,interpretation_only,,object,interpretation_text,3,0,0.0,"[""Si"", ""No"", ""Dato perdido""]",ALTA,etiqueta textual redundante del código emparejado,False,no usar simultáneamente como feature junto con su código
qn80,qn_derived,categorical_feature_candidate,texto_qn80,float64,binary_categorical,2,1450,2.610214037551079,"[""Si"", ""No""]",ALTA,dos categorías observadas con etiquetas inequívocas,True,
texto_qn80,derived_text,interpretation_only,,object,interpretation_text,3,0,0.0,"[""Dato perdido"", ""Si"", ""No""]",ALTA,etiqueta textual redundante del código emparejado,False,no usar simultáneamente como feature junto con su código
qn81,qn_derived,categorical_feature_candidate,texto_qn81,float64,binary_categorical,2,1544,2.7794279130888735,"[""Si"", ""No""]",ALTA,dos categorías observadas con etiquetas inequívocas,True,
texto_qn81,derived_text,interpretation_only,,object,interpretation_text,3,0,0.0,"[""Dato perdido"", ""No"", ""Si""]",ALTA,etiqueta textual redundante del código emparejado,False,no usar simultáneamente como feature junto con su código
qnunwtg,qn_derived,categorical_feature_candidate,texto_qnunwtg,float64,binary_categorical,2,20209,36.37918309301363,"[""Si"", ""No""]",ALTA,dos categorías observadas con etiquetas inequívocas,True,
texto_qnunwtg,derived_text,interpretation_only,,object,interpretation_text,3,0,0.0,"[""Dato perdido"", ""No"", ""Si""]",ALTA,etiqueta textual redundante del código emparejado,False,no usar simultáneamente como feature junto con su código
qnowtg,qn_derived,categorical_feature_candidate,texto_qnowtg,float64,binary_categorical,2,20209,36.37918309301363,"[""Si"", ""No""]",ALTA,dos categorías observadas con etiquetas inequívocas,True,
texto_qnowtg,derived_text,interpretation_only,,object,interpretation_text,3,0,0.0,"[""Dato perdido"", ""No"", ""Si""]",ALTA,etiqueta textual redundante del código emparejado,False,no usar simultáneamente como feature junto con su código
qnobeseg,qn_derived,categorical_feature_candidate,texto_qnobeseg,float64,binary_categorical,2,20209,36.37918309301363,"[""Si"", ""No""]",ALTA,dos categorías observadas con etiquetas inequívocas,True,
texto_qnobeseg,derived_text,interpretation_only,,object,interpretation_text,3,0,0.0,"[""Dato perdido"", ""No"", ""Si""]",ALTA,etiqueta textual redundante del código emparejado,False,no usar simultáneamente como feature junto con su código
qnff1g,qn_derived,categorical_feature_candidate,texto_qnff1g,float64,binary_categorical,2,179,0.32222642256665046,"[""Si"", ""No""]",ALTA,dos categorías observadas con etiquetas inequívocas,True,
texto_qnff1g,derived_text,interpretation_only,,object,interpretation_text,3,0,0.0,"[""No"", ""Si"", ""Dato perdido""]",ALTA,etiqueta textual redundante del código emparejado,False,no usar simultáneamente como feature junto con su código
qnff2g,qn_derived,categorical_feature_candidate,texto_qnff2g,float64,binary_categorical,2,179,0.32222642256665046,"[""Si"", ""No""]",ALTA,dos categorías observadas con etiquetas inequívocas,True,
texto_qnff2g,derived_text,interpretation_only,,object,interpretation_text,3,0,0.0,"[""No"", ""Si"", ""Dato perdido""]",ALTA,etiqueta textual redundante del código emparejado,False,no usar simultáneamente como feature junto con su código
qnff3g,qn_derived,categorical_feature_candidate,texto_qnff3g,float64,binary_categorical,2,179,0.32222642256665046,"[""Si"", ""No""]",ALTA,dos categorías observadas con etiquetas inequívocas,True,
texto_qnff3g,derived_text,interpretation_only,,object,interpretation_text,3,0,0.0,"[""No"", ""Si"", ""Dato perdido""]",ALTA,etiqueta textual redundante del código emparejado,False,no usar simultáneamente como feature junto con su código
qntob2g,qn_derived,categorical_feature_candidate,texto_qntob2g,float64,binary_categorical,2,593,1.0674875339777863,"[""Si"", ""No""]",ALTA,dos categorías observadas con etiquetas inequívocas,True,
texto_qntob2g,derived_text,interpretation_only,,object,interpretation_text,3,0,0.0,"[""Si"", ""No"", ""Dato perdido""]",ALTA,etiqueta textual redundante del código emparejado,False,no usar simultáneamente como feature junto con su código
qnnotb2g,qn_derived,categorical_feature_candidate,texto_qnnotb2g,float64,binary_categorical,2,907,1.6327338841785026,"[""Si"", ""No""]",ALTA,dos categorías observadas con etiquetas inequívocas,True,
texto_qnnotb2g,derived_text,interpretation_only,,object,interpretation_text,3,0,0.0,"[""Dato perdido"", ""Si"", ""No""]",ALTA,etiqueta textual redundante del código emparejado,False,no usar simultáneamente como feature junto con su código
qnbcanyg,qn_derived,categorical_feature_candidate,texto_qnbcanyg,float64,binary_categorical,2,36097,64.97992835412504,"[""Si"", ""No""]",ALTA,dos categorías observadas con etiquetas inequívocas,True,
texto_qnbcanyg,derived_text,interpretation_only,,object,interpretation_text,3,0,0.0,"[""Dato perdido"", ""Si"", ""No""]",ALTA,etiqueta textual redundante del código emparejado,False,no usar simultáneamente como feature junto con su código
qnc1g,qn_derived,categorical_feature_candidate,texto_qnc1g,float64,binary_categorical,2,36144,65.06453529189393,"[""Si"", ""No""]",ALTA,dos categorías observadas con etiquetas inequívocas,True,
texto_qnc1g,derived_text,interpretation_only,,object,interpretation_text,3,0,0.0,"[""Dato perdido"", ""Si"", ""No""]",ALTA,etiqueta textual redundante del código emparejado,False,no usar simultáneamente como feature junto con su código
qnpa5g,qn_derived,hard_leakage,texto_qnpa5g,float64,binary_categorical,2,0,0.0,"[""Si"", ""No""]",ALTA,dos categorías observadas con etiquetas inequívocas,False,proxy determinístico directo de q49; excluir de X
texto_qnpa5g,derived_text,hard_leakage,,object,interpretation_text,2,0,0.0,"[""Si"", ""No""]",ALTA,etiqueta textual redundante del código emparejado,False,no usar simultáneamente como feature junto con su código
qnpa7g,qn_derived,hard_leakage,texto_qnpa7g,float64,binary_categorical,2,0,0.0,"[""Si"", ""No""]",ALTA,dos categorías observadas con etiquetas inequívocas,False,proxy determinístico directo de q49; excluir de X
texto_qnpa7g,derived_text,hard_leakage,,object,interpretation_text,2,0,0.0,"[""Si"", ""No""]",ALTA,etiqueta textual redundante del código emparejado,False,no usar simultáneamente como feature junto con su código
qnpe3g,qn_derived,categorical_feature_candidate,texto_qnpe3g,float64,binary_categorical,2,1068,1.9225576497272776,"[""Si"", ""No""]",ALTA,dos categorías observadas con etiquetas inequívocas,True,
texto_qnpe3g,derived_text,interpretation_only,,object,interpretation_text,3,0,0.0,"[""No"", ""Si"", ""Dato perdido""]",ALTA,etiqueta textual redundante del código emparejado,False,no usar simultáneamente como feature junto con su código
qnpe5g,qn_derived,categorical_feature_candidate,texto_qnpe5g,float64,binary_categorical,2,1068,1.9225576497272776,"[""Si"", ""No""]",ALTA,dos categorías observadas con etiquetas inequívocas,True,
texto_qnpe5g,derived_text,interpretation_only,,object,interpretation_text,3,0,0.0,"[""No"", ""Si"", ""Dato perdido""]",ALTA,etiqueta textual redundante del código emparejado,False,no usar simultáneamente como feature junto con su código
weight,metadata,metadata,,float64,metadata,5115,0,0.0,min=2.12; max=1192.43; n_unique=5115,ALTA,metadata muestral confirmada en B0,False,
stratum,metadata,metadata,,int64,metadata,255,0,0.0,min=2.01801e+08; max=2.01824e+08; n_unique=255,ALTA,metadata muestral confirmada en B0,False,
psu,metadata,metadata,,int64,metadata,57,0,0.0,min=1; max=57; n_unique=57,ALTA,metadata muestral confirmada en B0,False,
