column,missing_n,missing_pct
qn40,55551,100.0
qn31,44480,80.07056578639448
qn18,41543,74.78353224964447
qn19,41169,74.1102770427175
qnc1g,36144,65.06453529189393
qnbcanyg,36097,64.97992835412504
qn48,35141,63.25898723695343
qn47,35120,63.22118413709924
qn45,35018,63.03756908066462
qn75,34417,61.955680365789995
qn28,33614,60.51016183327033
qn71,30062,54.116037515076236
qn72,26538,47.77231733002106
qn37,26278,47.30427895087397
qn36,24907,44.836276574679125
qn73,22434,40.384511529945456
qn74,22042,39.67885366600061
q4,20209,36.37918309301363
q5,20209,36.37918309301363
qnobeseg,20209,36.37918309301363
qnowtg,20209,36.37918309301363
qnunwtg,20209,36.37918309301363
qn34,15701,28.264117657647926
qn70,13958,25.12646036975032
qn69,8927,16.069917733254126
q17,5246,9.443574373098594
qn17,5246,9.443574373098594
q19,5015,9.027740274702525
q18,4046,7.2833972385735635
q73,3822,6.880164173462224
q74,3593,6.467930370290364
q34,3385,6.093499666972692
q44,2347,4.2249464456085395
qn44,2347,4.2249464456085395
q40,2238,4.0287303558891825
q45,2108,3.794711166315638
q37,2070,3.7263055570556785
q35,1893,3.4076794297132365
qn35,1893,3.4076794297132365
q48,1879,3.382477363143778
q47,1804,3.247466292235963
q38,1568,2.8226314557793737
qn38,1568,2.8226314557793737
q81,1544,2.7794279130888735
qn81,1544,2.7794279130888735
q59,1509,2.7164227466652267
qn59,1509,2.7164227466652267
q56,1494,2.6894205324836635
qn56,1494,2.6894205324836635
q80,1450,2.610214037551079
qn80,1450,2.610214037551079
q36,1421,2.5580097568000575
q46,1387,2.496804737988515
qn46,1387,2.496804737988515
q60,1385,2.4932044427643065
qn60,1385,2.4932044427643065
q24,1233,2.2195820057244693
qn24,1233,2.2195820057244693
q71,1209,2.1763784630339686
q39,1194,2.149376248852406
qn39,1194,2.149376248852406
q58,1159,2.086371082428759
qn58,1159,2.086371082428759
q66,1132,2.037767096901946
qn66,1132,2.037767096901946
q41,1123,2.021565768393008
qn41,1123,2.021565768393008
q51,1068,1.9225576497272776
qn51,1068,1.9225576497272776
qnpe3g,1068,1.9225576497272776
qnpe5g,1068,1.9225576497272776
q57,1044,1.879354107036777
qn57,1044,1.879354107036777
q31,1042,1.8757538118125687
q28,1027,1.8487515976310058
q3,990,1.7821461359831505
q53,990,1.7821461359831505
qn53,990,1.7821461359831505
q42,972,1.749743478965275
qn42,972,1.749743478965275
q43,967,1.7407427409047542
qn43,967,1.7407427409047542
q27,935,1.68313801731742
qn27,935,1.68313801731742
q55,931,1.6759374268690033
qn55,931,1.6759374268690033
q69,919,1.654335655523753
qnnotb2g,907,1.6327338841785026
q52,773,1.3915141041565409
qn52,773,1.3915141041565409
q50,769,1.3843135137081242
qn50,769,1.3843135137081242
q75,765,1.3771129232597072
q54,726,1.3069071663876437
qn54,726,1.3069071663876437
q72,695,1.2511025904124138
q33,665,1.197098162049288
qn33,665,1.197098162049288
q25,660,1.1880974239887672
qn25,660,1.1880974239887672
q79,639,1.150294324134579
qn79,639,1.150294324134579
qntob2g,593,1.0674875339777863
q26,570,1.0260841388993898
qn26,570,1.0260841388993898
q29,537,0.9666792676999514
qn29,537,0.9666792676999514
q76,531,0.9558783820273262
qn76,531,0.9558783820273262
q30,523,0.9414772011304927
qn30,523,0.9414772011304927
q2,491,0.8838724775431586
q68,489,0.8802721823189501
qn68,489,0.8802721823189501
q65,484,0.8712714442584292
qn65,484,0.8712714442584292
q6,451,0.8118665730589908
qn6,451,0.8118665730589908
q62,448,0.8064661302226782
qn62,448,0.8064661302226782
q32,433,0.7794639160411154
qn32,433,0.7794639160411154
q67,426,0.766862882756386
qn67,426,0.766862882756386
q77,421,0.7578621446958651
qn77,421,0.7578621446958651
q63,334,0.6012493024428003
q78,334,0.6012493024428003
qn63,334,0.6012493024428003
qn78,334,0.6012493024428003
q23,329,0.5922485643822794
qn23,329,0.5922485643822794
q61,317,0.570646793037029
qn61,317,0.570646793037029
q64,310,0.5580457597522996
qn64,310,0.5580457597522996
q22,309,0.5562456121401955
qn22,309,0.5562456121401955
q70,298,0.5364439884070494
q16,216,0.3888318842145056
qn16,216,0.3888318842145056
q15,190,0.3420280462997966
qn15,190,0.3420280462997966
q10,179,0.32222642256665046
qn10,179,0.32222642256665046
qnff1g,179,0.32222642256665046
qnff2g,179,0.32222642256665046
qnff3g,179,0.32222642256665046
q1,97,0.17461431837410668
q49,0,0.0
qn49,0,0.0
qnpa5g,0,0.0
qnpa7g,0,0.0
