psu,n_rows,target_0_n,target_1_n,positive_rate
1,2607,1844,763,0.2926735711545838
2,2577,1783,794,0.3081102056655025
3,2700,1871,829,0.30703703703703705
4,2670,1859,811,0.3037453183520599
5,2301,1559,742,0.32246849196001737
6,3031,2180,851,0.28076542395249093
7,2545,1731,814,0.3198428290766208
8,2562,1824,738,0.28805620608899296
9,2696,1893,803,0.2978486646884273
10,2761,1992,769,0.27852227453821077
11,2568,1803,765,0.29789719626168226
12,2235,1563,672,0.3006711409395973
13,2564,1798,766,0.29875195007800315
14,2581,1812,769,0.29794653235180163
15,2272,1602,670,0.2948943661971831
16,2584,1746,838,0.32430340557275544
17,2170,1585,585,0.2695852534562212
18,1816,1276,540,0.2973568281938326
19,1667,1141,526,0.3155368926214757
20,1615,1148,467,0.2891640866873065
21,1367,1039,328,0.23994147768836868
22,972,711,261,0.26851851851851855
23,818,587,231,0.2823960880195599
24,872,608,264,0.30275229357798167
25,321,227,94,0.29283489096573206
26,129,76,53,0.4108527131782946
27,100,56,44,0.44
28,142,84,58,0.4084507042253521
29,73,54,19,0.2602739726027397
30,118,85,33,0.2796610169491525
31,60,42,18,0.3
32,82,59,23,0.2804878048780488
33,36,21,15,0.4166666666666667
34,40,30,10,0.25
35,28,22,6,0.21428571428571427
36,25,16,9,0.36
37,15,10,5,0.3333333333333333
38,18,12,6,0.3333333333333333
39,6,4,2,0.3333333333333333
40,123,86,37,0.3008130081300813
41,123,78,45,0.36585365853658536
42,76,56,20,0.2631578947368421
43,98,70,28,0.2857142857142857
44,102,69,33,0.3235294117647059
45,110,81,29,0.2636363636363636
46,99,64,35,0.35353535353535354
47,70,53,17,0.24285714285714285
48,75,57,18,0.24
49,124,89,35,0.28225806451612906
50,72,55,17,0.2361111111111111
51,159,100,59,0.3710691823899371
52,109,64,45,0.41284403669724773
53,102,59,43,0.4215686274509804
54,84,67,17,0.20238095238095238
55,111,70,41,0.36936936936936937
56,114,79,35,0.30701754385964913
57,56,43,13,0.23214285714285715
