dependent_col,dependent_text_col,dependent_observed_labels,filter_col,filter_non_applicable_label,n_filter_non_applicable,n_missing_dependent,exact_mask_match,mismatch_n,classification,evidence
qn18,texto_qn18,Dato perdido | No | Si,q18,No tuve ninguna lesión seria o grave en los últimos 12 meses,37497,41543,False,4046,NO_IDENTIFICABLE_POSIBLE_BRANCHING,Máscara no-aplicación de texto_q18: n=37497; missing qn18: n=41543; mismatches=4046; todos los no-aplicables faltan=True.
qn19,texto_qn19,Dato perdido | No | Si,q19,No sufrí ninguna lesión seria o grave durante los últimos 12 meses,36154,41169,False,5015,NO_IDENTIFICABLE_POSIBLE_BRANCHING,Máscara no-aplicación de texto_q19: n=36154; missing qn19: n=41169; mismatches=5015; todos los no-aplicables faltan=True.
qn28,texto_qn28,Dato perdido | No | Si,q28,Nunca probé cigarrillos,32587,33614,False,1027,NO_IDENTIFICABLE_POSIBLE_BRANCHING,Máscara no-aplicación de texto_q28: n=32587; missing qn28: n=33614; mismatches=1027; todos los no-aplicables faltan=True.
qn31,texto_qn31,Dato perdido | No | Si,q31,Nunca fumé cigarrillos | No fumé cigarrillos durante los últimos 12 meses,43438,44480,False,1042,NO_IDENTIFICABLE_POSIBLE_BRANCHING,Máscara no-aplicación de texto_q31: n=43438; missing qn31: n=44480; mismatches=1042; todos los no-aplicables faltan=True.
qn36,texto_qn36,Dato perdido | No | Si,q36,No tomé alcohol durante los últimos 30 días,23486,24907,False,1421,NO_IDENTIFICABLE_POSIBLE_BRANCHING,Máscara no-aplicación de texto_q36: n=23486; missing qn36: n=24907; mismatches=1421; todos los no-aplicables faltan=True.
qn37,texto_qn37,Dato perdido | No | Si,q37,No tomé alcohol durante los últimos 30 días,24208,26278,False,2070,NO_IDENTIFICABLE_POSIBLE_BRANCHING,Máscara no-aplicación de texto_q37: n=24208; missing qn37: n=26278; mismatches=2070; todos los no-aplicables faltan=True.
qn40,texto_qn40,Dato perdido,,,0,55551,False,55551,NO_IDENTIFICABLE,Criterio metodológico: 100% faltante; no se intenta atribuir causa ni branching.
qn45,texto_qn45,Dato perdido | No | Si,q45,Nunca tuve relaciones sexuales,32910,35018,False,2108,NO_IDENTIFICABLE_POSIBLE_BRANCHING,Máscara no-aplicación de texto_q45: n=32910; missing qn45: n=35018; mismatches=2108; todos los no-aplicables faltan=True.
qn47,texto_qn47,Dato perdido | No | Si,q47,Nunca tuve relaciones sexuales,33316,35120,False,1804,NO_IDENTIFICABLE_POSIBLE_BRANCHING,Máscara no-aplicación de texto_q47: n=33316; missing qn47: n=35120; mismatches=1804; todos los no-aplicables faltan=True.
qn48,texto_qn48,Dato perdido | No | Si,q48,Nunca tuve relaciones sexuales,33262,35141,False,1879,NO_IDENTIFICABLE_POSIBLE_BRANCHING,Máscara no-aplicación de texto_q48: n=33262; missing qn48: n=35141; mismatches=1879; todos los no-aplicables faltan=True.
qn71,texto_qn71,Dato perdido | No | Si,q71,No maneje una bicicleta en los últimos 30 días,28853,30062,False,1209,NO_IDENTIFICABLE_POSIBLE_BRANCHING,Máscara no-aplicación de texto_q71: n=28853; missing qn71: n=30062; mismatches=1209; todos los no-aplicables faltan=True.
qn72,texto_qn72,Dato perdido | No | Si,q72,No viaje en una moto en los últimos 30 días,25843,26538,False,695,NO_IDENTIFICABLE_POSIBLE_BRANCHING,Máscara no-aplicación de texto_q72: n=25843; missing qn72: n=26538; mismatches=695; todos los no-aplicables faltan=True.
qn73,texto_qn73,Dato perdido | No | Si,q73,Yo no tomo alcohol,18612,22434,False,3822,NO_IDENTIFICABLE_POSIBLE_BRANCHING,Máscara no-aplicación de texto_q73: n=18612; missing qn73: n=22434; mismatches=3822; todos los no-aplicables faltan=True.
qn75,texto_qn75,Dato perdido | No | Si,q75,No intenté comprar alcohol en los últimos 30 días,33652,34417,False,765,NO_IDENTIFICABLE_POSIBLE_BRANCHING,Máscara no-aplicación de texto_q75: n=33652; missing qn75: n=34417; mismatches=765; todos los no-aplicables faltan=True.
qnbcanyg,texto_qnbcanyg,Dato perdido | No | Si,,,0,36097,False,36097,NO_IDENTIFICABLE,No se identificó antecedente qN directo y verificable por nombre.
qnc1g,texto_qnc1g,Dato perdido | No | Si,,,0,36144,False,36144,NO_IDENTIFICABLE,No se identificó antecedente qN directo y verificable por nombre.
