column_a,column_b,missing_a,missing_b,both_missing,missing_a_shared_pct,missing_b_shared_pct,min_shared_pct,jaccard_missing
q4,q5,20209,20209,20209,100.0,100.0,100.0,1.0
qn48,qn47,35141,35120,34431,97.97956802595259,98.03815489749431,97.97956802595259,0.9609545073960368
qn47,qn45,35120,35018,34180,97.32346241457859,97.60694499971443,97.32346241457859,0.950553423438456
qn48,qn45,35141,35018,34176,97.25391992259753,97.5955223028157,97.25391992259753,0.9497818414251175
qnbcanyg,qn47,36097,35120,35020,97.0163725517356,99.71526195899773,97.0163725517356,0.9674834931071635
qn18,qn19,41543,41169,40263,96.91885516212118,97.79931501858194,96.91885516212118,0.9485029093736013
qnbcanyg,qn48,36097,35141,34916,96.72825996620217,99.35972226174555,96.72825996620217,0.9612906778261109
qnbcanyg,qn45,36097,35018,34275,94.9524891265202,97.87823405105945,94.9524891265202,0.9303745928338762
qn37,qn36,26278,24907,23625,89.90410229088972,94.85285261171558,89.90410229088972,0.8572206095791002
qn40,qn31,55551,44480,44480,80.07056578639448,100.0,80.07056578639448,0.8007056578639449
