column,missing_n,missing_pct,proposed_mechanism,confidence,evidence,requires_review,feature_status,notes
qn40,55551,100.0,NO_IDENTIFICABLE,ALTA_EN_LIMITACION,"missing_n=55551, missing_pct=100%; ausencia total no identifica causa.",False,EXCLUIR_VACIO_INFORMATIVO,"100% faltante permite decidir inutilidad como feature, no el mecanismo."
qn31,44480,80.07056578639448,NO_IDENTIFICABLE_POSIBLE_BRANCHING,MEDIA,Máscara no-aplicación de texto_q31: n=43438; missing qn31: n=44480; mismatches=1042; todos los no-aplicables faltan=True.,True,,ESTRUCTURAL_DEMOSTRADO exige igualdad exacta de máscaras; la co-ausencia por sí sola no prueba mecanismo.
qn18,41543,74.78353224964447,NO_IDENTIFICABLE_POSIBLE_BRANCHING,MEDIA,Máscara no-aplicación de texto_q18: n=37497; missing qn18: n=41543; mismatches=4046; todos los no-aplicables faltan=True.,True,,ESTRUCTURAL_DEMOSTRADO exige igualdad exacta de máscaras; la co-ausencia por sí sola no prueba mecanismo.
qn19,41169,74.1102770427175,NO_IDENTIFICABLE_POSIBLE_BRANCHING,MEDIA,Máscara no-aplicación de texto_q19: n=36154; missing qn19: n=41169; mismatches=5015; todos los no-aplicables faltan=True.,True,,ESTRUCTURAL_DEMOSTRADO exige igualdad exacta de máscaras; la co-ausencia por sí sola no prueba mecanismo.
qnc1g,36144,65.06453529189393,NO_IDENTIFICABLE,MEDIA,No se identificó antecedente qN directo y verificable por nombre.,True,,ESTRUCTURAL_DEMOSTRADO exige igualdad exacta de máscaras; la co-ausencia por sí sola no prueba mecanismo.
qnbcanyg,36097,64.97992835412504,NO_IDENTIFICABLE,MEDIA,No se identificó antecedente qN directo y verificable por nombre.,True,,ESTRUCTURAL_DEMOSTRADO exige igualdad exacta de máscaras; la co-ausencia por sí sola no prueba mecanismo.
qn48,35141,63.25898723695343,NO_IDENTIFICABLE_POSIBLE_BRANCHING,MEDIA,Máscara no-aplicación de texto_q48: n=33262; missing qn48: n=35141; mismatches=1879; todos los no-aplicables faltan=True.,True,,ESTRUCTURAL_DEMOSTRADO exige igualdad exacta de máscaras; la co-ausencia por sí sola no prueba mecanismo.
qn47,35120,63.22118413709924,NO_IDENTIFICABLE_POSIBLE_BRANCHING,MEDIA,Máscara no-aplicación de texto_q47: n=33316; missing qn47: n=35120; mismatches=1804; todos los no-aplicables faltan=True.,True,,ESTRUCTURAL_DEMOSTRADO exige igualdad exacta de máscaras; la co-ausencia por sí sola no prueba mecanismo.
qn45,35018,63.03756908066462,NO_IDENTIFICABLE_POSIBLE_BRANCHING,MEDIA,Máscara no-aplicación de texto_q45: n=32910; missing qn45: n=35018; mismatches=2108; todos los no-aplicables faltan=True.,True,,ESTRUCTURAL_DEMOSTRADO exige igualdad exacta de máscaras; la co-ausencia por sí sola no prueba mecanismo.
qn75,34417,61.95568036579,NO_IDENTIFICABLE_POSIBLE_BRANCHING,MEDIA,Máscara no-aplicación de texto_q75: n=33652; missing qn75: n=34417; mismatches=765; todos los no-aplicables faltan=True.,True,,ESTRUCTURAL_DEMOSTRADO exige igualdad exacta de máscaras; la co-ausencia por sí sola no prueba mecanismo.
qn28,33614,60.51016183327033,NO_IDENTIFICABLE_POSIBLE_BRANCHING,MEDIA,Máscara no-aplicación de texto_q28: n=32587; missing qn28: n=33614; mismatches=1027; todos los no-aplicables faltan=True.,True,,ESTRUCTURAL_DEMOSTRADO exige igualdad exacta de máscaras; la co-ausencia por sí sola no prueba mecanismo.
qn71,30062,54.11603751507624,NO_IDENTIFICABLE_POSIBLE_BRANCHING,MEDIA,Máscara no-aplicación de texto_q71: n=28853; missing qn71: n=30062; mismatches=1209; todos los no-aplicables faltan=True.,True,,ESTRUCTURAL_DEMOSTRADO exige igualdad exacta de máscaras; la co-ausencia por sí sola no prueba mecanismo.
qn72,26538,47.77231733002106,NO_IDENTIFICABLE_POSIBLE_BRANCHING,MEDIA,Máscara no-aplicación de texto_q72: n=25843; missing qn72: n=26538; mismatches=695; todos los no-aplicables faltan=True.,True,,ESTRUCTURAL_DEMOSTRADO exige igualdad exacta de máscaras; la co-ausencia por sí sola no prueba mecanismo.
qn37,26278,47.30427895087397,NO_IDENTIFICABLE_POSIBLE_BRANCHING,MEDIA,Máscara no-aplicación de texto_q37: n=24208; missing qn37: n=26278; mismatches=2070; todos los no-aplicables faltan=True.,True,,ESTRUCTURAL_DEMOSTRADO exige igualdad exacta de máscaras; la co-ausencia por sí sola no prueba mecanismo.
qn36,24907,44.836276574679125,NO_IDENTIFICABLE_POSIBLE_BRANCHING,MEDIA,Máscara no-aplicación de texto_q36: n=23486; missing qn36: n=24907; mismatches=1421; todos los no-aplicables faltan=True.,True,,ESTRUCTURAL_DEMOSTRADO exige igualdad exacta de máscaras; la co-ausencia por sí sola no prueba mecanismo.
qn73,22434,40.384511529945456,NO_IDENTIFICABLE_POSIBLE_BRANCHING,MEDIA,Máscara no-aplicación de texto_q73: n=18612; missing qn73: n=22434; mismatches=3822; todos los no-aplicables faltan=True.,True,,ESTRUCTURAL_DEMOSTRADO exige igualdad exacta de máscaras; la co-ausencia por sí sola no prueba mecanismo.
qn74,22042,39.67885366600061,NO_IDENTIFICABLE,BAJA,"missing_n=22042, missing_pct=39.6789%; sin condición previa exacta y semánticamente inequívoca demostrada.",True,,Diagnóstico conservador: el porcentaje aislado no identifica mecanismo.
q4,20209,36.37918309301363,MAR_HIPOTESIS_RESPALDADA,MEDIA,"Co-ausencia q4/q5 exacta; tasas comparadas por target, PSU, stratum, sexo, edad y grado en b3_q4q5_evidence_summary.csv.",False,,Reserva: MNAR_POSIBLE_NO_CONFIRMABLE; no estructural; no MCAR afirmado.
q5,20209,36.37918309301363,MAR_HIPOTESIS_RESPALDADA,MEDIA,"Co-ausencia q4/q5 exacta; tasas comparadas por target, PSU, stratum, sexo, edad y grado en b3_q4q5_evidence_summary.csv.",False,,Reserva: MNAR_POSIBLE_NO_CONFIRMABLE; no estructural; no MCAR afirmado.
qnobeseg,20209,36.37918309301363,NO_IDENTIFICABLE,BAJA,"missing_n=20209, missing_pct=36.3792%; sin condición previa exacta y semánticamente inequívoca demostrada.",True,,Diagnóstico conservador: el porcentaje aislado no identifica mecanismo.
qnowtg,20209,36.37918309301363,NO_IDENTIFICABLE,BAJA,"missing_n=20209, missing_pct=36.3792%; sin condición previa exacta y semánticamente inequívoca demostrada.",True,,Diagnóstico conservador: el porcentaje aislado no identifica mecanismo.
qnunwtg,20209,36.37918309301363,NO_IDENTIFICABLE,BAJA,"missing_n=20209, missing_pct=36.3792%; sin condición previa exacta y semánticamente inequívoca demostrada.",True,,Diagnóstico conservador: el porcentaje aislado no identifica mecanismo.
qn34,15701,28.26411765764793,NO_IDENTIFICABLE,BAJA,"missing_n=15701, missing_pct=28.2641%; sin condición previa exacta y semánticamente inequívoca demostrada.",True,,Diagnóstico conservador: el porcentaje aislado no identifica mecanismo.
qn70,13958,25.12646036975032,NO_IDENTIFICABLE,BAJA,"missing_n=13958, missing_pct=25.1265%; sin condición previa exacta y semánticamente inequívoca demostrada.",True,,Diagnóstico conservador: el porcentaje aislado no identifica mecanismo.
qn69,8927,16.069917733254126,NO_IDENTIFICABLE,BAJA,"missing_n=8927, missing_pct=16.0699%; sin condición previa exacta y semánticamente inequívoca demostrada.",True,,Diagnóstico conservador: el porcentaje aislado no identifica mecanismo.
q17,5246,9.443574373098594,NO_IDENTIFICABLE,BAJA,"missing_n=5246, missing_pct=9.4436%; sin condición previa exacta y semánticamente inequívoca demostrada.",True,,Diagnóstico conservador: el porcentaje aislado no identifica mecanismo.
qn17,5246,9.443574373098594,NO_IDENTIFICABLE,BAJA,"missing_n=5246, missing_pct=9.4436%; sin condición previa exacta y semánticamente inequívoca demostrada.",True,,Diagnóstico conservador: el porcentaje aislado no identifica mecanismo.
q19,5015,9.027740274702523,NO_IDENTIFICABLE,BAJA,"missing_n=5015, missing_pct=9.0277%; sin condición previa exacta y semánticamente inequívoca demostrada.",True,,Diagnóstico conservador: el porcentaje aislado no identifica mecanismo.
q18,4046,7.2833972385735635,NO_IDENTIFICABLE,BAJA,"missing_n=4046, missing_pct=7.2834%; sin condición previa exacta y semánticamente inequívoca demostrada.",True,,Diagnóstico conservador: el porcentaje aislado no identifica mecanismo.
q73,3822,6.880164173462224,NO_IDENTIFICABLE,BAJA,"missing_n=3822, missing_pct=6.8802%; sin condición previa exacta y semánticamente inequívoca demostrada.",True,,Diagnóstico conservador: el porcentaje aislado no identifica mecanismo.
q74,3593,6.467930370290364,NO_IDENTIFICABLE,BAJA,"missing_n=3593, missing_pct=6.4679%; sin condición previa exacta y semánticamente inequívoca demostrada.",True,,Diagnóstico conservador: el porcentaje aislado no identifica mecanismo.
q34,3385,6.093499666972692,NO_IDENTIFICABLE,BAJA,"missing_n=3385, missing_pct=6.0935%; sin condición previa exacta y semánticamente inequívoca demostrada.",True,,Diagnóstico conservador: el porcentaje aislado no identifica mecanismo.
q44,2347,4.22494644560854,NO_IDENTIFICABLE,BAJA,"missing_n=2347, missing_pct=4.2249%; sin condición previa exacta y semánticamente inequívoca demostrada.",True,,Diagnóstico conservador: el porcentaje aislado no identifica mecanismo.
qn44,2347,4.22494644560854,NO_IDENTIFICABLE,BAJA,"missing_n=2347, missing_pct=4.2249%; sin condición previa exacta y semánticamente inequívoca demostrada.",True,,Diagnóstico conservador: el porcentaje aislado no identifica mecanismo.
q40,2238,4.028730355889183,NO_IDENTIFICABLE,BAJA,"missing_n=2238, missing_pct=4.0287%; sin condición previa exacta y semánticamente inequívoca demostrada.",True,,Diagnóstico conservador: el porcentaje aislado no identifica mecanismo.
q45,2108,3.794711166315638,NO_IDENTIFICABLE,BAJA,"missing_n=2108, missing_pct=3.7947%; sin condición previa exacta y semánticamente inequívoca demostrada.",True,,Diagnóstico conservador: el porcentaje aislado no identifica mecanismo.
q37,2070,3.7263055570556793,NO_IDENTIFICABLE,BAJA,"missing_n=2070, missing_pct=3.7263%; sin condición previa exacta y semánticamente inequívoca demostrada.",True,,Diagnóstico conservador: el porcentaje aislado no identifica mecanismo.
q35,1893,3.4076794297132365,NO_IDENTIFICABLE,BAJA,"missing_n=1893, missing_pct=3.4077%; sin condición previa exacta y semánticamente inequívoca demostrada.",True,,Diagnóstico conservador: el porcentaje aislado no identifica mecanismo.
qn35,1893,3.4076794297132365,NO_IDENTIFICABLE,BAJA,"missing_n=1893, missing_pct=3.4077%; sin condición previa exacta y semánticamente inequívoca demostrada.",True,,Diagnóstico conservador: el porcentaje aislado no identifica mecanismo.
q48,1879,3.382477363143778,NO_IDENTIFICABLE,BAJA,"missing_n=1879, missing_pct=3.3825%; sin condición previa exacta y semánticamente inequívoca demostrada.",True,,Diagnóstico conservador: el porcentaje aislado no identifica mecanismo.
q47,1804,3.247466292235963,NO_IDENTIFICABLE,BAJA,"missing_n=1804, missing_pct=3.2475%; sin condición previa exacta y semánticamente inequívoca demostrada.",True,,Diagnóstico conservador: el porcentaje aislado no identifica mecanismo.
q38,1568,2.8226314557793737,NO_IDENTIFICABLE,BAJA,"missing_n=1568, missing_pct=2.8226%; sin condición previa exacta y semánticamente inequívoca demostrada.",True,,Diagnóstico conservador: el porcentaje aislado no identifica mecanismo.
qn38,1568,2.8226314557793737,NO_IDENTIFICABLE,BAJA,"missing_n=1568, missing_pct=2.8226%; sin condición previa exacta y semánticamente inequívoca demostrada.",True,,Diagnóstico conservador: el porcentaje aislado no identifica mecanismo.
q81,1544,2.779427913088873,NO_IDENTIFICABLE,BAJA,"missing_n=1544, missing_pct=2.7794%; sin condición previa exacta y semánticamente inequívoca demostrada.",True,,Diagnóstico conservador: el porcentaje aislado no identifica mecanismo.
qn81,1544,2.779427913088873,NO_IDENTIFICABLE,BAJA,"missing_n=1544, missing_pct=2.7794%; sin condición previa exacta y semánticamente inequívoca demostrada.",True,,Diagnóstico conservador: el porcentaje aislado no identifica mecanismo.
q59,1509,2.7164227466652267,NO_IDENTIFICABLE,BAJA,"missing_n=1509, missing_pct=2.7164%; sin condición previa exacta y semánticamente inequívoca demostrada.",True,,Diagnóstico conservador: el porcentaje aislado no identifica mecanismo.
qn59,1509,2.7164227466652267,NO_IDENTIFICABLE,BAJA,"missing_n=1509, missing_pct=2.7164%; sin condición previa exacta y semánticamente inequívoca demostrada.",True,,Diagnóstico conservador: el porcentaje aislado no identifica mecanismo.
q56,1494,2.6894205324836635,NO_IDENTIFICABLE,BAJA,"missing_n=1494, missing_pct=2.6894%; sin condición previa exacta y semánticamente inequívoca demostrada.",True,,Diagnóstico conservador: el porcentaje aislado no identifica mecanismo.
qn56,1494,2.6894205324836635,NO_IDENTIFICABLE,BAJA,"missing_n=1494, missing_pct=2.6894%; sin condición previa exacta y semánticamente inequívoca demostrada.",True,,Diagnóstico conservador: el porcentaje aislado no identifica mecanismo.
q80,1450,2.610214037551079,NO_IDENTIFICABLE,BAJA,"missing_n=1450, missing_pct=2.6102%; sin condición previa exacta y semánticamente inequívoca demostrada.",True,,Diagnóstico conservador: el porcentaje aislado no identifica mecanismo.
qn80,1450,2.610214037551079,NO_IDENTIFICABLE,BAJA,"missing_n=1450, missing_pct=2.6102%; sin condición previa exacta y semánticamente inequívoca demostrada.",True,,Diagnóstico conservador: el porcentaje aislado no identifica mecanismo.
q36,1421,2.558009756800057,NO_IDENTIFICABLE,BAJA,"missing_n=1421, missing_pct=2.5580%; sin condición previa exacta y semánticamente inequívoca demostrada.",True,,Diagnóstico conservador: el porcentaje aislado no identifica mecanismo.
q46,1387,2.496804737988515,NO_IDENTIFICABLE,BAJA,"missing_n=1387, missing_pct=2.4968%; sin condición previa exacta y semánticamente inequívoca demostrada.",True,,Diagnóstico conservador: el porcentaje aislado no identifica mecanismo.
qn46,1387,2.496804737988515,NO_IDENTIFICABLE,BAJA,"missing_n=1387, missing_pct=2.4968%; sin condición previa exacta y semánticamente inequívoca demostrada.",True,,Diagnóstico conservador: el porcentaje aislado no identifica mecanismo.
q60,1385,2.4932044427643065,NO_IDENTIFICABLE,BAJA,"missing_n=1385, missing_pct=2.4932%; sin condición previa exacta y semánticamente inequívoca demostrada.",True,,Diagnóstico conservador: el porcentaje aislado no identifica mecanismo.
qn60,1385,2.4932044427643065,NO_IDENTIFICABLE,BAJA,"missing_n=1385, missing_pct=2.4932%; sin condición previa exacta y semánticamente inequívoca demostrada.",True,,Diagnóstico conservador: el porcentaje aislado no identifica mecanismo.
q24,1233,2.2195820057244693,NO_IDENTIFICABLE,BAJA,"missing_n=1233, missing_pct=2.2196%; sin condición previa exacta y semánticamente inequívoca demostrada.",True,,Diagnóstico conservador: el porcentaje aislado no identifica mecanismo.
qn24,1233,2.2195820057244693,NO_IDENTIFICABLE,BAJA,"missing_n=1233, missing_pct=2.2196%; sin condición previa exacta y semánticamente inequívoca demostrada.",True,,Diagnóstico conservador: el porcentaje aislado no identifica mecanismo.
q71,1209,2.1763784630339686,NO_IDENTIFICABLE,BAJA,"missing_n=1209, missing_pct=2.1764%; sin condición previa exacta y semánticamente inequívoca demostrada.",True,,Diagnóstico conservador: el porcentaje aislado no identifica mecanismo.
q39,1194,2.149376248852406,NO_IDENTIFICABLE,BAJA,"missing_n=1194, missing_pct=2.1494%; sin condición previa exacta y semánticamente inequívoca demostrada.",True,,Diagnóstico conservador: el porcentaje aislado no identifica mecanismo.
qn39,1194,2.149376248852406,NO_IDENTIFICABLE,BAJA,"missing_n=1194, missing_pct=2.1494%; sin condición previa exacta y semánticamente inequívoca demostrada.",True,,Diagnóstico conservador: el porcentaje aislado no identifica mecanismo.
q58,1159,2.086371082428759,NO_IDENTIFICABLE,BAJA,"missing_n=1159, missing_pct=2.0864%; sin condición previa exacta y semánticamente inequívoca demostrada.",True,,Diagnóstico conservador: el porcentaje aislado no identifica mecanismo.
qn58,1159,2.086371082428759,NO_IDENTIFICABLE,BAJA,"missing_n=1159, missing_pct=2.0864%; sin condición previa exacta y semánticamente inequívoca demostrada.",True,,Diagnóstico conservador: el porcentaje aislado no identifica mecanismo.
q66,1132,2.037767096901946,NO_IDENTIFICABLE,BAJA,"missing_n=1132, missing_pct=2.0378%; sin condición previa exacta y semánticamente inequívoca demostrada.",True,,Diagnóstico conservador: el porcentaje aislado no identifica mecanismo.
qn66,1132,2.037767096901946,NO_IDENTIFICABLE,BAJA,"missing_n=1132, missing_pct=2.0378%; sin condición previa exacta y semánticamente inequívoca demostrada.",True,,Diagnóstico conservador: el porcentaje aislado no identifica mecanismo.
q41,1123,2.021565768393008,NO_IDENTIFICABLE,BAJA,"missing_n=1123, missing_pct=2.0216%; sin condición previa exacta y semánticamente inequívoca demostrada.",True,,Diagnóstico conservador: el porcentaje aislado no identifica mecanismo.
qn41,1123,2.021565768393008,NO_IDENTIFICABLE,BAJA,"missing_n=1123, missing_pct=2.0216%; sin condición previa exacta y semánticamente inequívoca demostrada.",True,,Diagnóstico conservador: el porcentaje aislado no identifica mecanismo.
q51,1068,1.9225576497272776,NO_IDENTIFICABLE,BAJA,"missing_n=1068, missing_pct=1.9226%; sin condición previa exacta y semánticamente inequívoca demostrada.",True,,Diagnóstico conservador: el porcentaje aislado no identifica mecanismo.
qn51,1068,1.9225576497272776,NO_IDENTIFICABLE,BAJA,"missing_n=1068, missing_pct=1.9226%; sin condición previa exacta y semánticamente inequívoca demostrada.",True,,Diagnóstico conservador: el porcentaje aislado no identifica mecanismo.
qnpe3g,1068,1.9225576497272776,NO_IDENTIFICABLE,BAJA,"missing_n=1068, missing_pct=1.9226%; sin condición previa exacta y semánticamente inequívoca demostrada.",True,,Diagnóstico conservador: el porcentaje aislado no identifica mecanismo.
qnpe5g,1068,1.9225576497272776,NO_IDENTIFICABLE,BAJA,"missing_n=1068, missing_pct=1.9226%; sin condición previa exacta y semánticamente inequívoca demostrada.",True,,Diagnóstico conservador: el porcentaje aislado no identifica mecanismo.
q57,1044,1.879354107036777,NO_IDENTIFICABLE,BAJA,"missing_n=1044, missing_pct=1.8794%; sin condición previa exacta y semánticamente inequívoca demostrada.",True,,Diagnóstico conservador: el porcentaje aislado no identifica mecanismo.
qn57,1044,1.879354107036777,NO_IDENTIFICABLE,BAJA,"missing_n=1044, missing_pct=1.8794%; sin condición previa exacta y semánticamente inequívoca demostrada.",True,,Diagnóstico conservador: el porcentaje aislado no identifica mecanismo.
q31,1042,1.8757538118125687,NO_IDENTIFICABLE,BAJA,"missing_n=1042, missing_pct=1.8758%; sin condición previa exacta y semánticamente inequívoca demostrada.",True,,Diagnóstico conservador: el porcentaje aislado no identifica mecanismo.
q28,1027,1.8487515976310056,NO_IDENTIFICABLE,BAJA,"missing_n=1027, missing_pct=1.8488%; sin condición previa exacta y semánticamente inequívoca demostrada.",True,,Diagnóstico conservador: el porcentaje aislado no identifica mecanismo.
q3,990,1.7821461359831503,NO_IDENTIFICABLE,BAJA,"missing_n=990, missing_pct=1.7821%; sin condición previa exacta y semánticamente inequívoca demostrada.",True,,Diagnóstico conservador: el porcentaje aislado no identifica mecanismo.
q53,990,1.7821461359831503,NO_IDENTIFICABLE,BAJA,"missing_n=990, missing_pct=1.7821%; sin condición previa exacta y semánticamente inequívoca demostrada.",True,,Diagnóstico conservador: el porcentaje aislado no identifica mecanismo.
qn53,990,1.7821461359831503,NO_IDENTIFICABLE,BAJA,"missing_n=990, missing_pct=1.7821%; sin condición previa exacta y semánticamente inequívoca demostrada.",True,,Diagnóstico conservador: el porcentaje aislado no identifica mecanismo.
q42,972,1.749743478965275,NO_IDENTIFICABLE,BAJA,"missing_n=972, missing_pct=1.7497%; sin condición previa exacta y semánticamente inequívoca demostrada.",True,,Diagnóstico conservador: el porcentaje aislado no identifica mecanismo.
qn42,972,1.749743478965275,NO_IDENTIFICABLE,BAJA,"missing_n=972, missing_pct=1.7497%; sin condición previa exacta y semánticamente inequívoca demostrada.",True,,Diagnóstico conservador: el porcentaje aislado no identifica mecanismo.
q43,967,1.7407427409047542,NO_IDENTIFICABLE,BAJA,"missing_n=967, missing_pct=1.7407%; sin condición previa exacta y semánticamente inequívoca demostrada.",True,,Diagnóstico conservador: el porcentaje aislado no identifica mecanismo.
qn43,967,1.7407427409047542,NO_IDENTIFICABLE,BAJA,"missing_n=967, missing_pct=1.7407%; sin condición previa exacta y semánticamente inequívoca demostrada.",True,,Diagnóstico conservador: el porcentaje aislado no identifica mecanismo.
q27,935,1.68313801731742,NO_IDENTIFICABLE,BAJA,"missing_n=935, missing_pct=1.6831%; sin condición previa exacta y semánticamente inequívoca demostrada.",True,,Diagnóstico conservador: el porcentaje aislado no identifica mecanismo.
qn27,935,1.68313801731742,NO_IDENTIFICABLE,BAJA,"missing_n=935, missing_pct=1.6831%; sin condición previa exacta y semánticamente inequívoca demostrada.",True,,Diagnóstico conservador: el porcentaje aislado no identifica mecanismo.
q55,931,1.6759374268690033,NO_IDENTIFICABLE,BAJA,"missing_n=931, missing_pct=1.6759%; sin condición previa exacta y semánticamente inequívoca demostrada.",True,,Diagnóstico conservador: el porcentaje aislado no identifica mecanismo.
qn55,931,1.6759374268690033,NO_IDENTIFICABLE,BAJA,"missing_n=931, missing_pct=1.6759%; sin condición previa exacta y semánticamente inequívoca demostrada.",True,,Diagnóstico conservador: el porcentaje aislado no identifica mecanismo.
q69,919,1.654335655523753,NO_IDENTIFICABLE,BAJA,"missing_n=919, missing_pct=1.6543%; sin condición previa exacta y semánticamente inequívoca demostrada.",True,,Diagnóstico conservador: el porcentaje aislado no identifica mecanismo.
qnnotb2g,907,1.6327338841785026,NO_IDENTIFICABLE,BAJA,"missing_n=907, missing_pct=1.6327%; sin condición previa exacta y semánticamente inequívoca demostrada.",True,,Diagnóstico conservador: el porcentaje aislado no identifica mecanismo.
q52,773,1.3915141041565409,NO_IDENTIFICABLE,BAJA,"missing_n=773, missing_pct=1.3915%; sin condición previa exacta y semánticamente inequívoca demostrada.",True,,Diagnóstico conservador: el porcentaje aislado no identifica mecanismo.
qn52,773,1.3915141041565409,NO_IDENTIFICABLE,BAJA,"missing_n=773, missing_pct=1.3915%; sin condición previa exacta y semánticamente inequívoca demostrada.",True,,Diagnóstico conservador: el porcentaje aislado no identifica mecanismo.
q50,769,1.3843135137081242,NO_IDENTIFICABLE,BAJA,"missing_n=769, missing_pct=1.3843%; sin condición previa exacta y semánticamente inequívoca demostrada.",True,,Diagnóstico conservador: el porcentaje aislado no identifica mecanismo.
qn50,769,1.3843135137081242,NO_IDENTIFICABLE,BAJA,"missing_n=769, missing_pct=1.3843%; sin condición previa exacta y semánticamente inequívoca demostrada.",True,,Diagnóstico conservador: el porcentaje aislado no identifica mecanismo.
q75,765,1.3771129232597072,NO_IDENTIFICABLE,BAJA,"missing_n=765, missing_pct=1.3771%; sin condición previa exacta y semánticamente inequívoca demostrada.",True,,Diagnóstico conservador: el porcentaje aislado no identifica mecanismo.
q54,726,1.3069071663876437,NO_IDENTIFICABLE,BAJA,"missing_n=726, missing_pct=1.3069%; sin condición previa exacta y semánticamente inequívoca demostrada.",True,,Diagnóstico conservador: el porcentaje aislado no identifica mecanismo.
qn54,726,1.3069071663876437,NO_IDENTIFICABLE,BAJA,"missing_n=726, missing_pct=1.3069%; sin condición previa exacta y semánticamente inequívoca demostrada.",True,,Diagnóstico conservador: el porcentaje aislado no identifica mecanismo.
q72,695,1.2511025904124138,NO_IDENTIFICABLE,BAJA,"missing_n=695, missing_pct=1.2511%; sin condición previa exacta y semánticamente inequívoca demostrada.",True,,Diagnóstico conservador: el porcentaje aislado no identifica mecanismo.
q33,665,1.197098162049288,NO_IDENTIFICABLE,BAJA,"missing_n=665, missing_pct=1.1971%; sin condición previa exacta y semánticamente inequívoca demostrada.",True,,Diagnóstico conservador: el porcentaje aislado no identifica mecanismo.
qn33,665,1.197098162049288,NO_IDENTIFICABLE,BAJA,"missing_n=665, missing_pct=1.1971%; sin condición previa exacta y semánticamente inequívoca demostrada.",True,,Diagnóstico conservador: el porcentaje aislado no identifica mecanismo.
q25,660,1.1880974239887672,NO_IDENTIFICABLE,BAJA,"missing_n=660, missing_pct=1.1881%; sin condición previa exacta y semánticamente inequívoca demostrada.",True,,Diagnóstico conservador: el porcentaje aislado no identifica mecanismo.
qn25,660,1.1880974239887672,NO_IDENTIFICABLE,BAJA,"missing_n=660, missing_pct=1.1881%; sin condición previa exacta y semánticamente inequívoca demostrada.",True,,Diagnóstico conservador: el porcentaje aislado no identifica mecanismo.
q79,639,1.150294324134579,NO_IDENTIFICABLE,BAJA,"missing_n=639, missing_pct=1.1503%; sin condición previa exacta y semánticamente inequívoca demostrada.",True,,Diagnóstico conservador: el porcentaje aislado no identifica mecanismo.
qn79,639,1.150294324134579,NO_IDENTIFICABLE,BAJA,"missing_n=639, missing_pct=1.1503%; sin condición previa exacta y semánticamente inequívoca demostrada.",True,,Diagnóstico conservador: el porcentaje aislado no identifica mecanismo.
qntob2g,593,1.0674875339777865,NO_IDENTIFICABLE,BAJA,"missing_n=593, missing_pct=1.0675%; sin condición previa exacta y semánticamente inequívoca demostrada.",True,,Diagnóstico conservador: el porcentaje aislado no identifica mecanismo.
q26,570,1.0260841388993898,NO_IDENTIFICABLE,BAJA,"missing_n=570, missing_pct=1.0261%; sin condición previa exacta y semánticamente inequívoca demostrada.",True,,Diagnóstico conservador: el porcentaje aislado no identifica mecanismo.
qn26,570,1.0260841388993898,NO_IDENTIFICABLE,BAJA,"missing_n=570, missing_pct=1.0261%; sin condición previa exacta y semánticamente inequívoca demostrada.",True,,Diagnóstico conservador: el porcentaje aislado no identifica mecanismo.
q29,537,0.9666792676999514,NO_IDENTIFICABLE,BAJA,"missing_n=537, missing_pct=0.9667%; sin condición previa exacta y semánticamente inequívoca demostrada.",True,,Diagnóstico conservador: el porcentaje aislado no identifica mecanismo.
qn29,537,0.9666792676999514,NO_IDENTIFICABLE,BAJA,"missing_n=537, missing_pct=0.9667%; sin condición previa exacta y semánticamente inequívoca demostrada.",True,,Diagnóstico conservador: el porcentaje aislado no identifica mecanismo.
q76,531,0.9558783820273262,NO_IDENTIFICABLE,BAJA,"missing_n=531, missing_pct=0.9559%; sin condición previa exacta y semánticamente inequívoca demostrada.",True,,Diagnóstico conservador: el porcentaje aislado no identifica mecanismo.
qn76,531,0.9558783820273262,NO_IDENTIFICABLE,BAJA,"missing_n=531, missing_pct=0.9559%; sin condición previa exacta y semánticamente inequívoca demostrada.",True,,Diagnóstico conservador: el porcentaje aislado no identifica mecanismo.
q30,523,0.9414772011304928,NO_IDENTIFICABLE,BAJA,"missing_n=523, missing_pct=0.9415%; sin condición previa exacta y semánticamente inequívoca demostrada.",True,,Diagnóstico conservador: el porcentaje aislado no identifica mecanismo.
qn30,523,0.9414772011304928,NO_IDENTIFICABLE,BAJA,"missing_n=523, missing_pct=0.9415%; sin condición previa exacta y semánticamente inequívoca demostrada.",True,,Diagnóstico conservador: el porcentaje aislado no identifica mecanismo.
q2,491,0.8838724775431586,NO_IDENTIFICABLE,BAJA,"missing_n=491, missing_pct=0.8839%; sin condición previa exacta y semánticamente inequívoca demostrada.",True,,Diagnóstico conservador: el porcentaje aislado no identifica mecanismo.
q68,489,0.8802721823189501,NO_IDENTIFICABLE,BAJA,"missing_n=489, missing_pct=0.8803%; sin condición previa exacta y semánticamente inequívoca demostrada.",True,,Diagnóstico conservador: el porcentaje aislado no identifica mecanismo.
qn68,489,0.8802721823189501,NO_IDENTIFICABLE,BAJA,"missing_n=489, missing_pct=0.8803%; sin condición previa exacta y semánticamente inequívoca demostrada.",True,,Diagnóstico conservador: el porcentaje aislado no identifica mecanismo.
q65,484,0.8712714442584292,NO_IDENTIFICABLE,BAJA,"missing_n=484, missing_pct=0.8713%; sin condición previa exacta y semánticamente inequívoca demostrada.",True,,Diagnóstico conservador: el porcentaje aislado no identifica mecanismo.
qn65,484,0.8712714442584292,NO_IDENTIFICABLE,BAJA,"missing_n=484, missing_pct=0.8713%; sin condición previa exacta y semánticamente inequívoca demostrada.",True,,Diagnóstico conservador: el porcentaje aislado no identifica mecanismo.
q6,451,0.8118665730589908,NO_IDENTIFICABLE,BAJA,"missing_n=451, missing_pct=0.8119%; sin condición previa exacta y semánticamente inequívoca demostrada.",True,,Diagnóstico conservador: el porcentaje aislado no identifica mecanismo.
qn6,451,0.8118665730589908,NO_IDENTIFICABLE,BAJA,"missing_n=451, missing_pct=0.8119%; sin condición previa exacta y semánticamente inequívoca demostrada.",True,,Diagnóstico conservador: el porcentaje aislado no identifica mecanismo.
q62,448,0.8064661302226782,NO_IDENTIFICABLE,BAJA,"missing_n=448, missing_pct=0.8065%; sin condición previa exacta y semánticamente inequívoca demostrada.",True,,Diagnóstico conservador: el porcentaje aislado no identifica mecanismo.
qn62,448,0.8064661302226782,NO_IDENTIFICABLE,BAJA,"missing_n=448, missing_pct=0.8065%; sin condición previa exacta y semánticamente inequívoca demostrada.",True,,Diagnóstico conservador: el porcentaje aislado no identifica mecanismo.
q32,433,0.7794639160411154,NO_IDENTIFICABLE,BAJA,"missing_n=433, missing_pct=0.7795%; sin condición previa exacta y semánticamente inequívoca demostrada.",True,,Diagnóstico conservador: el porcentaje aislado no identifica mecanismo.
qn32,433,0.7794639160411154,NO_IDENTIFICABLE,BAJA,"missing_n=433, missing_pct=0.7795%; sin condición previa exacta y semánticamente inequívoca demostrada.",True,,Diagnóstico conservador: el porcentaje aislado no identifica mecanismo.
q67,426,0.766862882756386,NO_IDENTIFICABLE,BAJA,"missing_n=426, missing_pct=0.7669%; sin condición previa exacta y semánticamente inequívoca demostrada.",True,,Diagnóstico conservador: el porcentaje aislado no identifica mecanismo.
qn67,426,0.766862882756386,NO_IDENTIFICABLE,BAJA,"missing_n=426, missing_pct=0.7669%; sin condición previa exacta y semánticamente inequívoca demostrada.",True,,Diagnóstico conservador: el porcentaje aislado no identifica mecanismo.
q77,421,0.7578621446958651,NO_IDENTIFICABLE,BAJA,"missing_n=421, missing_pct=0.7579%; sin condición previa exacta y semánticamente inequívoca demostrada.",True,,Diagnóstico conservador: el porcentaje aislado no identifica mecanismo.
qn77,421,0.7578621446958651,NO_IDENTIFICABLE,BAJA,"missing_n=421, missing_pct=0.7579%; sin condición previa exacta y semánticamente inequívoca demostrada.",True,,Diagnóstico conservador: el porcentaje aislado no identifica mecanismo.
q63,334,0.6012493024428003,NO_IDENTIFICABLE,BAJA,"missing_n=334, missing_pct=0.6012%; sin condición previa exacta y semánticamente inequívoca demostrada.",True,,Diagnóstico conservador: el porcentaje aislado no identifica mecanismo.
q78,334,0.6012493024428003,NO_IDENTIFICABLE,BAJA,"missing_n=334, missing_pct=0.6012%; sin condición previa exacta y semánticamente inequívoca demostrada.",True,,Diagnóstico conservador: el porcentaje aislado no identifica mecanismo.
qn63,334,0.6012493024428003,NO_IDENTIFICABLE,BAJA,"missing_n=334, missing_pct=0.6012%; sin condición previa exacta y semánticamente inequívoca demostrada.",True,,Diagnóstico conservador: el porcentaje aislado no identifica mecanismo.
qn78,334,0.6012493024428003,NO_IDENTIFICABLE,BAJA,"missing_n=334, missing_pct=0.6012%; sin condición previa exacta y semánticamente inequívoca demostrada.",True,,Diagnóstico conservador: el porcentaje aislado no identifica mecanismo.
q23,329,0.5922485643822794,NO_IDENTIFICABLE,BAJA,"missing_n=329, missing_pct=0.5922%; sin condición previa exacta y semánticamente inequívoca demostrada.",True,,Diagnóstico conservador: el porcentaje aislado no identifica mecanismo.
qn23,329,0.5922485643822794,NO_IDENTIFICABLE,BAJA,"missing_n=329, missing_pct=0.5922%; sin condición previa exacta y semánticamente inequívoca demostrada.",True,,Diagnóstico conservador: el porcentaje aislado no identifica mecanismo.
q61,317,0.570646793037029,NO_IDENTIFICABLE,BAJA,"missing_n=317, missing_pct=0.5706%; sin condición previa exacta y semánticamente inequívoca demostrada.",True,,Diagnóstico conservador: el porcentaje aislado no identifica mecanismo.
qn61,317,0.570646793037029,NO_IDENTIFICABLE,BAJA,"missing_n=317, missing_pct=0.5706%; sin condición previa exacta y semánticamente inequívoca demostrada.",True,,Diagnóstico conservador: el porcentaje aislado no identifica mecanismo.
q64,310,0.5580457597522996,NO_IDENTIFICABLE,BAJA,"missing_n=310, missing_pct=0.5580%; sin condición previa exacta y semánticamente inequívoca demostrada.",True,,Diagnóstico conservador: el porcentaje aislado no identifica mecanismo.
qn64,310,0.5580457597522996,NO_IDENTIFICABLE,BAJA,"missing_n=310, missing_pct=0.5580%; sin condición previa exacta y semánticamente inequívoca demostrada.",True,,Diagnóstico conservador: el porcentaje aislado no identifica mecanismo.
q22,309,0.5562456121401955,NO_IDENTIFICABLE,BAJA,"missing_n=309, missing_pct=0.5562%; sin condición previa exacta y semánticamente inequívoca demostrada.",True,,Diagnóstico conservador: el porcentaje aislado no identifica mecanismo.
qn22,309,0.5562456121401955,NO_IDENTIFICABLE,BAJA,"missing_n=309, missing_pct=0.5562%; sin condición previa exacta y semánticamente inequívoca demostrada.",True,,Diagnóstico conservador: el porcentaje aislado no identifica mecanismo.
q70,298,0.5364439884070494,NO_IDENTIFICABLE,BAJA,"missing_n=298, missing_pct=0.5364%; sin condición previa exacta y semánticamente inequívoca demostrada.",True,,Diagnóstico conservador: el porcentaje aislado no identifica mecanismo.
q16,216,0.3888318842145056,NO_IDENTIFICABLE,BAJA,"missing_n=216, missing_pct=0.3888%; sin condición previa exacta y semánticamente inequívoca demostrada.",True,,Diagnóstico conservador: el porcentaje aislado no identifica mecanismo.
qn16,216,0.3888318842145056,NO_IDENTIFICABLE,BAJA,"missing_n=216, missing_pct=0.3888%; sin condición previa exacta y semánticamente inequívoca demostrada.",True,,Diagnóstico conservador: el porcentaje aislado no identifica mecanismo.
q15,190,0.3420280462997966,NO_IDENTIFICABLE,BAJA,"missing_n=190, missing_pct=0.3420%; sin condición previa exacta y semánticamente inequívoca demostrada.",True,,Diagnóstico conservador: el porcentaje aislado no identifica mecanismo.
qn15,190,0.3420280462997966,NO_IDENTIFICABLE,BAJA,"missing_n=190, missing_pct=0.3420%; sin condición previa exacta y semánticamente inequívoca demostrada.",True,,Diagnóstico conservador: el porcentaje aislado no identifica mecanismo.
q10,179,0.3222264225666504,NO_IDENTIFICABLE,BAJA,"missing_n=179, missing_pct=0.3222%; sin condición previa exacta y semánticamente inequívoca demostrada.",True,,Diagnóstico conservador: el porcentaje aislado no identifica mecanismo.
qn10,179,0.3222264225666504,NO_IDENTIFICABLE,BAJA,"missing_n=179, missing_pct=0.3222%; sin condición previa exacta y semánticamente inequívoca demostrada.",True,,Diagnóstico conservador: el porcentaje aislado no identifica mecanismo.
qnff1g,179,0.3222264225666504,NO_IDENTIFICABLE,BAJA,"missing_n=179, missing_pct=0.3222%; sin condición previa exacta y semánticamente inequívoca demostrada.",True,,Diagnóstico conservador: el porcentaje aislado no identifica mecanismo.
qnff2g,179,0.3222264225666504,NO_IDENTIFICABLE,BAJA,"missing_n=179, missing_pct=0.3222%; sin condición previa exacta y semánticamente inequívoca demostrada.",True,,Diagnóstico conservador: el porcentaje aislado no identifica mecanismo.
qnff3g,179,0.3222264225666504,NO_IDENTIFICABLE,BAJA,"missing_n=179, missing_pct=0.3222%; sin condición previa exacta y semánticamente inequívoca demostrada.",True,,Diagnóstico conservador: el porcentaje aislado no identifica mecanismo.
q1,97,0.1746143183741066,NO_IDENTIFICABLE,BAJA,"missing_n=97, missing_pct=0.1746%; sin condición previa exacta y semánticamente inequívoca demostrada.",True,,Diagnóstico conservador: el porcentaje aislado no identifica mecanismo.
q49,0,0.0,SIN_FALTANTES,ALTA,missing_n=0 en el universo B3 de 55551 filas.,False,,No corresponde diagnosticar un mecanismo de ausencia.
qn49,0,0.0,SIN_FALTANTES,ALTA,missing_n=0 en el universo B3 de 55551 filas.,False,,No corresponde diagnosticar un mecanismo de ausencia.
qnpa5g,0,0.0,SIN_FALTANTES,ALTA,missing_n=0 en el universo B3 de 55551 filas.,False,,No corresponde diagnosticar un mecanismo de ausencia.
qnpa7g,0,0.0,SIN_FALTANTES,ALTA,missing_n=0 en el universo B3 de 55551 filas.,False,,No corresponde diagnosticar un mecanismo de ausencia.
