stratum,n,missing_n,observed_n,missing_pct
201801001,183,85,98,46.44808743169399
201801002,203,85,118,41.87192118226601
201801003,188,61,127,32.4468085106383
201801004,181,45,136,24.861878453038674
201801005,213,36,177,16.901408450704224
201801006,272,92,180,33.8235294117647
201801007,218,60,158,27.522935779816514
201801008,305,145,160,47.540983606557376
201801009,198,81,117,40.90909090909091
201801010,147,74,73,50.34013605442177
201801011,94,48,46,51.06382978723404
201802001,258,91,167,35.27131782945737
201802002,258,125,133,48.44961240310077
201802003,291,114,177,39.175257731958766
201802004,278,140,138,50.35971223021583
201802005,379,210,169,55.4089709762533
201802006,168,97,71,57.73809523809524
201802007,173,59,114,34.104046242774565
201802008,206,109,97,52.9126213592233
201802009,101,51,50,50.495049504950494
201802010,109,46,63,42.20183486238532
201803001,254,97,157,38.188976377952756
201803002,287,153,134,53.31010452961672
201803003,203,30,173,14.77832512315271
201803004,163,100,63,61.34969325153374
201803005,190,33,157,17.36842105263158
201803006,228,83,145,36.40350877192982
201803007,200,80,120,40.0
201803008,345,182,163,52.7536231884058
201803009,318,98,220,30.81761006289308
201803010,205,55,150,26.829268292682926
201803011,116,20,96,17.24137931034483
201804001,186,76,110,40.86021505376344
201804002,213,75,138,35.2112676056338
201804003,158,72,86,45.56962025316456
201804004,235,136,99,57.87234042553192
201804005,210,109,101,51.904761904761905
201804006,181,69,112,38.12154696132597
201804007,201,68,133,33.830845771144276
201804008,171,84,87,49.12280701754386
201804009,305,100,205,32.78688524590164
201804010,212,119,93,56.132075471698116
201804011,192,84,108,43.75
201804012,161,67,94,41.61490683229814
201805001,205,50,155,24.390243902439025
201805002,232,110,122,47.41379310344828
201805003,280,54,226,19.285714285714285
201805004,144,68,76,47.22222222222222
201805005,201,71,130,35.32338308457712
201805006,206,60,146,29.12621359223301
201805007,267,84,183,31.46067415730337
201805008,253,66,187,26.08695652173913
201806001,255,97,158,38.03921568627451
201806002,264,132,132,50.0
201806003,204,64,140,31.372549019607842
201806004,203,55,148,27.0935960591133
201806005,233,84,149,36.05150214592275
201806006,171,79,92,46.198830409356724
201806007,264,86,178,32.57575757575758
201806008,232,66,166,28.448275862068964
201806009,185,41,144,22.16216216216216
201806010,102,28,74,27.45098039215686
201807001,212,79,133,37.264150943396224
201807002,204,55,149,26.96078431372549
201807003,176,53,123,30.113636363636363
201807004,268,71,197,26.492537313432837
201807005,260,120,140,46.15384615384615
201807006,210,51,159,24.285714285714285
201807007,248,38,210,15.32258064516129
201807008,226,83,143,36.72566371681416
201807009,214,59,155,27.570093457943926
201807010,170,69,101,40.588235294117645
201807011,58,14,44,24.137931034482758
201807012,80,28,52,35.0
201808001,177,65,112,36.72316384180791
201808002,278,67,211,24.100719424460433
201808003,395,163,232,41.265822784810126
201808004,252,65,187,25.793650793650794
201808005,304,137,167,45.06578947368421
201808006,297,124,173,41.75084175084175
201808007,229,88,141,38.427947598253276
201808008,119,40,79,33.61344537815126
201808009,148,50,98,33.78378378378378
201808010,123,47,76,38.21138211382114
201808011,85,32,53,37.64705882352941
201808012,77,28,49,36.36363636363637
201809001,305,137,168,44.91803278688525
201809002,213,99,114,46.478873239436616
201809003,264,118,146,44.696969696969695
201809004,261,111,150,42.52873563218391
201809005,238,108,130,45.378151260504204
201810001,217,83,134,38.24884792626728
201810002,215,92,123,42.7906976744186
201810003,284,93,191,32.74647887323944
201810004,345,146,199,42.31884057971015
201810005,246,84,162,34.146341463414636
201810006,234,94,140,40.17094017094017
201810007,257,89,168,34.63035019455253
201810008,299,83,216,27.759197324414714
201810009,289,81,208,28.027681660899653
201810010,238,84,154,35.294117647058826
201810011,253,113,140,44.66403162055336
201810012,101,46,55,45.54455445544554
201811001,185,40,145,21.62162162162162
201811002,217,30,187,13.824884792626728
201811003,239,81,158,33.89121338912134
201811004,221,50,171,22.624434389140273
201811005,286,100,186,34.96503496503497
201811006,229,72,157,31.441048034934497
201811007,122,47,75,38.52459016393443
201811008,142,33,109,23.239436619718308
201812001,189,53,136,28.04232804232804
201812002,79,35,44,44.30379746835443
201812003,208,96,112,46.15384615384615
201812004,192,85,107,44.270833333333336
201812005,189,108,81,57.142857142857146
201812006,182,71,111,39.010989010989015
201812007,144,54,90,37.5
201812008,273,100,173,36.63003663003663
201812009,250,93,157,37.2
201812010,202,68,134,33.663366336633665
201812011,154,51,103,33.116883116883116
201812012,120,49,71,40.833333333333336
201812013,53,22,31,41.509433962264154
201813001,226,33,193,14.601769911504425
201813002,279,55,224,19.71326164874552
201813003,211,42,169,19.90521327014218
201813004,223,37,186,16.591928251121075
201813005,236,31,205,13.135593220338983
201813006,265,46,219,17.358490566037737
201813007,246,49,197,19.91869918699187
201813008,252,33,219,13.095238095238095
201813009,198,45,153,22.727272727272727
201813010,262,42,220,16.03053435114504
201813011,217,51,166,23.502304147465438
201813012,336,81,255,24.107142857142858
201814001,264,77,187,29.166666666666668
201814002,298,80,218,26.845637583892618
201814003,248,125,123,50.403225806451616
201814004,254,95,159,37.40157480314961
201814005,276,113,163,40.94202898550725
201814006,236,61,175,25.847457627118644
201814007,289,130,159,44.982698961937714
201814008,322,115,207,35.714285714285715
201814009,241,101,140,41.90871369294606
201814010,218,46,172,21.10091743119266
201814011,135,52,83,38.51851851851852
201815001,242,93,149,38.429752066115704
201815002,169,68,101,40.23668639053255
201815003,221,109,112,49.321266968325794
201815004,257,112,145,43.57976653696498
201815005,183,93,90,50.81967213114754
201815006,246,88,158,35.77235772357724
201815007,314,109,205,34.71337579617835
201815008,208,99,109,47.59615384615385
201815009,207,71,136,34.29951690821256
201816001,158,81,77,51.265822784810126
201816002,166,84,82,50.602409638554214
201816003,231,80,151,34.63203463203463
201816004,145,62,83,42.758620689655174
201816005,148,82,66,55.4054054054054
201816006,224,85,139,37.94642857142857
201816007,267,135,132,50.561797752808985
201816008,185,50,135,27.027027027027028
201817001,143,53,90,37.06293706293706
201817002,234,77,157,32.9059829059829
201817003,162,60,102,37.03703703703704
201817004,234,98,136,41.88034188034188
201817005,218,71,147,32.56880733944954
201817006,241,90,151,37.344398340248965
201817007,286,101,185,35.31468531468531
201817008,193,81,112,41.968911917098445
201817009,158,42,116,26.582278481012658
201817010,239,119,120,49.7907949790795
201817011,123,48,75,39.02439024390244
201817012,82,17,65,20.73170731707317
201818001,193,36,157,18.65284974093264
201818002,309,84,225,27.184466019417474
201818003,260,107,153,41.15384615384615
201818004,162,38,124,23.45679012345679
201818005,327,101,226,30.8868501529052
201818006,162,40,122,24.691358024691358
201818007,255,85,170,33.333333333333336
201818008,159,42,117,26.41509433962264
201818009,156,62,94,39.743589743589745
201818010,191,73,118,38.21989528795812
201818011,125,44,81,35.2
201818012,71,45,26,63.38028169014085
201819001,261,76,185,29.118773946360154
201819002,216,72,144,33.333333333333336
201819003,251,78,173,31.07569721115538
201819004,203,43,160,21.182266009852217
201819005,120,50,70,41.666666666666664
201819006,149,44,105,29.530201342281877
201820001,264,119,145,45.07575757575758
201820002,181,65,116,35.91160220994475
201820003,183,77,106,42.076502732240435
201820004,209,56,153,26.794258373205743
201820005,231,92,139,39.82683982683983
201820006,241,108,133,44.81327800829875
201820007,240,104,136,43.333333333333336
201820008,194,86,108,44.329896907216494
201820009,207,69,138,33.333333333333336
201820010,271,119,152,43.91143911439114
201820011,219,57,162,26.027397260273972
201820012,243,103,140,42.38683127572016
201821001,473,89,384,18.816067653276956
201821002,354,128,226,36.15819209039548
201821003,351,86,265,24.501424501424502
201821004,337,53,284,15.72700296735905
201821005,400,115,285,28.75
201821006,410,80,330,19.51219512195122
201821007,377,141,236,37.40053050397878
201821008,362,151,211,41.71270718232044
201821009,278,105,173,37.76978417266187
201821010,192,67,125,34.895833333333336
201821011,222,61,161,27.47747747747748
201822001,189,81,108,42.857142857142854
201822002,305,206,99,67.54098360655738
201822003,263,122,141,46.38783269961977
201822004,267,141,126,52.80898876404494
201822005,314,142,172,45.22292993630573
201822006,218,127,91,58.25688073394495
201822007,229,138,91,60.262008733624455
201822008,320,116,204,36.25
201822009,288,137,151,47.56944444444444
201822010,200,129,71,64.5
201822011,130,74,56,56.92307692307692
201822012,76,41,35,53.94736842105263
201823001,173,101,72,58.38150289017341
201823002,179,67,112,37.43016759776536
201823003,121,32,89,26.446280991735538
201823004,102,35,67,34.31372549019608
201823005,92,35,57,38.04347826086956
201823006,246,91,155,36.99186991869919
201823007,174,83,91,47.701149425287355
201823008,212,92,120,43.39622641509434
201823009,169,64,105,37.8698224852071
201823010,199,89,110,44.72361809045226
201823011,231,103,128,44.58874458874459
201823012,211,75,136,35.54502369668246
201823013,195,89,106,45.64102564102564
201823014,170,67,103,39.411764705882355
201824001,245,64,181,26.122448979591837
201824002,186,60,126,32.25806451612903
201824003,170,53,117,31.176470588235293
201824004,200,77,123,38.5
201824005,217,99,118,45.6221198156682
201824006,154,42,112,27.272727272727273
201824007,181,63,118,34.806629834254146
201824008,290,137,153,47.241379310344826
201824009,197,19,178,9.644670050761421
201824010,152,66,86,43.421052631578945
201824011,237,32,205,13.50210970464135
201824012,221,107,114,48.41628959276018
