psu,n,missing_n,target_positive_rate,missing_pct
1,2607,914,0.2926735711545838,35.05945531261987
2,2577,835,0.3081102056655025,32.402017850213426
3,2700,1086,0.30703703703703705,40.22222222222222
4,2670,957,0.3037453183520599,35.842696629213485
5,2301,764,0.32246849196001737,33.20295523685354
6,3031,1111,0.28076542395249093,36.654569449026724
7,2545,937,0.3198428290766208,36.817288801571706
8,2562,889,0.28805620608899296,34.69945355191257
9,2696,1090,0.2978486646884273,40.43026706231454
10,2761,1012,0.27852227453821077,36.65338645418327
11,2568,850,0.29789719626168226,33.099688473520246
12,2235,803,0.3006711409395973,35.92841163310962
13,2564,854,0.29875195007800315,33.30733229329173
14,2581,1026,0.29794653235180163,39.75203409531189
15,2272,857,0.2948943661971831,37.72007042253521
16,2584,1005,0.32430340557275544,38.89318885448916
17,2170,788,0.2695852534562212,36.31336405529954
18,1816,573,0.2973568281938326,31.55286343612335
19,1667,699,0.3155368926214757,41.931613677264544
20,1615,553,0.2891640866873065,34.241486068111456
21,1367,444,0.23994147768836868,32.47988295537674
22,972,353,0.26851851851851855,36.31687242798354
23,818,338,0.2823960880195599,41.32029339853301
24,872,304,0.30275229357798167,34.862385321100916
25,321,73,0.29283489096573206,22.741433021806852
26,129,80,0.4108527131782946,62.01550387596899
27,100,32,0.44,32.0
28,142,44,0.4084507042253521,30.985915492957748
29,73,36,0.2602739726027397,49.31506849315068
30,118,29,0.2796610169491525,24.576271186440678
31,60,25,0.3,41.666666666666664
32,82,34,0.2804878048780488,41.46341463414634
33,36,5,0.4166666666666667,13.88888888888889
34,40,21,0.25,52.5
35,28,14,0.21428571428571427,50.0
36,25,8,0.36,32.0
37,15,2,0.3333333333333333,13.333333333333334
38,18,10,0.3333333333333333,55.55555555555556
39,6,1,0.3333333333333333,16.666666666666668
40,123,45,0.3008130081300813,36.58536585365854
41,123,46,0.36585365853658536,37.39837398373984
42,76,34,0.2631578947368421,44.73684210526316
43,98,49,0.2857142857142857,50.0
44,102,46,0.3235294117647059,45.09803921568628
45,110,46,0.2636363636363636,41.81818181818182
46,99,26,0.35353535353535354,26.262626262626263
47,70,38,0.24285714285714285,54.285714285714285
48,75,56,0.24,74.66666666666667
49,124,33,0.28225806451612906,26.612903225806452
50,72,38,0.2361111111111111,52.77777777777778
51,159,65,0.3710691823899371,40.880503144654085
52,109,38,0.41284403669724773,34.862385321100916
53,102,37,0.4215686274509804,36.27450980392157
54,84,41,0.20238095238095238,48.80952380952381
55,111,48,0.36936936936936937,43.24324324324324
56,114,39,0.30701754385964913,34.21052631578947
57,56,28,0.23214285714285715,50.0
