record,target,q4,q5,imc_diag,flag_q4_iqr,flag_q4_z3,flag_q4_domain,flag_q5_iqr,flag_q5_z3,flag_q5_domain,flag_imc_iqr,flag_imc_z3,flag_imc_domain,error_representacion_demostrado,error_calculo_demostrado,error_demostrado,flag_count,review_class,evidence
32898,0,1.53,163.0,69.63133837412961,False,False,False,True,True,True,True,True,True,False,False,False,6,VALOR_EXTREMO_NO_ERROR_DEMOSTRADO,Activa al menos una regla descriptiva pre-registrada de dominio.
56968,1,1.5,154.0,68.44444444444444,False,False,False,True,True,True,True,True,True,False,False,False,6,VALOR_EXTREMO_NO_ERROR_DEMOSTRADO,Activa al menos una regla descriptiva pre-registrada de dominio.
48477,0,1.52,158.0,68.38642659279779,False,False,False,True,True,True,True,True,True,False,False,False,6,VALOR_EXTREMO_NO_ERROR_DEMOSTRADO,Activa al menos una regla descriptiva pre-registrada de dominio.
44865,0,1.5,153.0,68.0,False,False,False,True,True,True,True,True,True,False,False,False,6,VALOR_EXTREMO_NO_ERROR_DEMOSTRADO,Activa al menos una regla descriptiva pre-registrada de dominio.
52745,0,1.5,153.0,68.0,False,False,False,True,True,True,True,True,True,False,False,False,6,VALOR_EXTREMO_NO_ERROR_DEMOSTRADO,Activa al menos una regla descriptiva pre-registrada de dominio.
12382,0,1.52,155.0,67.08795013850416,False,False,False,True,True,True,True,True,True,False,False,False,6,VALOR_EXTREMO_NO_ERROR_DEMOSTRADO,Activa al menos una regla descriptiva pre-registrada de dominio.
54681,0,1.58,167.0,66.89633071623136,False,False,False,True,True,True,True,True,True,False,False,False,6,VALOR_EXTREMO_NO_ERROR_DEMOSTRADO,Activa al menos una regla descriptiva pre-registrada de dominio.
55046,1,1.57,164.0,66.53413931599658,False,False,False,True,True,True,True,True,True,False,False,False,6,VALOR_EXTREMO_NO_ERROR_DEMOSTRADO,Activa al menos una regla descriptiva pre-registrada de dominio.
39152,0,1.63,175.0,65.86623508600249,False,False,False,True,True,True,True,True,True,False,False,False,6,VALOR_EXTREMO_NO_ERROR_DEMOSTRADO,Activa al menos una regla descriptiva pre-registrada de dominio.
45704,0,1.53,154.0,65.78666324917766,False,False,False,True,True,True,True,True,True,False,False,False,6,VALOR_EXTREMO_NO_ERROR_DEMOSTRADO,Activa al menos una regla descriptiva pre-registrada de dominio.
38582,0,1.54,156.0,65.77837746668915,False,False,False,True,True,True,True,True,True,False,False,False,6,VALOR_EXTREMO_NO_ERROR_DEMOSTRADO,Activa al menos una regla descriptiva pre-registrada de dominio.
50786,0,1.53,153.0,65.359477124183,False,False,False,True,True,True,True,True,True,False,False,False,6,VALOR_EXTREMO_NO_ERROR_DEMOSTRADO,Activa al menos una regla descriptiva pre-registrada de dominio.
37243,0,1.56,158.0,64.92439184746877,False,False,False,True,True,True,True,True,True,False,False,False,6,VALOR_EXTREMO_NO_ERROR_DEMOSTRADO,Activa al menos una regla descriptiva pre-registrada de dominio.
7057,0,1.57,160.0,64.91135543024058,False,False,False,True,True,True,True,True,True,False,False,False,6,VALOR_EXTREMO_NO_ERROR_DEMOSTRADO,Activa al menos una regla descriptiva pre-registrada de dominio.
38319,0,1.61,168.0,64.81231433972454,False,False,False,True,True,True,True,True,True,False,False,False,6,VALOR_EXTREMO_NO_ERROR_DEMOSTRADO,Activa al menos una regla descriptiva pre-registrada de dominio.
34155,0,1.55,155.0,64.51612903225805,False,False,False,True,True,True,True,True,True,False,False,False,6,VALOR_EXTREMO_NO_ERROR_DEMOSTRADO,Activa al menos una regla descriptiva pre-registrada de dominio.
51617,1,1.54,153.0,64.51340866925283,False,False,False,True,True,True,True,True,True,False,False,False,6,VALOR_EXTREMO_NO_ERROR_DEMOSTRADO,Activa al menos una regla descriptiva pre-registrada de dominio.
53142,1,1.54,153.0,64.51340866925283,False,False,False,True,True,True,True,True,True,False,False,False,6,VALOR_EXTREMO_NO_ERROR_DEMOSTRADO,Activa al menos una regla descriptiva pre-registrada de dominio.
27179,0,1.57,158.0,64.09996348736257,False,False,False,True,True,True,True,True,True,False,False,False,6,VALOR_EXTREMO_NO_ERROR_DEMOSTRADO,Activa al menos una regla descriptiva pre-registrada de dominio.
9492,1,1.57,157.0,63.69426751592356,False,False,False,True,True,True,True,True,True,False,False,False,6,VALOR_EXTREMO_NO_ERROR_DEMOSTRADO,Activa al menos una regla descriptiva pre-registrada de dominio.
38398,0,1.56,155.0,63.69165023011176,False,False,False,True,True,True,True,True,True,False,False,False,6,VALOR_EXTREMO_NO_ERROR_DEMOSTRADO,Activa al menos una regla descriptiva pre-registrada de dominio.
38603,0,1.56,155.0,63.69165023011176,False,False,False,True,True,True,True,True,True,False,False,False,6,VALOR_EXTREMO_NO_ERROR_DEMOSTRADO,Activa al menos una regla descriptiva pre-registrada de dominio.
21238,0,1.57,156.0,63.28857154448456,False,False,False,True,True,True,True,True,True,False,False,False,6,VALOR_EXTREMO_NO_ERROR_DEMOSTRADO,Activa al menos una regla descriptiva pre-registrada de dominio.
37391,0,1.56,154.0,63.28073635765943,False,False,False,True,True,True,True,True,True,False,False,False,6,VALOR_EXTREMO_NO_ERROR_DEMOSTRADO,Activa al menos una regla descriptiva pre-registrada de dominio.
11122,0,1.55,152.0,63.26742976066596,False,False,False,True,True,True,True,True,True,False,False,False,6,VALOR_EXTREMO_NO_ERROR_DEMOSTRADO,Activa al menos una regla descriptiva pre-registrada de dominio.
16204,1,1.6,161.0,62.890624999999986,False,False,False,True,True,True,True,True,True,False,False,False,6,VALOR_EXTREMO_NO_ERROR_DEMOSTRADO,Activa al menos una regla descriptiva pre-registrada de dominio.
40368,0,1.58,157.0,62.890562409870206,False,False,False,True,True,True,True,True,True,False,False,False,6,VALOR_EXTREMO_NO_ERROR_DEMOSTRADO,Activa al menos una regla descriptiva pre-registrada de dominio.
41923,0,1.61,163.0,62.88337641294702,False,False,False,True,True,True,True,True,True,False,False,False,6,VALOR_EXTREMO_NO_ERROR_DEMOSTRADO,Activa al menos una regla descriptiva pre-registrada de dominio.
48563,0,1.65,171.0,62.80991735537191,False,False,False,True,True,True,True,True,True,False,False,False,6,VALOR_EXTREMO_NO_ERROR_DEMOSTRADO,Activa al menos una regla descriptiva pre-registrada de dominio.
7752,0,1.67,175.0,62.74875398902793,False,False,False,True,True,True,True,True,True,False,False,False,6,VALOR_EXTREMO_NO_ERROR_DEMOSTRADO,Activa al menos una regla descriptiva pre-registrada de dominio.
15695,0,1.6,160.0,62.499999999999986,False,False,False,True,True,True,True,True,True,False,False,False,6,VALOR_EXTREMO_NO_ERROR_DEMOSTRADO,Activa al menos una regla descriptiva pre-registrada de dominio.
15963,0,1.57,154.0,62.47717960160655,False,False,False,True,True,True,True,True,True,False,False,False,6,VALOR_EXTREMO_NO_ERROR_DEMOSTRADO,Activa al menos una regla descriptiva pre-registrada de dominio.
42717,0,1.59,157.0,62.10197381432696,False,False,False,True,True,True,True,True,True,False,False,False,6,VALOR_EXTREMO_NO_ERROR_DEMOSTRADO,Activa al menos una regla descriptiva pre-registrada de dominio.
39739,1,1.58,155.0,62.08940874859797,False,False,False,True,True,True,True,True,True,False,False,False,6,VALOR_EXTREMO_NO_ERROR_DEMOSTRADO,Activa al menos una regla descriptiva pre-registrada de dominio.
21184,0,1.6,157.0,61.328124999999986,False,False,False,True,True,True,True,True,True,False,False,False,6,VALOR_EXTREMO_NO_ERROR_DEMOSTRADO,Activa al menos una regla descriptiva pre-registrada de dominio.
26378,0,1.6,157.0,61.328124999999986,False,False,False,True,True,True,True,True,True,False,False,False,6,VALOR_EXTREMO_NO_ERROR_DEMOSTRADO,Activa al menos una regla descriptiva pre-registrada de dominio.
2813,0,1.6,156.0,60.937499999999986,False,False,False,True,True,True,True,True,True,False,False,False,6,VALOR_EXTREMO_NO_ERROR_DEMOSTRADO,Activa al menos una regla descriptiva pre-registrada de dominio.
48924,0,1.65,165.0,60.606060606060616,False,False,False,True,True,True,True,True,True,False,False,False,6,VALOR_EXTREMO_NO_ERROR_DEMOSTRADO,Activa al menos una regla descriptiva pre-registrada de dominio.
52350,0,1.64,163.0,60.60380725758478,False,False,False,True,True,True,True,True,True,False,False,False,6,VALOR_EXTREMO_NO_ERROR_DEMOSTRADO,Activa al menos una regla descriptiva pre-registrada de dominio.
20246,0,1.63,161.0,60.59693627912229,False,False,False,True,True,True,True,True,True,False,False,False,6,VALOR_EXTREMO_NO_ERROR_DEMOSTRADO,Activa al menos una regla descriptiva pre-registrada de dominio.
30512,1,1.63,161.0,60.59693627912229,False,False,False,True,True,True,True,True,True,False,False,False,6,VALOR_EXTREMO_NO_ERROR_DEMOSTRADO,Activa al menos una regla descriptiva pre-registrada de dominio.
9201,0,1.61,157.0,60.568650900814006,False,False,False,True,True,True,True,True,True,False,False,False,6,VALOR_EXTREMO_NO_ERROR_DEMOSTRADO,Activa al menos una regla descriptiva pre-registrada de dominio.
15775,0,1.66,166.0,60.24096385542169,False,False,False,True,True,True,True,True,True,False,False,False,6,VALOR_EXTREMO_NO_ERROR_DEMOSTRADO,Activa al menos una regla descriptiva pre-registrada de dominio.
41348,0,1.65,164.0,60.238751147842066,False,False,False,True,True,True,True,True,True,False,False,False,6,VALOR_EXTREMO_NO_ERROR_DEMOSTRADO,Activa al menos una regla descriptiva pre-registrada de dominio.
7425,0,1.63,160.0,60.22055779291656,False,False,False,True,True,True,True,True,True,False,False,False,6,VALOR_EXTREMO_NO_ERROR_DEMOSTRADO,Activa al menos una regla descriptiva pre-registrada de dominio.
12368,1,1.63,160.0,60.22055779291656,False,False,False,True,True,True,True,True,True,False,False,False,6,VALOR_EXTREMO_NO_ERROR_DEMOSTRADO,Activa al menos una regla descriptiva pre-registrada de dominio.
25467,0,1.63,160.0,60.22055779291656,False,False,False,True,True,True,True,True,True,False,False,False,6,VALOR_EXTREMO_NO_ERROR_DEMOSTRADO,Activa al menos una regla descriptiva pre-registrada de dominio.
33504,1,1.93,187.0,50.20269000510081,True,False,False,True,True,True,True,True,False,False,False,False,6,VALOR_EXTREMO_NO_ERROR_DEMOSTRADO,Activa al menos una regla descriptiva pre-registrada de dominio.
46080,0,1.93,178.0,47.78651775886601,True,False,False,True,True,True,True,True,False,False,False,False,6,VALOR_EXTREMO_NO_ERROR_DEMOSTRADO,Activa al menos una regla descriptiva pre-registrada de dominio.
4191,0,1.43,145.0,70.90811286615484,False,False,False,True,True,False,True,True,True,False,False,False,5,VALOR_EXTREMO_NO_ERROR_DEMOSTRADO,Activa al menos una regla descriptiva pre-registrada de dominio.
51841,0,1.46,146.0,68.49315068493152,False,False,False,True,True,False,True,True,True,False,False,False,5,VALOR_EXTREMO_NO_ERROR_DEMOSTRADO,Activa al menos una regla descriptiva pre-registrada de dominio.
29592,0,1.41,133.0,66.89804335797999,False,False,False,True,True,False,True,True,True,False,False,False,5,VALOR_EXTREMO_NO_ERROR_DEMOSTRADO,Activa al menos una regla descriptiva pre-registrada de dominio.
12416,0,1.5,149.0,66.22222222222223,False,False,False,True,True,False,True,True,True,False,False,False,5,VALOR_EXTREMO_NO_ERROR_DEMOSTRADO,Activa al menos una regla descriptiva pre-registrada de dominio.
22569,1,1.5,149.0,66.22222222222223,False,False,False,True,True,False,True,True,True,False,False,False,5,VALOR_EXTREMO_NO_ERROR_DEMOSTRADO,Activa al menos una regla descriptiva pre-registrada de dominio.
38674,0,1.51,150.0,65.78658830753037,False,False,False,True,True,False,True,True,True,False,False,False,5,VALOR_EXTREMO_NO_ERROR_DEMOSTRADO,Activa al menos una regla descriptiva pre-registrada de dominio.
7417,0,1.53,150.0,64.07791874919903,False,False,False,True,True,False,True,True,True,False,False,False,5,VALOR_EXTREMO_NO_ERROR_DEMOSTRADO,Activa al menos una regla descriptiva pre-registrada de dominio.
29154,1,1.53,148.0,63.223546499209704,False,False,False,True,True,False,True,True,True,False,False,False,5,VALOR_EXTREMO_NO_ERROR_DEMOSTRADO,Activa al menos una regla descriptiva pre-registrada de dominio.
56015,0,1.5,142.0,63.111111111111114,False,False,False,True,True,False,True,True,True,False,False,False,5,VALOR_EXTREMO_NO_ERROR_DEMOSTRADO,Activa al menos una regla descriptiva pre-registrada de dominio.
32070,0,1.53,147.0,62.79636037421505,False,False,False,True,True,False,True,True,True,False,False,False,5,VALOR_EXTREMO_NO_ERROR_DEMOSTRADO,Activa al menos una regla descriptiva pre-registrada de dominio.
53534,0,1.5,141.0,62.666666666666664,False,False,False,True,True,False,True,True,True,False,False,False,5,VALOR_EXTREMO_NO_ERROR_DEMOSTRADO,Activa al menos una regla descriptiva pre-registrada de dominio.
46244,0,1.55,150.0,62.43496357960457,False,False,False,True,True,False,True,True,True,False,False,False,5,VALOR_EXTREMO_NO_ERROR_DEMOSTRADO,Activa al menos una regla descriptiva pre-registrada de dominio.
38665,0,1.49,138.0,62.1593621908923,False,False,False,True,True,False,True,True,True,False,False,False,5,VALOR_EXTREMO_NO_ERROR_DEMOSTRADO,Activa al menos una regla descriptiva pre-registrada de dominio.
54618,1,1.54,147.0,61.98347107438017,False,False,False,True,True,False,True,True,True,False,False,False,5,VALOR_EXTREMO_NO_ERROR_DEMOSTRADO,Activa al menos una regla descriptiva pre-registrada de dominio.
19946,0,1.53,145.0,61.94198812422572,False,False,False,True,True,False,True,True,True,False,False,False,5,VALOR_EXTREMO_NO_ERROR_DEMOSTRADO,Activa al menos una regla descriptiva pre-registrada de dominio.
53218,1,1.53,144.0,61.51480199923107,False,False,False,True,True,False,True,True,True,False,False,False,5,VALOR_EXTREMO_NO_ERROR_DEMOSTRADO,Activa al menos una regla descriptiva pre-registrada de dominio.
4754,0,1.52,141.0,61.02839335180055,False,False,False,True,True,False,True,True,True,False,False,False,5,VALOR_EXTREMO_NO_ERROR_DEMOSTRADO,Activa al menos una regla descriptiva pre-registrada de dominio.
11110,1,1.57,150.0,60.854395715850536,False,False,False,True,True,False,True,True,True,False,False,False,5,VALOR_EXTREMO_NO_ERROR_DEMOSTRADO,Activa al menos una regla descriptiva pre-registrada de dominio.
48445,1,1.52,140.0,60.59556786703601,False,False,False,True,True,False,True,True,True,False,False,False,5,VALOR_EXTREMO_NO_ERROR_DEMOSTRADO,Activa al menos una regla descriptiva pre-registrada de dominio.
48443,0,1.56,147.0,60.404339250493095,False,False,False,True,True,False,True,True,True,False,False,False,5,VALOR_EXTREMO_NO_ERROR_DEMOSTRADO,Activa al menos una regla descriptiva pre-registrada de dominio.
41341,0,1.54,143.0,60.29684601113173,False,False,False,True,True,False,True,True,True,False,False,False,5,VALOR_EXTREMO_NO_ERROR_DEMOSTRADO,Activa al menos una regla descriptiva pre-registrada de dominio.
22193,1,1.47,130.0,60.16011846915637,False,False,False,True,True,False,True,True,True,False,False,False,5,VALOR_EXTREMO_NO_ERROR_DEMOSTRADO,Activa al menos una regla descriptiva pre-registrada de dominio.
30009,0,1.42,121.0,60.00793493354493,False,False,False,True,True,False,True,True,True,False,False,False,5,VALOR_EXTREMO_NO_ERROR_DEMOSTRADO,Activa al menos una regla descriptiva pre-registrada de dominio.
977,0,1.65,163.0,59.871441689623516,False,False,False,True,True,True,True,True,False,False,False,False,5,VALOR_EXTREMO_NO_ERROR_DEMOSTRADO,Activa al menos una regla descriptiva pre-registrada de dominio.
46684,1,1.6,153.0,59.765624999999986,False,False,False,True,True,True,True,True,False,False,False,False,5,VALOR_EXTREMO_NO_ERROR_DEMOSTRADO,Activa al menos una regla descriptiva pre-registrada de dominio.
24227,0,1.65,162.0,59.50413223140497,False,False,False,True,True,True,True,True,False,False,False,False,5,VALOR_EXTREMO_NO_ERROR_DEMOSTRADO,Activa al menos una regla descriptiva pre-registrada de dominio.
52820,0,1.65,162.0,59.50413223140497,False,False,False,True,True,True,True,True,False,False,False,False,5,VALOR_EXTREMO_NO_ERROR_DEMOSTRADO,Activa al menos una regla descriptiva pre-registrada de dominio.
11621,0,1.62,156.0,59.442158207590296,False,False,False,True,True,True,True,True,False,False,False,False,5,VALOR_EXTREMO_NO_ERROR_DEMOSTRADO,Activa al menos una regla descriptiva pre-registrada de dominio.
1647,1,1.69,169.0,59.1715976331361,False,False,False,True,True,True,True,True,False,False,False,False,5,VALOR_EXTREMO_NO_ERROR_DEMOSTRADO,Activa al menos una regla descriptiva pre-registrada de dominio.
25574,1,1.7,170.0,58.82352941176471,False,False,False,True,True,True,True,True,False,False,False,False,5,VALOR_EXTREMO_NO_ERROR_DEMOSTRADO,Activa al menos una regla descriptiva pre-registrada de dominio.
37473,0,1.7,170.0,58.82352941176471,False,False,False,True,True,True,True,True,False,False,False,False,5,VALOR_EXTREMO_NO_ERROR_DEMOSTRADO,Activa al menos una regla descriptiva pre-registrada de dominio.
50683,0,1.7,170.0,58.82352941176471,False,False,False,True,True,True,True,True,False,False,False,False,5,VALOR_EXTREMO_NO_ERROR_DEMOSTRADO,Activa al menos una regla descriptiva pre-registrada de dominio.
19563,0,1.65,160.0,58.76951331496787,False,False,False,True,True,True,True,True,False,False,False,False,5,VALOR_EXTREMO_NO_ERROR_DEMOSTRADO,Activa al menos una regla descriptiva pre-registrada de dominio.
22294,0,1.65,160.0,58.76951331496787,False,False,False,True,True,True,True,True,False,False,False,False,5,VALOR_EXTREMO_NO_ERROR_DEMOSTRADO,Activa al menos una regla descriptiva pre-registrada de dominio.
22555,0,1.65,160.0,58.76951331496787,False,False,False,True,True,True,True,True,False,False,False,False,5,VALOR_EXTREMO_NO_ERROR_DEMOSTRADO,Activa al menos una regla descriptiva pre-registrada de dominio.
25038,0,1.65,160.0,58.76951331496787,False,False,False,True,True,True,True,True,False,False,False,False,5,VALOR_EXTREMO_NO_ERROR_DEMOSTRADO,Activa al menos una regla descriptiva pre-registrada de dominio.
685,0,1.64,158.0,58.74479476502083,False,False,False,True,True,True,True,True,False,False,False,False,5,VALOR_EXTREMO_NO_ERROR_DEMOSTRADO,Activa al menos una regla descriptiva pre-registrada de dominio.
29905,0,1.71,171.0,58.4795321637427,False,False,False,True,True,True,True,True,False,False,False,False,5,VALOR_EXTREMO_NO_ERROR_DEMOSTRADO,Activa al menos una regla descriptiva pre-registrada de dominio.
45149,0,1.7,169.0,58.477508650519034,False,False,False,True,True,True,True,True,False,False,False,False,5,VALOR_EXTREMO_NO_ERROR_DEMOSTRADO,Activa al menos una regla descriptiva pre-registrada de dominio.
36801,1,1.73,175.0,58.47171639546927,False,False,False,True,True,True,True,True,False,False,False,False,5,VALOR_EXTREMO_NO_ERROR_DEMOSTRADO,Activa al menos una regla descriptiva pre-registrada de dominio.
50332,0,1.68,165.0,58.460884353741505,False,False,False,True,True,True,True,True,False,False,False,False,5,VALOR_EXTREMO_NO_ERROR_DEMOSTRADO,Activa al menos una regla descriptiva pre-registrada de dominio.
28962,1,1.66,161.0,58.42647699230658,False,False,False,True,True,True,True,True,False,False,False,False,5,VALOR_EXTREMO_NO_ERROR_DEMOSTRADO,Activa al menos una regla descriptiva pre-registrada de dominio.
1696,0,1.63,155.0,58.33866536188792,False,False,False,True,True,True,True,True,False,False,False,False,5,VALOR_EXTREMO_NO_ERROR_DEMOSTRADO,Activa al menos una regla descriptiva pre-registrada de dominio.
56904,0,1.61,151.0,58.25392538868098,False,False,False,True,True,True,True,True,False,False,False,False,5,VALOR_EXTREMO_NO_ERROR_DEMOSTRADO,Activa al menos una regla descriptiva pre-registrada de dominio.
44130,0,1.71,170.0,58.13754659553368,False,False,False,True,True,True,True,True,False,False,False,False,5,VALOR_EXTREMO_NO_ERROR_DEMOSTRADO,Activa al menos una regla descriptiva pre-registrada de dominio.
46362,0,1.65,158.0,58.03489439853077,False,False,False,True,True,True,True,True,False,False,False,False,5,VALOR_EXTREMO_NO_ERROR_DEMOSTRADO,Activa al menos una regla descriptiva pre-registrada de dominio.
29278,0,1.64,156.0,58.00118976799525,False,False,False,True,True,True,True,True,False,False,False,False,5,VALOR_EXTREMO_NO_ERROR_DEMOSTRADO,Activa al menos una regla descriptiva pre-registrada de dominio.
39091,0,1.63,154.0,57.96228687568219,False,False,False,True,True,True,True,True,False,False,False,False,5,VALOR_EXTREMO_NO_ERROR_DEMOSTRADO,Activa al menos una regla descriptiva pre-registrada de dominio.
52501,0,1.62,152.0,57.91800030483157,False,False,False,True,True,True,True,True,False,False,False,False,5,VALOR_EXTREMO_NO_ERROR_DEMOSTRADO,Activa al menos una regla descriptiva pre-registrada de dominio.
12160,0,1.69,165.0,57.771086446553,False,False,False,True,True,True,True,True,False,False,False,False,5,VALOR_EXTREMO_NO_ERROR_DEMOSTRADO,Activa al menos una regla descriptiva pre-registrada de dominio.
18670,0,1.67,161.0,57.728853669905696,False,False,False,True,True,True,True,True,False,False,False,False,5,VALOR_EXTREMO_NO_ERROR_DEMOSTRADO,Activa al menos una regla descriptiva pre-registrada de dominio.
40425,1,1.64,155.0,57.62938726948246,False,False,False,True,True,True,True,True,False,False,False,False,5,VALOR_EXTREMO_NO_ERROR_DEMOSTRADO,Activa al menos una regla descriptiva pre-registrada de dominio.
25655,0,1.63,153.0,57.58590838947646,False,False,False,True,True,True,True,True,False,False,False,False,5,VALOR_EXTREMO_NO_ERROR_DEMOSTRADO,Activa al menos una regla descriptiva pre-registrada de dominio.
32876,0,1.76,178.0,57.46384297520661,False,False,False,True,True,True,True,True,False,False,False,False,5,VALOR_EXTREMO_NO_ERROR_DEMOSTRADO,Activa al menos una regla descriptiva pre-registrada de dominio.
15191,1,1.71,168.0,57.45357545911563,False,False,False,True,True,True,True,True,False,False,False,False,5,VALOR_EXTREMO_NO_ERROR_DEMOSTRADO,Activa al menos una regla descriptiva pre-registrada de dominio.
52741,0,1.7,166.0,57.439446366782015,False,False,False,True,True,True,True,True,False,False,False,False,5,VALOR_EXTREMO_NO_ERROR_DEMOSTRADO,Activa al menos una regla descriptiva pre-registrada de dominio.
22247,1,1.67,160.0,57.37028936139697,False,False,False,True,True,True,True,True,False,False,False,False,5,VALOR_EXTREMO_NO_ERROR_DEMOSTRADO,Activa al menos una regla descriptiva pre-registrada de dominio.
5096,1,1.64,154.0,57.25758477096967,False,False,False,True,True,True,True,True,False,False,False,False,5,VALOR_EXTREMO_NO_ERROR_DEMOSTRADO,Activa al menos una regla descriptiva pre-registrada de dominio.
5567,0,1.64,154.0,57.25758477096967,False,False,False,True,True,True,True,True,False,False,False,False,5,VALOR_EXTREMO_NO_ERROR_DEMOSTRADO,Activa al menos una regla descriptiva pre-registrada de dominio.
41992,1,1.64,154.0,57.25758477096967,False,False,False,True,True,True,True,True,False,False,False,False,5,VALOR_EXTREMO_NO_ERROR_DEMOSTRADO,Activa al menos una regla descriptiva pre-registrada de dominio.
52409,0,1.7,165.0,57.09342560553634,False,False,False,True,True,True,True,True,False,False,False,False,5,VALOR_EXTREMO_NO_ERROR_DEMOSTRADO,Activa al menos una regla descriptiva pre-registrada de dominio.
15629,1,1.65,155.0,56.932966023875125,False,False,False,True,True,True,True,True,False,False,False,False,5,VALOR_EXTREMO_NO_ERROR_DEMOSTRADO,Activa al menos una regla descriptiva pre-registrada de dominio.
36819,1,1.65,155.0,56.932966023875125,False,False,False,True,True,True,True,True,False,False,False,False,5,VALOR_EXTREMO_NO_ERROR_DEMOSTRADO,Activa al menos una regla descriptiva pre-registrada de dominio.
6738,1,1.75,174.0,56.816326530612244,False,False,False,True,True,True,True,True,False,False,False,False,5,VALOR_EXTREMO_NO_ERROR_DEMOSTRADO,Activa al menos una regla descriptiva pre-registrada de dominio.
3605,1,1.72,168.0,56.78745267712277,False,False,False,True,True,True,True,True,False,False,False,False,5,VALOR_EXTREMO_NO_ERROR_DEMOSTRADO,Activa al menos una regla descriptiva pre-registrada de dominio.
1036,0,1.67,158.0,56.653160744379505,False,False,False,True,True,True,True,True,False,False,False,False,5,VALOR_EXTREMO_NO_ERROR_DEMOSTRADO,Activa al menos una regla descriptiva pre-registrada de dominio.
42053,0,1.65,154.0,56.565656565656575,False,False,False,True,True,True,True,True,False,False,False,False,5,VALOR_EXTREMO_NO_ERROR_DEMOSTRADO,Activa al menos una regla descriptiva pre-registrada de dominio.
53186,1,1.74,171.0,56.48038049940547,False,False,False,True,True,True,True,True,False,False,False,False,5,VALOR_EXTREMO_NO_ERROR_DEMOSTRADO,Activa al menos una regla descriptiva pre-registrada de dominio.
30365,1,1.72,167.0,56.44943212547324,False,False,False,True,True,True,True,True,False,False,False,False,5,VALOR_EXTREMO_NO_ERROR_DEMOSTRADO,Activa al menos una regla descriptiva pre-registrada de dominio.
43634,0,1.71,165.0,56.42761875448856,False,False,False,True,True,True,True,True,False,False,False,False,5,VALOR_EXTREMO_NO_ERROR_DEMOSTRADO,Activa al menos una regla descriptiva pre-registrada de dominio.
4505,0,1.7,163.0,56.40138408304499,False,False,False,True,True,True,True,True,False,False,False,False,5,VALOR_EXTREMO_NO_ERROR_DEMOSTRADO,Activa al menos una regla descriptiva pre-registrada de dominio.
40416,1,1.7,163.0,56.40138408304499,False,False,False,True,True,True,True,True,False,False,False,False,5,VALOR_EXTREMO_NO_ERROR_DEMOSTRADO,Activa al menos una regla descriptiva pre-registrada de dominio.
37960,1,1.67,157.0,56.29459643587077,False,False,False,True,True,True,True,True,False,False,False,False,5,VALOR_EXTREMO_NO_ERROR_DEMOSTRADO,Activa al menos una regla descriptiva pre-registrada de dominio.
55365,0,1.65,153.0,56.198347107438025,False,False,False,True,True,True,True,True,False,False,False,False,5,VALOR_EXTREMO_NO_ERROR_DEMOSTRADO,Activa al menos una regla descriptiva pre-registrada de dominio.
43542,0,1.69,160.0,56.02044746332412,False,False,False,True,True,True,True,True,False,False,False,False,5,VALOR_EXTREMO_NO_ERROR_DEMOSTRADO,Activa al menos una regla descriptiva pre-registrada de dominio.
50457,1,1.69,160.0,56.02044746332412,False,False,False,True,True,True,True,True,False,False,False,False,5,VALOR_EXTREMO_NO_ERROR_DEMOSTRADO,Activa al menos una regla descriptiva pre-registrada de dominio.
46379,0,1.67,156.0,55.93603212736205,False,False,False,True,True,True,True,True,False,False,False,False,5,VALOR_EXTREMO_NO_ERROR_DEMOSTRADO,Activa al menos una regla descriptiva pre-registrada de dominio.
25685,1,1.65,152.0,55.831037649219475,False,False,False,True,True,True,True,True,False,False,False,False,5,VALOR_EXTREMO_NO_ERROR_DEMOSTRADO,Activa al menos una regla descriptiva pre-registrada de dominio.
12349,0,1.67,155.0,55.577467818853314,False,False,False,True,True,True,True,True,False,False,False,False,5,VALOR_EXTREMO_NO_ERROR_DEMOSTRADO,Activa al menos una regla descriptiva pre-registrada de dominio.
27249,0,1.67,155.0,55.577467818853314,False,False,False,True,True,True,True,True,False,False,False,False,5,VALOR_EXTREMO_NO_ERROR_DEMOSTRADO,Activa al menos una regla descriptiva pre-registrada de dominio.
47763,1,1.76,172.0,55.52685950413223,False,False,False,True,True,True,True,True,False,False,False,False,5,VALOR_EXTREMO_NO_ERROR_DEMOSTRADO,Activa al menos una regla descriptiva pre-registrada de dominio.
19583,0,1.75,170.0,55.51020408163265,False,False,False,True,True,True,True,True,False,False,False,False,5,VALOR_EXTREMO_NO_ERROR_DEMOSTRADO,Activa al menos una regla descriptiva pre-registrada de dominio.
17005,0,1.65,151.0,55.463728191000925,False,False,False,True,True,True,True,True,False,False,False,False,5,VALOR_EXTREMO_NO_ERROR_DEMOSTRADO,Activa al menos una regla descriptiva pre-registrada de dominio.
48606,0,1.68,156.0,55.272108843537424,False,False,False,True,True,True,True,True,False,False,False,False,5,VALOR_EXTREMO_NO_ERROR_DEMOSTRADO,Activa al menos una regla descriptiva pre-registrada de dominio.
22233,1,1.67,154.0,55.21890351034458,False,False,False,True,True,True,True,True,False,False,False,False,5,VALOR_EXTREMO_NO_ERROR_DEMOSTRADO,Activa al menos una regla descriptiva pre-registrada de dominio.
35468,1,1.76,171.0,55.20402892561984,False,False,False,True,True,True,True,True,False,False,False,False,5,VALOR_EXTREMO_NO_ERROR_DEMOSTRADO,Activa al menos una regla descriptiva pre-registrada de dominio.
8301,0,1.75,169.0,55.183673469387756,False,False,False,True,True,True,True,True,False,False,False,False,5,VALOR_EXTREMO_NO_ERROR_DEMOSTRADO,Activa al menos una regla descriptiva pre-registrada de dominio.
49074,0,1.73,165.0,55.130475458585316,False,False,False,True,True,True,True,True,False,False,False,False,5,VALOR_EXTREMO_NO_ERROR_DEMOSTRADO,Activa al menos una regla descriptiva pre-registrada de dominio.
45078,0,1.71,161.0,55.05967648165248,False,False,False,True,True,True,True,True,False,False,False,False,5,VALOR_EXTREMO_NO_ERROR_DEMOSTRADO,Activa al menos una regla descriptiva pre-registrada de dominio.
27884,0,1.69,157.0,54.970064073386794,False,False,False,True,True,True,True,True,False,False,False,False,5,VALOR_EXTREMO_NO_ERROR_DEMOSTRADO,Activa al menos una regla descriptiva pre-registrada de dominio.
23746,0,1.2,79.0,54.861111111111114,True,True,True,False,False,False,True,True,False,False,False,False,5,VALOR_EXTREMO_NO_ERROR_DEMOSTRADO,Activa al menos una regla descriptiva pre-registrada de dominio.
27967,0,1.67,153.0,54.86033920183585,False,False,False,True,True,True,True,True,False,False,False,False,5,VALOR_EXTREMO_NO_ERROR_DEMOSTRADO,Activa al menos una regla descriptiva pre-registrada de dominio.
12956,0,1.73,164.0,54.79635136489692,False,False,False,True,True,True,True,True,False,False,False,False,5,VALOR_EXTREMO_NO_ERROR_DEMOSTRADO,Activa al menos una regla descriptiva pre-registrada de dominio.
22178,0,1.73,164.0,54.79635136489692,False,False,False,True,True,True,True,True,False,False,False,False,5,VALOR_EXTREMO_NO_ERROR_DEMOSTRADO,Activa al menos una regla descriptiva pre-registrada de dominio.
57055,0,1.7,158.0,54.67128027681662,False,False,False,True,True,True,True,True,False,False,False,False,5,VALOR_EXTREMO_NO_ERROR_DEMOSTRADO,Activa al menos una regla descriptiva pre-registrada de dominio.
34007,1,1.68,154.0,54.56349206349207,False,False,False,True,True,True,True,True,False,False,False,False,5,VALOR_EXTREMO_NO_ERROR_DEMOSTRADO,Activa al menos una regla descriptiva pre-registrada de dominio.
24170,0,1.67,152.0,54.501774893327116,False,False,False,True,True,True,True,True,False,False,False,False,5,VALOR_EXTREMO_NO_ERROR_DEMOSTRADO,Activa al menos una regla descriptiva pre-registrada de dominio.
7032,1,1.73,163.0,54.462227271208526,False,False,False,True,True,True,True,True,False,False,False,False,5,VALOR_EXTREMO_NO_ERROR_DEMOSTRADO,Activa al menos una regla descriptiva pre-registrada de dominio.
47945,1,1.72,161.0,54.42130881557599,False,False,False,True,True,True,True,True,False,False,False,False,5,VALOR_EXTREMO_NO_ERROR_DEMOSTRADO,Activa al menos una regla descriptiva pre-registrada de dominio.
18763,0,1.82,180.0,54.34126313247192,False,False,False,True,True,True,True,True,False,False,False,False,5,VALOR_EXTREMO_NO_ERROR_DEMOSTRADO,Activa al menos una regla descriptiva pre-registrada de dominio.
8303,0,1.7,157.0,54.32525951557094,False,False,False,True,True,True,True,True,False,False,False,False,5,VALOR_EXTREMO_NO_ERROR_DEMOSTRADO,Activa al menos una regla descriptiva pre-registrada de dominio.
7979,1,1.69,154.0,53.919680683449464,False,False,False,True,True,True,True,True,False,False,False,False,5,VALOR_EXTREMO_NO_ERROR_DEMOSTRADO,Activa al menos una regla descriptiva pre-registrada de dominio.
13879,0,1.75,165.0,53.87755102040816,False,False,False,True,True,True,True,True,False,False,False,False,5,VALOR_EXTREMO_NO_ERROR_DEMOSTRADO,Activa al menos una regla descriptiva pre-registrada de dominio.
42987,1,1.75,165.0,53.87755102040816,False,False,False,True,True,True,True,True,False,False,False,False,5,VALOR_EXTREMO_NO_ERROR_DEMOSTRADO,Activa al menos una regla descriptiva pre-registrada de dominio.
19371,1,1.68,152.0,53.85487528344672,False,False,False,True,True,True,True,True,False,False,False,False,5,VALOR_EXTREMO_NO_ERROR_DEMOSTRADO,Activa al menos una regla descriptiva pre-registrada de dominio.
24147,0,1.7,155.0,53.63321799307959,False,False,False,True,True,True,True,True,False,False,False,False,5,VALOR_EXTREMO_NO_ERROR_DEMOSTRADO,Activa al menos una regla descriptiva pre-registrada de dominio.
22196,1,1.75,164.0,53.55102040816327,False,False,False,True,True,True,True,True,False,False,False,False,5,VALOR_EXTREMO_NO_ERROR_DEMOSTRADO,Activa al menos una regla descriptiva pre-registrada de dominio.
49121,0,1.74,162.0,53.5077288941736,False,False,False,True,True,True,True,True,False,False,False,False,5,VALOR_EXTREMO_NO_ERROR_DEMOSTRADO,Activa al menos una regla descriptiva pre-registrada de dominio.
27383,1,1.73,160.0,53.459854990143334,False,False,False,True,True,True,True,True,False,False,False,False,5,VALOR_EXTREMO_NO_ERROR_DEMOSTRADO,Activa al menos una regla descriptiva pre-registrada de dominio.
55669,0,1.73,160.0,53.459854990143334,False,False,False,True,True,True,True,True,False,False,False,False,5,VALOR_EXTREMO_NO_ERROR_DEMOSTRADO,Activa al menos una regla descriptiva pre-registrada de dominio.
22095,0,1.7,154.0,53.287197231833915,False,False,False,True,True,True,True,True,False,False,False,False,5,VALOR_EXTREMO_NO_ERROR_DEMOSTRADO,Activa al menos una regla descriptiva pre-registrada de dominio.
42626,0,1.7,154.0,53.287197231833915,False,False,False,True,True,True,True,True,False,False,False,False,5,VALOR_EXTREMO_NO_ERROR_DEMOSTRADO,Activa al menos una regla descriptiva pre-registrada de dominio.
48136,0,1.69,152.0,53.21942509015791,False,False,False,True,True,True,True,True,False,False,False,False,5,VALOR_EXTREMO_NO_ERROR_DEMOSTRADO,Activa al menos una regla descriptiva pre-registrada de dominio.
16487,0,1.8,172.0,53.08641975308642,False,False,False,True,True,True,True,True,False,False,False,False,5,VALOR_EXTREMO_NO_ERROR_DEMOSTRADO,Activa al menos una regla descriptiva pre-registrada de dominio.
6881,0,1.7,153.0,52.94117647058824,False,False,False,True,True,True,True,True,False,False,False,False,5,VALOR_EXTREMO_NO_ERROR_DEMOSTRADO,Activa al menos una regla descriptiva pre-registrada de dominio.
53712,0,1.75,162.0,52.89795918367347,False,False,False,True,True,True,True,True,False,False,False,False,5,VALOR_EXTREMO_NO_ERROR_DEMOSTRADO,Activa al menos una regla descriptiva pre-registrada de dominio.
21073,0,1.71,154.0,52.66577750418933,False,False,False,True,True,True,True,True,False,False,False,False,5,VALOR_EXTREMO_NO_ERROR_DEMOSTRADO,Activa al menos una regla descriptiva pre-registrada de dominio.
11834,1,1.7,152.0,52.59515570934256,False,False,False,True,True,True,True,True,False,False,False,False,5,VALOR_EXTREMO_NO_ERROR_DEMOSTRADO,Activa al menos una regla descriptiva pre-registrada de dominio.
13643,0,1.7,152.0,52.59515570934256,False,False,False,True,True,True,True,True,False,False,False,False,5,VALOR_EXTREMO_NO_ERROR_DEMOSTRADO,Activa al menos una regla descriptiva pre-registrada de dominio.
53401,0,1.8,170.0,52.46913580246913,False,False,False,True,True,True,True,True,False,False,False,False,5,VALOR_EXTREMO_NO_ERROR_DEMOSTRADO,Activa al menos una regla descriptiva pre-registrada de dominio.
5033,1,1.77,164.0,52.347665102620574,False,False,False,True,True,True,True,True,False,False,False,False,5,VALOR_EXTREMO_NO_ERROR_DEMOSTRADO,Activa al menos una regla descriptiva pre-registrada de dominio.
23834,0,1.77,163.0,52.02847202272655,False,False,False,True,True,True,True,True,False,False,False,False,5,VALOR_EXTREMO_NO_ERROR_DEMOSTRADO,Activa al menos una regla descriptiva pre-registrada de dominio.
17420,0,1.72,153.0,51.71714440237967,False,False,False,True,True,True,True,True,False,False,False,False,5,VALOR_EXTREMO_NO_ERROR_DEMOSTRADO,Activa al menos una regla descriptiva pre-registrada de dominio.
5136,1,1.76,160.0,51.65289256198347,False,False,False,True,True,True,True,True,False,False,False,False,5,VALOR_EXTREMO_NO_ERROR_DEMOSTRADO,Activa al menos una regla descriptiva pre-registrada de dominio.
25581,0,1.75,158.0,51.59183673469388,False,False,False,True,True,True,True,True,False,False,False,False,5,VALOR_EXTREMO_NO_ERROR_DEMOSTRADO,Activa al menos una regla descriptiva pre-registrada de dominio.
47975,0,1.75,158.0,51.59183673469388,False,False,False,True,True,True,True,True,False,False,False,False,5,VALOR_EXTREMO_NO_ERROR_DEMOSTRADO,Activa al menos una regla descriptiva pre-registrada de dominio.
25370,0,1.2,74.0,51.38888888888889,True,True,True,False,False,False,True,True,False,False,False,False,5,VALOR_EXTREMO_NO_ERROR_DEMOSTRADO,Activa al menos una regla descriptiva pre-registrada de dominio.
9921,0,1.83,172.0,51.36014810833407,False,False,False,True,True,True,True,True,False,False,False,False,5,VALOR_EXTREMO_NO_ERROR_DEMOSTRADO,Activa al menos una regla descriptiva pre-registrada de dominio.
46225,1,1.85,175.0,51.132213294375454,False,False,False,True,True,True,True,True,False,False,False,False,5,VALOR_EXTREMO_NO_ERROR_DEMOSTRADO,Activa al menos una regla descriptiva pre-registrada de dominio.
27964,0,1.78,162.0,51.1299078399192,False,False,False,True,True,True,True,True,False,False,False,False,5,VALOR_EXTREMO_NO_ERROR_DEMOSTRADO,Activa al menos una regla descriptiva pre-registrada de dominio.
29283,1,1.75,156.0,50.93877551020408,False,False,False,True,True,True,True,True,False,False,False,False,5,VALOR_EXTREMO_NO_ERROR_DEMOSTRADO,Activa al menos una regla descriptiva pre-registrada de dominio.
49720,1,1.85,174.0,50.840029218407594,False,False,False,True,True,True,True,True,False,False,False,False,5,VALOR_EXTREMO_NO_ERROR_DEMOSTRADO,Activa al menos una regla descriptiva pre-registrada de dominio.
31509,0,1.78,160.0,50.49867440979674,False,False,False,True,True,True,True,True,False,False,False,False,5,VALOR_EXTREMO_NO_ERROR_DEMOSTRADO,Activa al menos una regla descriptiva pre-registrada de dominio.
55886,0,1.73,151.0,50.45273814694777,False,False,False,True,True,True,True,True,False,False,False,False,5,VALOR_EXTREMO_NO_ERROR_DEMOSTRADO,Activa al menos una regla descriptiva pre-registrada de dominio.
47985,0,1.75,154.0,50.285714285714285,False,False,False,True,True,True,True,True,False,False,False,False,5,VALOR_EXTREMO_NO_ERROR_DEMOSTRADO,Activa al menos una regla descriptiva pre-registrada de dominio.
7337,1,1.8,160.0,49.382716049382715,False,False,False,True,True,True,True,True,False,False,False,False,5,VALOR_EXTREMO_NO_ERROR_DEMOSTRADO,Activa al menos una regla descriptiva pre-registrada de dominio.
16722,0,1.8,160.0,49.382716049382715,False,False,False,True,True,True,True,True,False,False,False,False,5,VALOR_EXTREMO_NO_ERROR_DEMOSTRADO,Activa al menos una regla descriptiva pre-registrada de dominio.
56308,0,1.8,159.0,49.07407407407407,False,False,False,True,True,True,True,True,False,False,False,False,5,VALOR_EXTREMO_NO_ERROR_DEMOSTRADO,Activa al menos una regla descriptiva pre-registrada de dominio.
49549,1,1.8,158.0,48.76543209876543,False,False,False,True,True,True,True,True,False,False,False,False,5,VALOR_EXTREMO_NO_ERROR_DEMOSTRADO,Activa al menos una regla descriptiva pre-registrada de dominio.
39786,0,1.89,165.0,46.191316032585874,False,False,False,True,True,True,True,True,False,False,False,False,5,VALOR_EXTREMO_NO_ERROR_DEMOSTRADO,Activa al menos una regla descriptiva pre-registrada de dominio.
27934,0,1.28,60.0,36.62109375,True,True,True,False,False,False,True,True,False,False,False,False,5,VALOR_EXTREMO_NO_ERROR_DEMOSTRADO,Activa al menos una regla descriptiva pre-registrada de dominio.
41244,1,1.28,27.0,16.4794921875,True,True,True,True,False,True,False,False,False,False,False,False,5,VALOR_EXTREMO_NO_ERROR_DEMOSTRADO,Activa al menos una regla descriptiva pre-registrada de dominio.
25950,1,1.26,57.0,35.90325018896447,True,True,True,False,False,False,True,False,False,False,False,False,4,VALOR_EXTREMO_NO_ERROR_DEMOSTRADO,Activa al menos una regla descriptiva pre-registrada de dominio.
5601,0,1.25,55.0,35.2,True,True,True,False,False,False,True,False,False,False,False,False,4,VALOR_EXTREMO_NO_ERROR_DEMOSTRADO,Activa al menos una regla descriptiva pre-registrada de dominio.
39753,0,1.2,50.0,34.72222222222222,True,True,True,False,False,False,True,False,False,False,False,False,4,VALOR_EXTREMO_NO_ERROR_DEMOSTRADO,Activa al menos una regla descriptiva pre-registrada de dominio.
16497,0,1.21,50.0,34.150672768253536,True,True,True,False,False,False,True,False,False,False,False,False,4,VALOR_EXTREMO_NO_ERROR_DEMOSTRADO,Activa al menos una regla descriptiva pre-registrada de dominio.
4564,0,1.21,46.0,31.418618946793252,True,True,True,False,False,False,True,False,False,False,False,False,4,VALOR_EXTREMO_NO_ERROR_DEMOSTRADO,Activa al menos una regla descriptiva pre-registrada de dominio.
41024,0,1.23,47.0,31.066164320179787,True,True,True,False,False,False,True,False,False,False,False,False,4,VALOR_EXTREMO_NO_ERROR_DEMOSTRADO,Activa al menos una regla descriptiva pre-registrada de dominio.
45873,0,1.3,27.0,15.976331360946745,True,True,False,True,False,True,False,False,False,False,False,False,4,VALOR_EXTREMO_NO_ERROR_DEMOSTRADO,Activa al menos una regla descriptiva pre-registrada de dominio.
32292,1,1.25,46.0,29.44,True,True,True,False,False,False,False,False,False,False,False,False,3,VALOR_EXTREMO_NO_ERROR_DEMOSTRADO,Activa al menos una regla descriptiva pre-registrada de dominio.
37346,0,1.2,38.0,26.38888888888889,True,True,True,False,False,False,False,False,False,False,False,False,3,VALOR_EXTREMO_NO_ERROR_DEMOSTRADO,Activa al menos una regla descriptiva pre-registrada de dominio.
28981,0,1.27,38.0,23.56004712009424,True,True,True,False,False,False,False,False,False,False,False,False,3,VALOR_EXTREMO_NO_ERROR_DEMOSTRADO,Activa al menos una regla descriptiva pre-registrada de dominio.
49025,0,1.2,32.0,22.22222222222222,True,True,True,False,False,False,False,False,False,False,False,False,3,VALOR_EXTREMO_NO_ERROR_DEMOSTRADO,Activa al menos una regla descriptiva pre-registrada de dominio.
22166,1,1.27,35.0,21.700043400086802,True,True,True,False,False,False,False,False,False,False,False,False,3,VALOR_EXTREMO_NO_ERROR_DEMOSTRADO,Activa al menos una regla descriptiva pre-registrada de dominio.
11898,0,1.56,28.0,11.505588428665352,False,False,False,True,False,True,True,False,False,False,False,False,3,VALOR_EXTREMO_NO_ERROR_DEMOSTRADO,Activa al menos una regla descriptiva pre-registrada de dominio.
23007,1,1.36,29.0,15.679065743944633,True,False,False,False,False,True,False,False,False,False,False,False,2,VALOR_EXTREMO_NO_ERROR_DEMOSTRADO,Activa al menos una regla descriptiva pre-registrada de dominio.
