partition,column,n_rows,missing_n,missing_pct
global,qn31,55551,44480,80.07056578639448
global,qn18,55551,41543,74.78353224964447
global,qn19,55551,41169,74.1102770427175
global,qnc1g,55551,36144,65.06453529189393
global,qnbcanyg,55551,36097,64.97992835412504
global,qn48,55551,35141,63.25898723695343
global,qn47,55551,35120,63.22118413709924
global,qn45,55551,35018,63.03756908066462
global,qn75,55551,34417,61.955680365789995
global,qn28,55551,33614,60.51016183327033
global,qn71,55551,30062,54.116037515076236
global,qn72,55551,26538,47.77231733002106
global,qn37,55551,26278,47.30427895087397
global,qn36,55551,24907,44.836276574679125
global,qn73,55551,22434,40.384511529945456
global,qn74,55551,22042,39.67885366600061
global,q4,55551,20209,36.37918309301363
global,q5,55551,20209,36.37918309301363
global,qnobeseg,55551,20209,36.37918309301363
global,qnowtg,55551,20209,36.37918309301363
global,qnunwtg,55551,20209,36.37918309301363
global,qn34,55551,15701,28.264117657647926
global,qn70,55551,13958,25.12646036975032
global,qn69,55551,8927,16.069917733254126
global,q17,55551,5246,9.443574373098594
global,qn17,55551,5246,9.443574373098594
global,q19,55551,5015,9.027740274702525
global,q18,55551,4046,7.2833972385735635
global,q73,55551,3822,6.880164173462224
global,q74,55551,3593,6.467930370290364
global,q34,55551,3385,6.093499666972692
global,q44,55551,2347,4.2249464456085395
global,qn44,55551,2347,4.2249464456085395
global,q40,55551,2238,4.0287303558891825
global,q45,55551,2108,3.794711166315638
global,q37,55551,2070,3.7263055570556785
global,q35,55551,1893,3.4076794297132365
global,qn35,55551,1893,3.4076794297132365
global,q48,55551,1879,3.382477363143778
global,q47,55551,1804,3.247466292235963
global,q38,55551,1568,2.8226314557793737
global,qn38,55551,1568,2.8226314557793737
global,q81,55551,1544,2.7794279130888735
global,qn81,55551,1544,2.7794279130888735
global,q59,55551,1509,2.7164227466652267
global,qn59,55551,1509,2.7164227466652267
global,q56,55551,1494,2.6894205324836635
global,qn56,55551,1494,2.6894205324836635
global,q80,55551,1450,2.610214037551079
global,qn80,55551,1450,2.610214037551079
global,q36,55551,1421,2.5580097568000575
global,q46,55551,1387,2.496804737988515
global,qn46,55551,1387,2.496804737988515
global,q60,55551,1385,2.4932044427643065
global,qn60,55551,1385,2.4932044427643065
global,q24,55551,1233,2.2195820057244693
global,qn24,55551,1233,2.2195820057244693
global,q71,55551,1209,2.1763784630339686
global,q39,55551,1194,2.149376248852406
global,qn39,55551,1194,2.149376248852406
global,q58,55551,1159,2.086371082428759
global,qn58,55551,1159,2.086371082428759
global,q66,55551,1132,2.037767096901946
global,qn66,55551,1132,2.037767096901946
global,q41,55551,1123,2.021565768393008
global,qn41,55551,1123,2.021565768393008
global,q51,55551,1068,1.9225576497272776
global,qn51,55551,1068,1.9225576497272776
global,qnpe3g,55551,1068,1.9225576497272776
global,qnpe5g,55551,1068,1.9225576497272776
global,q57,55551,1044,1.879354107036777
global,qn57,55551,1044,1.879354107036777
global,q31,55551,1042,1.8757538118125687
global,q28,55551,1027,1.8487515976310058
global,q3,55551,990,1.7821461359831505
global,q53,55551,990,1.7821461359831505
global,qn53,55551,990,1.7821461359831505
global,q42,55551,972,1.749743478965275
global,qn42,55551,972,1.749743478965275
global,q43,55551,967,1.7407427409047542
global,qn43,55551,967,1.7407427409047542
global,q27,55551,935,1.68313801731742
global,qn27,55551,935,1.68313801731742
global,q55,55551,931,1.6759374268690033
global,qn55,55551,931,1.6759374268690033
global,q69,55551,919,1.654335655523753
global,qnnotb2g,55551,907,1.6327338841785026
global,q52,55551,773,1.3915141041565409
global,qn52,55551,773,1.3915141041565409
global,q50,55551,769,1.3843135137081242
global,qn50,55551,769,1.3843135137081242
global,q75,55551,765,1.3771129232597072
global,q54,55551,726,1.3069071663876437
global,qn54,55551,726,1.3069071663876437
global,q72,55551,695,1.2511025904124138
global,q33,55551,665,1.197098162049288
global,qn33,55551,665,1.197098162049288
global,q25,55551,660,1.1880974239887672
global,qn25,55551,660,1.1880974239887672
global,q79,55551,639,1.150294324134579
global,qn79,55551,639,1.150294324134579
global,qntob2g,55551,593,1.0674875339777863
global,q26,55551,570,1.0260841388993898
global,qn26,55551,570,1.0260841388993898
global,q29,55551,537,0.9666792676999514
global,qn29,55551,537,0.9666792676999514
global,q76,55551,531,0.9558783820273262
global,qn76,55551,531,0.9558783820273262
global,q30,55551,523,0.9414772011304927
global,qn30,55551,523,0.9414772011304927
global,q2,55551,491,0.8838724775431586
global,q68,55551,489,0.8802721823189501
global,qn68,55551,489,0.8802721823189501
global,q65,55551,484,0.8712714442584292
global,qn65,55551,484,0.8712714442584292
global,q6,55551,451,0.8118665730589908
global,qn6,55551,451,0.8118665730589908
global,q62,55551,448,0.8064661302226782
global,qn62,55551,448,0.8064661302226782
global,q32,55551,433,0.7794639160411154
global,qn32,55551,433,0.7794639160411154
global,q67,55551,426,0.766862882756386
global,qn67,55551,426,0.766862882756386
global,q77,55551,421,0.7578621446958651
global,qn77,55551,421,0.7578621446958651
global,q63,55551,334,0.6012493024428003
global,q78,55551,334,0.6012493024428003
global,qn63,55551,334,0.6012493024428003
global,qn78,55551,334,0.6012493024428003
global,q23,55551,329,0.5922485643822794
global,qn23,55551,329,0.5922485643822794
global,q61,55551,317,0.570646793037029
global,qn61,55551,317,0.570646793037029
global,q64,55551,310,0.5580457597522996
global,qn64,55551,310,0.5580457597522996
global,q22,55551,309,0.5562456121401955
global,qn22,55551,309,0.5562456121401955
global,q70,55551,298,0.5364439884070494
global,q16,55551,216,0.3888318842145056
global,qn16,55551,216,0.3888318842145056
global,q15,55551,190,0.3420280462997966
global,qn15,55551,190,0.3420280462997966
global,q10,55551,179,0.32222642256665046
global,qn10,55551,179,0.32222642256665046
global,qnff1g,55551,179,0.32222642256665046
global,qnff2g,55551,179,0.32222642256665046
global,qnff3g,55551,179,0.32222642256665046
global,q1,55551,97,0.17461431837410668
test,qn31,11111,8981,80.82980829808298
test,qn18,11111,8313,74.81774817748177
test,qn19,11111,8247,74.22374223742237
test,qnc1g,11111,7274,65.46665466654666
test,qnbcanyg,11111,7261,65.34965349653497
test,qn47,11111,7064,63.57663576635766
test,qn45,11111,7054,63.486634866348666
test,qn48,11111,7046,63.41463414634146
test,qn75,11111,6845,61.605616056160564
test,qn28,11111,6839,61.55161551615516
test,qn71,11111,6022,54.19854198541985
test,qn72,11111,5339,48.05148051480515
test,qn37,11111,5242,47.17847178471785
test,qn36,11111,4993,44.937449374493745
test,qn73,11111,4496,40.46440464404644
test,qn74,11111,4439,39.95139951399514
test,q4,11111,4041,36.369363693636934
test,q5,11111,4041,36.369363693636934
test,qnobeseg,11111,4041,36.369363693636934
test,qnowtg,11111,4041,36.369363693636934
test,qnunwtg,11111,4041,36.369363693636934
test,qn34,11111,3157,28.41328413284133
test,qn70,11111,2788,25.092250922509226
test,qn69,11111,1797,16.173161731617316
test,q17,11111,1066,9.59409594095941
test,qn17,11111,1066,9.59409594095941
test,q19,11111,1014,9.12609126091261
test,q18,11111,845,7.605076050760507
test,q73,11111,768,6.912069120691207
test,q74,11111,752,6.768067680676807
test,q34,11111,669,6.021060210602106
test,q44,11111,469,4.221042210422104
test,qn44,11111,469,4.221042210422104
test,q40,11111,465,4.1850418504185045
test,q45,11111,422,3.798037980379804
test,q37,11111,378,3.4020340203402033
test,q48,11111,370,3.330033300333003
test,q47,11111,368,3.3120331203312032
test,q35,11111,351,3.159031590315903
test,qn35,11111,351,3.159031590315903
test,q38,11111,323,2.907029070290703
test,qn38,11111,323,2.907029070290703
test,q56,11111,322,2.8980289802898027
test,qn56,11111,322,2.8980289802898027
test,q81,11111,307,2.763027630276303
test,qn81,11111,307,2.763027630276303
test,q59,11111,304,2.736027360273603
test,qn59,11111,304,2.736027360273603
test,q80,11111,298,2.6820268202682027
test,qn80,11111,298,2.6820268202682027
test,q60,11111,282,2.5380253802538024
test,qn60,11111,282,2.5380253802538024
test,q46,11111,274,2.4660246602466023
test,qn46,11111,274,2.4660246602466023
test,q36,11111,263,2.3670236702367022
test,q39,11111,261,2.3490234902349023
test,qn39,11111,261,2.3490234902349023
test,q71,11111,247,2.2230222302223024
test,q58,11111,246,2.2140221402214024
test,qn58,11111,246,2.2140221402214024
test,q24,11111,236,2.124021240212402
test,qn24,11111,236,2.124021240212402
test,q51,11111,235,2.115021150211502
test,qn51,11111,235,2.115021150211502
test,qnpe3g,11111,235,2.115021150211502
test,qnpe5g,11111,235,2.115021150211502
test,q41,11111,234,2.106021060210602
test,qn41,11111,234,2.106021060210602
test,q57,11111,228,2.052020520205202
test,qn57,11111,228,2.052020520205202
test,q53,11111,218,1.962019620196202
test,qn53,11111,218,1.962019620196202
test,q3,11111,217,1.953019530195302
test,q31,11111,213,1.9170191701917019
test,q66,11111,212,1.908019080190802
test,qn66,11111,212,1.908019080190802
test,q43,11111,211,1.899018990189902
test,qn43,11111,211,1.899018990189902
test,q28,11111,210,1.890018900189002
test,q42,11111,198,1.7820178201782018
test,qn42,11111,198,1.7820178201782018
test,q55,11111,188,1.6920169201692017
test,qn55,11111,188,1.6920169201692017
test,qnnotb2g,11111,180,1.6200162001620015
test,q69,11111,175,1.5750157501575015
test,q27,11111,171,1.5390153901539014
test,qn27,11111,171,1.5390153901539014
test,q75,11111,156,1.4040140401404013
test,q54,11111,153,1.3770137701377014
test,qn54,11111,153,1.3770137701377014
test,q52,11111,150,1.3500135001350013
test,qn52,11111,150,1.3500135001350013
test,q50,11111,148,1.3320133201332014
test,qn50,11111,148,1.3320133201332014
test,q72,11111,139,1.2510125101251013
test,q33,11111,137,1.2330123301233011
test,qn33,11111,137,1.2330123301233011
test,q79,11111,125,1.1250112501125011
test,qn79,11111,125,1.1250112501125011
test,qntob2g,11111,120,1.080010800108001
test,q25,11111,119,1.0710107101071011
test,qn25,11111,119,1.0710107101071011
test,q26,11111,117,1.053010530105301
test,qn26,11111,117,1.053010530105301
test,q29,11111,106,0.954009540095401
test,q76,11111,106,0.954009540095401
test,qn29,11111,106,0.954009540095401
test,qn76,11111,106,0.954009540095401
test,q30,11111,103,0.927009270092701
test,qn30,11111,103,0.927009270092701
test,q65,11111,97,0.8730087300873008
test,qn65,11111,97,0.8730087300873008
test,q68,11111,93,0.8370083700837009
test,qn68,11111,93,0.8370083700837009
test,q2,11111,92,0.8280082800828008
test,q6,11111,86,0.7740077400774008
test,qn6,11111,86,0.7740077400774008
test,q32,11111,84,0.7560075600756008
test,qn32,11111,84,0.7560075600756008
test,q62,11111,83,0.7470074700747007
test,q77,11111,83,0.7470074700747007
test,qn62,11111,83,0.7470074700747007
test,qn77,11111,83,0.7470074700747007
test,q23,11111,77,0.6930069300693007
test,q67,11111,77,0.6930069300693007
test,qn23,11111,77,0.6930069300693007
test,qn67,11111,77,0.6930069300693007
test,q63,11111,71,0.6390063900639006
test,qn63,11111,71,0.6390063900639006
test,q78,11111,69,0.6210062100621007
test,qn78,11111,69,0.6210062100621007
test,q64,11111,67,0.6030060300603006
test,qn64,11111,67,0.6030060300603006
test,q61,11111,62,0.5580055800558006
test,qn61,11111,62,0.5580055800558006
test,q22,11111,56,0.5040050400504005
test,q70,11111,56,0.5040050400504005
test,qn22,11111,56,0.5040050400504005
test,q16,11111,47,0.4230042300423004
test,qn16,11111,47,0.4230042300423004
test,q10,11111,36,0.32400324003240033
test,q15,11111,36,0.32400324003240033
test,qn10,11111,36,0.32400324003240033
test,qn15,11111,36,0.32400324003240033
test,qnff1g,11111,36,0.32400324003240033
test,qnff2g,11111,36,0.32400324003240033
test,qnff3g,11111,36,0.32400324003240033
test,q1,11111,18,0.16200162001620017
train,qn31,44440,35499,79.88073807380738
train,qn18,44440,33230,74.77497749774977
train,qn19,44440,32922,74.08190819081908
train,qnc1g,44440,28870,64.96399639963997
train,qnbcanyg,44440,28836,64.88748874887489
train,qn48,44440,28095,63.22007200720072
train,qn47,44440,28056,63.13231323132313
train,qn45,44440,27964,62.92529252925293
train,qn75,44440,27572,62.04320432043205
train,qn28,44440,26775,60.24977497749775
train,qn71,44440,24040,54.095409540954094
train,qn72,44440,21199,47.7025202520252
train,qn37,44440,21036,47.33573357335734
train,qn36,44440,19914,44.810981098109814
train,qn73,44440,17938,40.364536453645364
train,qn74,44440,17603,39.61071107110711
train,q4,44440,16168,36.38163816381638
train,q5,44440,16168,36.38163816381638
train,qnobeseg,44440,16168,36.38163816381638
train,qnowtg,44440,16168,36.38163816381638
train,qnunwtg,44440,16168,36.38163816381638
train,qn34,44440,12544,28.226822682268228
train,qn70,44440,11170,25.135013501350134
train,qn69,44440,7130,16.044104410441044
train,q17,44440,4180,9.405940594059405
train,qn17,44440,4180,9.405940594059405
train,q19,44440,4001,9.003150315031503
train,q18,44440,3201,7.202970297029703
train,q73,44440,3054,6.872187218721872
train,q74,44440,2841,6.392889288928893
train,q34,44440,2716,6.1116111611161115
train,q44,44440,1878,4.225922592259226
train,qn44,44440,1878,4.225922592259226
train,q40,44440,1773,3.9896489648964897
train,q37,44440,1692,3.807380738073807
train,q45,44440,1686,3.793879387938794
train,q35,44440,1542,3.46984698469847
train,qn35,44440,1542,3.46984698469847
train,q48,44440,1509,3.3955895589558955
train,q47,44440,1436,3.231323132313231
train,q38,44440,1245,2.8015301530153014
train,qn38,44440,1245,2.8015301530153014
train,q81,44440,1237,2.7835283528352837
train,qn81,44440,1237,2.7835283528352837
train,q59,44440,1205,2.7115211521152114
train,qn59,44440,1205,2.7115211521152114
train,q56,44440,1172,2.637263726372637
train,qn56,44440,1172,2.637263726372637
train,q36,44440,1158,2.6057605760576057
train,q80,44440,1152,2.592259225922592
train,qn80,44440,1152,2.592259225922592
train,q46,44440,1113,2.5045004500450045
train,qn46,44440,1113,2.5045004500450045
train,q60,44440,1103,2.481998199819982
train,qn60,44440,1103,2.481998199819982
train,q24,44440,997,2.2434743474347436
train,qn24,44440,997,2.2434743474347436
train,q71,44440,962,2.1647164716471647
train,q39,44440,933,2.0994599459945995
train,qn39,44440,933,2.0994599459945995
train,q66,44440,920,2.07020702070207
train,qn66,44440,920,2.07020702070207
train,q58,44440,913,2.0544554455445545
train,qn58,44440,913,2.0544554455445545
train,q41,44440,889,2.0004500450045004
train,qn41,44440,889,2.0004500450045004
train,q51,44440,833,1.8744374437443745
train,qn51,44440,833,1.8744374437443745
train,qnpe3g,44440,833,1.8744374437443745
train,qnpe5g,44440,833,1.8744374437443745
train,q31,44440,829,1.8654365436543654
train,q28,44440,817,1.8384338433843384
train,q57,44440,816,1.836183618361836
train,qn57,44440,816,1.836183618361836
train,q42,44440,774,1.7416741674167417
train,qn42,44440,774,1.7416741674167417
train,q3,44440,773,1.7394239423942395
train,q53,44440,772,1.7371737173717372
train,qn53,44440,772,1.7371737173717372
train,q27,44440,764,1.7191719171917192
train,qn27,44440,764,1.7191719171917192
train,q43,44440,756,1.701170117011701
train,qn43,44440,756,1.701170117011701
train,q69,44440,744,1.6741674167416742
train,q55,44440,743,1.671917191719172
train,qn55,44440,743,1.671917191719172
train,qnnotb2g,44440,727,1.6359135913591358
train,q52,44440,623,1.401890189018902
train,qn52,44440,623,1.401890189018902
train,q50,44440,621,1.3973897389738974
train,qn50,44440,621,1.3973897389738974
train,q75,44440,609,1.3703870387038704
train,q54,44440,573,1.2893789378937894
train,qn54,44440,573,1.2893789378937894
train,q72,44440,556,1.251125112511251
train,q25,44440,541,1.2173717371737174
train,qn25,44440,541,1.2173717371737174
train,q33,44440,528,1.188118811881188
train,qn33,44440,528,1.188118811881188
train,q79,44440,514,1.1566156615661567
train,qn79,44440,514,1.1566156615661567
train,qntob2g,44440,473,1.0643564356435644
train,q26,44440,453,1.0193519351935194
train,qn26,44440,453,1.0193519351935194
train,q29,44440,431,0.9698469846984699
train,qn29,44440,431,0.9698469846984699
train,q76,44440,425,0.9563456345634563
train,qn76,44440,425,0.9563456345634563
train,q30,44440,420,0.9450945094509451
train,qn30,44440,420,0.9450945094509451
train,q2,44440,399,0.8978397839783978
train,q68,44440,396,0.8910891089108911
train,qn68,44440,396,0.8910891089108911
train,q65,44440,387,0.8708370837083709
train,qn65,44440,387,0.8708370837083709
train,q6,44440,365,0.8213321332133213
train,q62,44440,365,0.8213321332133213
train,qn6,44440,365,0.8213321332133213
train,qn62,44440,365,0.8213321332133213
train,q32,44440,349,0.7853285328532853
train,q67,44440,349,0.7853285328532853
train,qn32,44440,349,0.7853285328532853
train,qn67,44440,349,0.7853285328532853
train,q77,44440,338,0.7605760576057605
train,qn77,44440,338,0.7605760576057605
train,q78,44440,265,0.5963096309630963
train,qn78,44440,265,0.5963096309630963
train,q63,44440,263,0.5918091809180918
train,qn63,44440,263,0.5918091809180918
train,q61,44440,255,0.5738073807380738
train,qn61,44440,255,0.5738073807380738
train,q22,44440,253,0.5693069306930693
train,qn22,44440,253,0.5693069306930693
train,q23,44440,252,0.5670567056705671
train,qn23,44440,252,0.5670567056705671
train,q64,44440,243,0.5468046804680468
train,qn64,44440,243,0.5468046804680468
train,q70,44440,242,0.5445544554455446
train,q16,44440,169,0.38028802880288026
train,qn16,44440,169,0.38028802880288026
train,q15,44440,154,0.3465346534653465
train,qn15,44440,154,0.3465346534653465
train,q10,44440,143,0.3217821782178218
train,qn10,44440,143,0.3217821782178218
train,qnff1g,44440,143,0.3217821782178218
train,qnff2g,44440,143,0.3217821782178218
train,qnff3g,44440,143,0.3217821782178218
train,q1,44440,79,0.17776777677767777
