psu,train_n,test_n,total_n,in_train,in_test,partition_status
1,2100,507,2607,True,True,shared
2,2042,535,2577,True,True,shared
3,2120,580,2700,True,True,shared
4,2146,524,2670,True,True,shared
5,1825,476,2301,True,True,shared
6,2433,598,3031,True,True,shared
7,2057,488,2545,True,True,shared
8,2066,496,2562,True,True,shared
9,2167,529,2696,True,True,shared
10,2244,517,2761,True,True,shared
11,2071,497,2568,True,True,shared
12,1792,443,2235,True,True,shared
13,2032,532,2564,True,True,shared
14,2062,519,2581,True,True,shared
15,1811,461,2272,True,True,shared
16,2084,500,2584,True,True,shared
17,1714,456,2170,True,True,shared
18,1450,366,1816,True,True,shared
19,1358,309,1667,True,True,shared
20,1282,333,1615,True,True,shared
21,1101,266,1367,True,True,shared
22,765,207,972,True,True,shared
23,660,158,818,True,True,shared
24,686,186,872,True,True,shared
25,248,73,321,True,True,shared
26,105,24,129,True,True,shared
27,81,19,100,True,True,shared
28,109,33,142,True,True,shared
29,56,17,73,True,True,shared
30,93,25,118,True,True,shared
31,55,5,60,True,True,shared
32,64,18,82,True,True,shared
33,28,8,36,True,True,shared
34,35,5,40,True,True,shared
35,24,4,28,True,True,shared
36,18,7,25,True,True,shared
37,11,4,15,True,True,shared
38,14,4,18,True,True,shared
39,4,2,6,True,True,shared
40,97,26,123,True,True,shared
41,94,29,123,True,True,shared
42,58,18,76,True,True,shared
43,76,22,98,True,True,shared
44,75,27,102,True,True,shared
45,88,22,110,True,True,shared
46,74,25,99,True,True,shared
47,62,8,70,True,True,shared
48,67,8,75,True,True,shared
49,96,28,124,True,True,shared
50,52,20,72,True,True,shared
51,123,36,159,True,True,shared
52,87,22,109,True,True,shared
53,82,20,102,True,True,shared
54,67,17,84,True,True,shared
55,93,18,111,True,True,shared
56,93,21,114,True,True,shared
57,43,13,56,True,True,shared
