column,strategy,fit_partition,train_missing_before,test_missing_before,train_cells_replaced,test_cells_replaced,train_missing_after,test_missing_after,train_dtype_before,train_dtype_after,test_dtype_before,test_dtype_after
q1,fixed_category_sin_dato,NO_FIT_FIXED_RULE,79,18,79,18,0,0,float64,object,float64,object
q2,fixed_category_sin_dato,NO_FIT_FIXED_RULE,399,92,399,92,0,0,float64,object,float64,object
q3,fixed_category_sin_dato,NO_FIT_FIXED_RULE,773,217,773,217,0,0,float64,object,float64,object
q6,fixed_category_sin_dato,NO_FIT_FIXED_RULE,365,86,365,86,0,0,float64,object,float64,object
q10,fixed_category_sin_dato,NO_FIT_FIXED_RULE,143,36,143,36,0,0,float64,object,float64,object
q15,fixed_category_sin_dato,NO_FIT_FIXED_RULE,154,36,154,36,0,0,float64,object,float64,object
q16,fixed_category_sin_dato,NO_FIT_FIXED_RULE,169,47,169,47,0,0,float64,object,float64,object
q17,fixed_category_sin_dato,NO_FIT_FIXED_RULE,4180,1066,4180,1066,0,0,float64,object,float64,object
q18,fixed_category_sin_dato,NO_FIT_FIXED_RULE,3201,845,3201,845,0,0,float64,object,float64,object
q19,fixed_category_sin_dato,NO_FIT_FIXED_RULE,4001,1014,4001,1014,0,0,float64,object,float64,object
q22,fixed_category_sin_dato,NO_FIT_FIXED_RULE,253,56,253,56,0,0,float64,object,float64,object
q23,fixed_category_sin_dato,NO_FIT_FIXED_RULE,252,77,252,77,0,0,float64,object,float64,object
q24,fixed_category_sin_dato,NO_FIT_FIXED_RULE,997,236,997,236,0,0,float64,object,float64,object
q25,fixed_category_sin_dato,NO_FIT_FIXED_RULE,541,119,541,119,0,0,float64,object,float64,object
q26,fixed_category_sin_dato,NO_FIT_FIXED_RULE,453,117,453,117,0,0,float64,object,float64,object
q27,fixed_category_sin_dato,NO_FIT_FIXED_RULE,764,171,764,171,0,0,float64,object,float64,object
q28,fixed_category_sin_dato,NO_FIT_FIXED_RULE,817,210,817,210,0,0,float64,object,float64,object
q29,fixed_category_sin_dato,NO_FIT_FIXED_RULE,431,106,431,106,0,0,float64,object,float64,object
q30,fixed_category_sin_dato,NO_FIT_FIXED_RULE,420,103,420,103,0,0,float64,object,float64,object
q31,fixed_category_sin_dato,NO_FIT_FIXED_RULE,829,213,829,213,0,0,float64,object,float64,object
q32,fixed_category_sin_dato,NO_FIT_FIXED_RULE,349,84,349,84,0,0,float64,object,float64,object
q33,fixed_category_sin_dato,NO_FIT_FIXED_RULE,528,137,528,137,0,0,float64,object,float64,object
q34,fixed_category_sin_dato,NO_FIT_FIXED_RULE,2716,669,2716,669,0,0,float64,object,float64,object
q35,fixed_category_sin_dato,NO_FIT_FIXED_RULE,1542,351,1542,351,0,0,float64,object,float64,object
q36,fixed_category_sin_dato,NO_FIT_FIXED_RULE,1158,263,1158,263,0,0,float64,object,float64,object
q37,fixed_category_sin_dato,NO_FIT_FIXED_RULE,1692,378,1692,378,0,0,float64,object,float64,object
q38,fixed_category_sin_dato,NO_FIT_FIXED_RULE,1245,323,1245,323,0,0,float64,object,float64,object
q39,fixed_category_sin_dato,NO_FIT_FIXED_RULE,933,261,933,261,0,0,float64,object,float64,object
q40,fixed_category_sin_dato,NO_FIT_FIXED_RULE,1773,465,1773,465,0,0,float64,object,float64,object
q41,fixed_category_sin_dato,NO_FIT_FIXED_RULE,889,234,889,234,0,0,float64,object,float64,object
q42,fixed_category_sin_dato,NO_FIT_FIXED_RULE,774,198,774,198,0,0,float64,object,float64,object
q43,fixed_category_sin_dato,NO_FIT_FIXED_RULE,756,211,756,211,0,0,float64,object,float64,object
q44,fixed_category_sin_dato,NO_FIT_FIXED_RULE,1878,469,1878,469,0,0,float64,object,float64,object
q45,fixed_category_sin_dato,NO_FIT_FIXED_RULE,1686,422,1686,422,0,0,float64,object,float64,object
q46,fixed_category_sin_dato,NO_FIT_FIXED_RULE,1113,274,1113,274,0,0,float64,object,float64,object
q47,fixed_category_sin_dato,NO_FIT_FIXED_RULE,1436,368,1436,368,0,0,float64,object,float64,object
q48,fixed_category_sin_dato,NO_FIT_FIXED_RULE,1509,370,1509,370,0,0,float64,object,float64,object
q50,fixed_category_sin_dato,NO_FIT_FIXED_RULE,621,148,621,148,0,0,float64,object,float64,object
q51,fixed_category_sin_dato,NO_FIT_FIXED_RULE,833,235,833,235,0,0,float64,object,float64,object
q52,fixed_category_sin_dato,NO_FIT_FIXED_RULE,623,150,623,150,0,0,float64,object,float64,object
q53,fixed_category_sin_dato,NO_FIT_FIXED_RULE,772,218,772,218,0,0,float64,object,float64,object
q54,fixed_category_sin_dato,NO_FIT_FIXED_RULE,573,153,573,153,0,0,float64,object,float64,object
q55,fixed_category_sin_dato,NO_FIT_FIXED_RULE,743,188,743,188,0,0,float64,object,float64,object
q56,fixed_category_sin_dato,NO_FIT_FIXED_RULE,1172,322,1172,322,0,0,float64,object,float64,object
q57,fixed_category_sin_dato,NO_FIT_FIXED_RULE,816,228,816,228,0,0,float64,object,float64,object
q58,fixed_category_sin_dato,NO_FIT_FIXED_RULE,913,246,913,246,0,0,float64,object,float64,object
q59,fixed_category_sin_dato,NO_FIT_FIXED_RULE,1205,304,1205,304,0,0,float64,object,float64,object
q60,fixed_category_sin_dato,NO_FIT_FIXED_RULE,1103,282,1103,282,0,0,float64,object,float64,object
q61,fixed_category_sin_dato,NO_FIT_FIXED_RULE,255,62,255,62,0,0,float64,object,float64,object
q62,fixed_category_sin_dato,NO_FIT_FIXED_RULE,365,83,365,83,0,0,float64,object,float64,object
q63,fixed_category_sin_dato,NO_FIT_FIXED_RULE,263,71,263,71,0,0,float64,object,float64,object
q64,fixed_category_sin_dato,NO_FIT_FIXED_RULE,243,67,243,67,0,0,float64,object,float64,object
q65,fixed_category_sin_dato,NO_FIT_FIXED_RULE,387,97,387,97,0,0,float64,object,float64,object
q66,fixed_category_sin_dato,NO_FIT_FIXED_RULE,920,212,920,212,0,0,float64,object,float64,object
q67,fixed_category_sin_dato,NO_FIT_FIXED_RULE,349,77,349,77,0,0,float64,object,float64,object
q68,fixed_category_sin_dato,NO_FIT_FIXED_RULE,396,93,396,93,0,0,float64,object,float64,object
q69,fixed_category_sin_dato,NO_FIT_FIXED_RULE,744,175,744,175,0,0,float64,object,float64,object
q70,fixed_category_sin_dato,NO_FIT_FIXED_RULE,242,56,242,56,0,0,float64,object,float64,object
q71,fixed_category_sin_dato,NO_FIT_FIXED_RULE,962,247,962,247,0,0,float64,object,float64,object
q72,fixed_category_sin_dato,NO_FIT_FIXED_RULE,556,139,556,139,0,0,float64,object,float64,object
q73,fixed_category_sin_dato,NO_FIT_FIXED_RULE,3054,768,3054,768,0,0,float64,object,float64,object
q74,fixed_category_sin_dato,NO_FIT_FIXED_RULE,2841,752,2841,752,0,0,float64,object,float64,object
q75,fixed_category_sin_dato,NO_FIT_FIXED_RULE,609,156,609,156,0,0,float64,object,float64,object
q76,fixed_category_sin_dato,NO_FIT_FIXED_RULE,425,106,425,106,0,0,float64,object,float64,object
q77,fixed_category_sin_dato,NO_FIT_FIXED_RULE,338,83,338,83,0,0,float64,object,float64,object
q78,fixed_category_sin_dato,NO_FIT_FIXED_RULE,265,69,265,69,0,0,float64,object,float64,object
q79,fixed_category_sin_dato,NO_FIT_FIXED_RULE,514,125,514,125,0,0,float64,object,float64,object
q80,fixed_category_sin_dato,NO_FIT_FIXED_RULE,1152,298,1152,298,0,0,float64,object,float64,object
q81,fixed_category_sin_dato,NO_FIT_FIXED_RULE,1237,307,1237,307,0,0,float64,object,float64,object
qn6,fixed_category_sin_dato,NO_FIT_FIXED_RULE,365,86,365,86,0,0,float64,object,float64,object
qn10,fixed_category_sin_dato,NO_FIT_FIXED_RULE,143,36,143,36,0,0,float64,object,float64,object
qn15,fixed_category_sin_dato,NO_FIT_FIXED_RULE,154,36,154,36,0,0,float64,object,float64,object
qn16,fixed_category_sin_dato,NO_FIT_FIXED_RULE,169,47,169,47,0,0,float64,object,float64,object
qn17,fixed_category_sin_dato,NO_FIT_FIXED_RULE,4180,1066,4180,1066,0,0,float64,object,float64,object
qn18,fixed_category_sin_dato,NO_FIT_FIXED_RULE,33230,8313,33230,8313,0,0,float64,object,float64,object
qn19,fixed_category_sin_dato,NO_FIT_FIXED_RULE,32922,8247,32922,8247,0,0,float64,object,float64,object
qn22,fixed_category_sin_dato,NO_FIT_FIXED_RULE,253,56,253,56,0,0,float64,object,float64,object
qn23,fixed_category_sin_dato,NO_FIT_FIXED_RULE,252,77,252,77,0,0,float64,object,float64,object
qn24,fixed_category_sin_dato,NO_FIT_FIXED_RULE,997,236,997,236,0,0,float64,object,float64,object
qn25,fixed_category_sin_dato,NO_FIT_FIXED_RULE,541,119,541,119,0,0,float64,object,float64,object
qn26,fixed_category_sin_dato,NO_FIT_FIXED_RULE,453,117,453,117,0,0,float64,object,float64,object
qn27,fixed_category_sin_dato,NO_FIT_FIXED_RULE,764,171,764,171,0,0,float64,object,float64,object
qn28,fixed_category_sin_dato,NO_FIT_FIXED_RULE,26775,6839,26775,6839,0,0,float64,object,float64,object
qn29,fixed_category_sin_dato,NO_FIT_FIXED_RULE,431,106,431,106,0,0,float64,object,float64,object
qn30,fixed_category_sin_dato,NO_FIT_FIXED_RULE,420,103,420,103,0,0,float64,object,float64,object
qn31,fixed_category_sin_dato,NO_FIT_FIXED_RULE,35499,8981,35499,8981,0,0,float64,object,float64,object
qn32,fixed_category_sin_dato,NO_FIT_FIXED_RULE,349,84,349,84,0,0,float64,object,float64,object
qn33,fixed_category_sin_dato,NO_FIT_FIXED_RULE,528,137,528,137,0,0,float64,object,float64,object
qn34,fixed_category_sin_dato,NO_FIT_FIXED_RULE,12544,3157,12544,3157,0,0,float64,object,float64,object
qn35,fixed_category_sin_dato,NO_FIT_FIXED_RULE,1542,351,1542,351,0,0,float64,object,float64,object
qn36,fixed_category_sin_dato,NO_FIT_FIXED_RULE,19914,4993,19914,4993,0,0,float64,object,float64,object
qn37,fixed_category_sin_dato,NO_FIT_FIXED_RULE,21036,5242,21036,5242,0,0,float64,object,float64,object
qn38,fixed_category_sin_dato,NO_FIT_FIXED_RULE,1245,323,1245,323,0,0,float64,object,float64,object
qn39,fixed_category_sin_dato,NO_FIT_FIXED_RULE,933,261,933,261,0,0,float64,object,float64,object
qn41,fixed_category_sin_dato,NO_FIT_FIXED_RULE,889,234,889,234,0,0,float64,object,float64,object
qn42,fixed_category_sin_dato,NO_FIT_FIXED_RULE,774,198,774,198,0,0,float64,object,float64,object
qn43,fixed_category_sin_dato,NO_FIT_FIXED_RULE,756,211,756,211,0,0,float64,object,float64,object
qn44,fixed_category_sin_dato,NO_FIT_FIXED_RULE,1878,469,1878,469,0,0,float64,object,float64,object
qn45,fixed_category_sin_dato,NO_FIT_FIXED_RULE,27964,7054,27964,7054,0,0,float64,object,float64,object
qn46,fixed_category_sin_dato,NO_FIT_FIXED_RULE,1113,274,1113,274,0,0,float64,object,float64,object
qn47,fixed_category_sin_dato,NO_FIT_FIXED_RULE,28056,7064,28056,7064,0,0,float64,object,float64,object
qn48,fixed_category_sin_dato,NO_FIT_FIXED_RULE,28095,7046,28095,7046,0,0,float64,object,float64,object
qn50,fixed_category_sin_dato,NO_FIT_FIXED_RULE,621,148,621,148,0,0,float64,object,float64,object
qn51,fixed_category_sin_dato,NO_FIT_FIXED_RULE,833,235,833,235,0,0,float64,object,float64,object
qn52,fixed_category_sin_dato,NO_FIT_FIXED_RULE,623,150,623,150,0,0,float64,object,float64,object
qn53,fixed_category_sin_dato,NO_FIT_FIXED_RULE,772,218,772,218,0,0,float64,object,float64,object
qn54,fixed_category_sin_dato,NO_FIT_FIXED_RULE,573,153,573,153,0,0,float64,object,float64,object
qn55,fixed_category_sin_dato,NO_FIT_FIXED_RULE,743,188,743,188,0,0,float64,object,float64,object
qn56,fixed_category_sin_dato,NO_FIT_FIXED_RULE,1172,322,1172,322,0,0,float64,object,float64,object
qn57,fixed_category_sin_dato,NO_FIT_FIXED_RULE,816,228,816,228,0,0,float64,object,float64,object
qn58,fixed_category_sin_dato,NO_FIT_FIXED_RULE,913,246,913,246,0,0,float64,object,float64,object
qn59,fixed_category_sin_dato,NO_FIT_FIXED_RULE,1205,304,1205,304,0,0,float64,object,float64,object
qn60,fixed_category_sin_dato,NO_FIT_FIXED_RULE,1103,282,1103,282,0,0,float64,object,float64,object
qn61,fixed_category_sin_dato,NO_FIT_FIXED_RULE,255,62,255,62,0,0,float64,object,float64,object
qn62,fixed_category_sin_dato,NO_FIT_FIXED_RULE,365,83,365,83,0,0,float64,object,float64,object
qn63,fixed_category_sin_dato,NO_FIT_FIXED_RULE,263,71,263,71,0,0,float64,object,float64,object
qn64,fixed_category_sin_dato,NO_FIT_FIXED_RULE,243,67,243,67,0,0,float64,object,float64,object
qn65,fixed_category_sin_dato,NO_FIT_FIXED_RULE,387,97,387,97,0,0,float64,object,float64,object
qn66,fixed_category_sin_dato,NO_FIT_FIXED_RULE,920,212,920,212,0,0,float64,object,float64,object
qn67,fixed_category_sin_dato,NO_FIT_FIXED_RULE,349,77,349,77,0,0,float64,object,float64,object
qn68,fixed_category_sin_dato,NO_FIT_FIXED_RULE,396,93,396,93,0,0,float64,object,float64,object
qn69,fixed_category_sin_dato,NO_FIT_FIXED_RULE,7130,1797,7130,1797,0,0,float64,object,float64,object
qn70,fixed_category_sin_dato,NO_FIT_FIXED_RULE,11170,2788,11170,2788,0,0,float64,object,float64,object
qn71,fixed_category_sin_dato,NO_FIT_FIXED_RULE,24040,6022,24040,6022,0,0,float64,object,float64,object
qn72,fixed_category_sin_dato,NO_FIT_FIXED_RULE,21199,5339,21199,5339,0,0,float64,object,float64,object
qn73,fixed_category_sin_dato,NO_FIT_FIXED_RULE,17938,4496,17938,4496,0,0,float64,object,float64,object
qn74,fixed_category_sin_dato,NO_FIT_FIXED_RULE,17603,4439,17603,4439,0,0,float64,object,float64,object
qn75,fixed_category_sin_dato,NO_FIT_FIXED_RULE,27572,6845,27572,6845,0,0,float64,object,float64,object
qn76,fixed_category_sin_dato,NO_FIT_FIXED_RULE,425,106,425,106,0,0,float64,object,float64,object
qn77,fixed_category_sin_dato,NO_FIT_FIXED_RULE,338,83,338,83,0,0,float64,object,float64,object
qn78,fixed_category_sin_dato,NO_FIT_FIXED_RULE,265,69,265,69,0,0,float64,object,float64,object
qn79,fixed_category_sin_dato,NO_FIT_FIXED_RULE,514,125,514,125,0,0,float64,object,float64,object
qn80,fixed_category_sin_dato,NO_FIT_FIXED_RULE,1152,298,1152,298,0,0,float64,object,float64,object
qn81,fixed_category_sin_dato,NO_FIT_FIXED_RULE,1237,307,1237,307,0,0,float64,object,float64,object
qnunwtg,fixed_category_sin_dato,NO_FIT_FIXED_RULE,16168,4041,16168,4041,0,0,float64,object,float64,object
qnowtg,fixed_category_sin_dato,NO_FIT_FIXED_RULE,16168,4041,16168,4041,0,0,float64,object,float64,object
qnobeseg,fixed_category_sin_dato,NO_FIT_FIXED_RULE,16168,4041,16168,4041,0,0,float64,object,float64,object
qnff1g,fixed_category_sin_dato,NO_FIT_FIXED_RULE,143,36,143,36,0,0,float64,object,float64,object
qnff2g,fixed_category_sin_dato,NO_FIT_FIXED_RULE,143,36,143,36,0,0,float64,object,float64,object
qnff3g,fixed_category_sin_dato,NO_FIT_FIXED_RULE,143,36,143,36,0,0,float64,object,float64,object
qntob2g,fixed_category_sin_dato,NO_FIT_FIXED_RULE,473,120,473,120,0,0,float64,object,float64,object
qnnotb2g,fixed_category_sin_dato,NO_FIT_FIXED_RULE,727,180,727,180,0,0,float64,object,float64,object
qnbcanyg,fixed_category_sin_dato,NO_FIT_FIXED_RULE,28836,7261,28836,7261,0,0,float64,object,float64,object
qnc1g,fixed_category_sin_dato,NO_FIT_FIXED_RULE,28870,7274,28870,7274,0,0,float64,object,float64,object
qnpe3g,fixed_category_sin_dato,NO_FIT_FIXED_RULE,833,235,833,235,0,0,float64,object,float64,object
qnpe5g,fixed_category_sin_dato,NO_FIT_FIXED_RULE,833,235,833,235,0,0,float64,object,float64,object
