output_column,source_column,output_position,output_kind,encoding,source_category,review_status
q4,q4,0,continuous_numeric,unchanged_scaled_B7,,CONFIRMED
q5,q5,1,continuous_numeric,unchanged_scaled_B7,,CONFIRMED
q4q5_faltaba,q4q5_faltaba,2,binary_numeric,unchanged_indicator,,CONFIRMED
q1,q1,3,ordinal_numeric,ordinal_semantic_mapping_patch,,SEMANTIC_REVIEW_APPLIED
q3,q3,4,ordinal_numeric,ordinal_semantic_mapping_patch,,SEMANTIC_REVIEW_APPLIED
q6,q6,5,ordinal_numeric,ordinal_semantic_mapping_patch,,SEMANTIC_REVIEW_APPLIED
q10,q10,6,ordinal_numeric,ordinal_semantic_mapping_patch,,SEMANTIC_REVIEW_APPLIED
q15,q15,7,ordinal_numeric,ordinal_semantic_mapping_patch,,SEMANTIC_REVIEW_APPLIED
q16,q16,8,ordinal_numeric,ordinal_semantic_mapping_patch,,SEMANTIC_REVIEW_APPLIED
q17,q17,9,ordinal_numeric,ordinal_semantic_mapping_patch,,SEMANTIC_REVIEW_APPLIED
q22,q22,10,ordinal_numeric,ordinal_semantic_mapping_patch,,SEMANTIC_REVIEW_APPLIED
q23,q23,11,ordinal_numeric,ordinal_semantic_mapping_patch,,SEMANTIC_REVIEW_APPLIED
q26,q26,12,ordinal_numeric,ordinal_semantic_mapping_patch,,SEMANTIC_REVIEW_APPLIED
q27,q27,13,ordinal_numeric,ordinal_semantic_mapping_patch,,SEMANTIC_REVIEW_APPLIED
q29,q29,14,ordinal_numeric,ordinal_semantic_mapping_patch,,SEMANTIC_REVIEW_APPLIED
q30,q30,15,ordinal_numeric,ordinal_semantic_mapping_patch,,SEMANTIC_REVIEW_APPLIED
q32,q32,16,ordinal_numeric,ordinal_semantic_mapping_patch,,SEMANTIC_REVIEW_APPLIED
q35,q35,17,ordinal_numeric,ordinal_semantic_mapping_patch,,SEMANTIC_REVIEW_APPLIED
q36,q36,18,ordinal_numeric,ordinal_semantic_mapping_patch,,SEMANTIC_REVIEW_APPLIED
q38,q38,19,ordinal_numeric,ordinal_semantic_mapping_patch,,SEMANTIC_REVIEW_APPLIED
q39,q39,20,ordinal_numeric,ordinal_semantic_mapping_patch,,SEMANTIC_REVIEW_APPLIED
q41,q41,21,ordinal_numeric,ordinal_semantic_mapping_patch,,SEMANTIC_REVIEW_APPLIED
q42,q42,22,ordinal_numeric,ordinal_semantic_mapping_patch,,SEMANTIC_REVIEW_APPLIED
q43,q43,23,ordinal_numeric,ordinal_semantic_mapping_patch,,SEMANTIC_REVIEW_APPLIED
q46,q46,24,ordinal_numeric,ordinal_semantic_mapping_patch,,SEMANTIC_REVIEW_APPLIED
q50,q50,25,ordinal_numeric,ordinal_semantic_mapping_patch,,SEMANTIC_REVIEW_APPLIED
q51,q51,26,ordinal_numeric,ordinal_semantic_mapping_patch,,SEMANTIC_REVIEW_APPLIED
q52,q52,27,ordinal_numeric,ordinal_semantic_mapping_patch,,SEMANTIC_REVIEW_APPLIED
q53,q53,28,ordinal_numeric,ordinal_semantic_mapping_patch,,SEMANTIC_REVIEW_APPLIED
q54,q54,29,ordinal_numeric,ordinal_semantic_mapping_patch,,SEMANTIC_REVIEW_APPLIED
q55,q55,30,ordinal_numeric,ordinal_semantic_mapping_patch,,SEMANTIC_REVIEW_APPLIED
q56,q56,31,ordinal_numeric,ordinal_semantic_mapping_patch,,SEMANTIC_REVIEW_APPLIED
q57,q57,32,ordinal_numeric,ordinal_semantic_mapping_patch,,SEMANTIC_REVIEW_APPLIED
q58,q58,33,ordinal_numeric,ordinal_semantic_mapping_patch,,SEMANTIC_REVIEW_APPLIED
q61,q61,34,ordinal_numeric,ordinal_semantic_mapping_patch,,SEMANTIC_REVIEW_APPLIED
q62,q62,35,ordinal_numeric,ordinal_semantic_mapping_patch,,SEMANTIC_REVIEW_APPLIED
q63,q63,36,ordinal_numeric,ordinal_semantic_mapping_patch,,SEMANTIC_REVIEW_APPLIED
q64,q64,37,ordinal_numeric,ordinal_semantic_mapping_patch,,SEMANTIC_REVIEW_APPLIED
q65,q65,38,ordinal_numeric,ordinal_semantic_mapping_patch,,SEMANTIC_REVIEW_APPLIED
q76,q76,39,ordinal_numeric,ordinal_semantic_mapping_patch,,SEMANTIC_REVIEW_APPLIED
q77,q77,40,ordinal_numeric,ordinal_semantic_mapping_patch,,SEMANTIC_REVIEW_APPLIED
q78,q78,41,ordinal_numeric,ordinal_semantic_mapping_patch,,SEMANTIC_REVIEW_APPLIED
q80,q80,42,ordinal_numeric,ordinal_semantic_mapping_patch,,SEMANTIC_REVIEW_APPLIED
q81,q81,43,ordinal_numeric,ordinal_semantic_mapping_patch,,SEMANTIC_REVIEW_APPLIED
q59,q59,44,ordinal_numeric,ordinal_semantic_mapping_patch,,SEMANTIC_REVIEW_APPLIED
q60,q60,45,ordinal_numeric,ordinal_semantic_mapping_patch,,SEMANTIC_REVIEW_APPLIED
q69,q69,46,ordinal_numeric,ordinal_semantic_mapping_patch,,SEMANTIC_REVIEW_APPLIED
q70,q70,47,ordinal_numeric,ordinal_semantic_mapping_patch,,SEMANTIC_REVIEW_APPLIED
q71,q71,48,ordinal_numeric,ordinal_semantic_mapping_patch,,SEMANTIC_REVIEW_APPLIED
q72,q72,49,ordinal_numeric,ordinal_semantic_mapping_patch,,SEMANTIC_REVIEW_APPLIED
q79,q79,50,ordinal_numeric,ordinal_semantic_mapping_patch,,SEMANTIC_REVIEW_APPLIED
q2__1,q2,51,onehot_numeric,onehot_train_vocabulary,1,SEMANTIC_REVIEW_APPLIED
q2__2,q2,52,onehot_numeric,onehot_train_vocabulary,2,SEMANTIC_REVIEW_APPLIED
q2__sin_dato,q2,53,onehot_numeric,onehot_train_vocabulary,sin_dato,SEMANTIC_REVIEW_APPLIED
q18__1,q18,54,onehot_numeric,onehot_train_vocabulary,1,SEMANTIC_REVIEW_APPLIED
q18__2,q18,55,onehot_numeric,onehot_train_vocabulary,2,SEMANTIC_REVIEW_APPLIED
q18__3,q18,56,onehot_numeric,onehot_train_vocabulary,3,SEMANTIC_REVIEW_APPLIED
q18__4,q18,57,onehot_numeric,onehot_train_vocabulary,4,SEMANTIC_REVIEW_APPLIED
q18__5,q18,58,onehot_numeric,onehot_train_vocabulary,5,SEMANTIC_REVIEW_APPLIED
q18__6,q18,59,onehot_numeric,onehot_train_vocabulary,6,SEMANTIC_REVIEW_APPLIED
q18__7,q18,60,onehot_numeric,onehot_train_vocabulary,7,SEMANTIC_REVIEW_APPLIED
q18__8,q18,61,onehot_numeric,onehot_train_vocabulary,8,SEMANTIC_REVIEW_APPLIED
q18__sin_dato,q18,62,onehot_numeric,onehot_train_vocabulary,sin_dato,SEMANTIC_REVIEW_APPLIED
q19__1,q19,63,onehot_numeric,onehot_train_vocabulary,1,SEMANTIC_REVIEW_APPLIED
q19__2,q19,64,onehot_numeric,onehot_train_vocabulary,2,SEMANTIC_REVIEW_APPLIED
q19__3,q19,65,onehot_numeric,onehot_train_vocabulary,3,SEMANTIC_REVIEW_APPLIED
q19__4,q19,66,onehot_numeric,onehot_train_vocabulary,4,SEMANTIC_REVIEW_APPLIED
q19__5,q19,67,onehot_numeric,onehot_train_vocabulary,5,SEMANTIC_REVIEW_APPLIED
q19__6,q19,68,onehot_numeric,onehot_train_vocabulary,6,SEMANTIC_REVIEW_APPLIED
q19__7,q19,69,onehot_numeric,onehot_train_vocabulary,7,SEMANTIC_REVIEW_APPLIED
q19__8,q19,70,onehot_numeric,onehot_train_vocabulary,8,SEMANTIC_REVIEW_APPLIED
q19__sin_dato,q19,71,onehot_numeric,onehot_train_vocabulary,sin_dato,SEMANTIC_REVIEW_APPLIED
q24__1,q24,72,onehot_numeric,onehot_train_vocabulary,1,SEMANTIC_REVIEW_APPLIED
q24__2,q24,73,onehot_numeric,onehot_train_vocabulary,2,SEMANTIC_REVIEW_APPLIED
q24__sin_dato,q24,74,onehot_numeric,onehot_train_vocabulary,sin_dato,SEMANTIC_REVIEW_APPLIED
q25__1,q25,75,onehot_numeric,onehot_train_vocabulary,1,SEMANTIC_REVIEW_APPLIED
q25__2,q25,76,onehot_numeric,onehot_train_vocabulary,2,SEMANTIC_REVIEW_APPLIED
q25__sin_dato,q25,77,onehot_numeric,onehot_train_vocabulary,sin_dato,SEMANTIC_REVIEW_APPLIED
q28__1,q28,78,onehot_numeric,onehot_train_vocabulary,1,SEMANTIC_REVIEW_APPLIED
q28__2,q28,79,onehot_numeric,onehot_train_vocabulary,2,SEMANTIC_REVIEW_APPLIED
q28__3,q28,80,onehot_numeric,onehot_train_vocabulary,3,SEMANTIC_REVIEW_APPLIED
q28__4,q28,81,onehot_numeric,onehot_train_vocabulary,4,SEMANTIC_REVIEW_APPLIED
q28__5,q28,82,onehot_numeric,onehot_train_vocabulary,5,SEMANTIC_REVIEW_APPLIED
q28__6,q28,83,onehot_numeric,onehot_train_vocabulary,6,SEMANTIC_REVIEW_APPLIED
q28__7,q28,84,onehot_numeric,onehot_train_vocabulary,7,SEMANTIC_REVIEW_APPLIED
q28__8,q28,85,onehot_numeric,onehot_train_vocabulary,8,SEMANTIC_REVIEW_APPLIED
q28__sin_dato,q28,86,onehot_numeric,onehot_train_vocabulary,sin_dato,SEMANTIC_REVIEW_APPLIED
q31__1,q31,87,onehot_numeric,onehot_train_vocabulary,1,SEMANTIC_REVIEW_APPLIED
q31__2,q31,88,onehot_numeric,onehot_train_vocabulary,2,SEMANTIC_REVIEW_APPLIED
q31__3,q31,89,onehot_numeric,onehot_train_vocabulary,3,SEMANTIC_REVIEW_APPLIED
q31__4,q31,90,onehot_numeric,onehot_train_vocabulary,4,SEMANTIC_REVIEW_APPLIED
q31__sin_dato,q31,91,onehot_numeric,onehot_train_vocabulary,sin_dato,SEMANTIC_REVIEW_APPLIED
q33__1,q33,92,onehot_numeric,onehot_train_vocabulary,1,SEMANTIC_REVIEW_APPLIED
q33__2,q33,93,onehot_numeric,onehot_train_vocabulary,2,SEMANTIC_REVIEW_APPLIED
q33__3,q33,94,onehot_numeric,onehot_train_vocabulary,3,SEMANTIC_REVIEW_APPLIED
q33__4,q33,95,onehot_numeric,onehot_train_vocabulary,4,SEMANTIC_REVIEW_APPLIED
q33__5,q33,96,onehot_numeric,onehot_train_vocabulary,5,SEMANTIC_REVIEW_APPLIED
q33__sin_dato,q33,97,onehot_numeric,onehot_train_vocabulary,sin_dato,SEMANTIC_REVIEW_APPLIED
q34__1,q34,98,onehot_numeric,onehot_train_vocabulary,1,SEMANTIC_REVIEW_APPLIED
q34__2,q34,99,onehot_numeric,onehot_train_vocabulary,2,SEMANTIC_REVIEW_APPLIED
q34__3,q34,100,onehot_numeric,onehot_train_vocabulary,3,SEMANTIC_REVIEW_APPLIED
q34__4,q34,101,onehot_numeric,onehot_train_vocabulary,4,SEMANTIC_REVIEW_APPLIED
q34__5,q34,102,onehot_numeric,onehot_train_vocabulary,5,SEMANTIC_REVIEW_APPLIED
q34__6,q34,103,onehot_numeric,onehot_train_vocabulary,6,SEMANTIC_REVIEW_APPLIED
q34__7,q34,104,onehot_numeric,onehot_train_vocabulary,7,SEMANTIC_REVIEW_APPLIED
q34__8,q34,105,onehot_numeric,onehot_train_vocabulary,8,SEMANTIC_REVIEW_APPLIED
q34__sin_dato,q34,106,onehot_numeric,onehot_train_vocabulary,sin_dato,SEMANTIC_REVIEW_APPLIED
q37__1,q37,107,onehot_numeric,onehot_train_vocabulary,1,SEMANTIC_REVIEW_APPLIED
q37__2,q37,108,onehot_numeric,onehot_train_vocabulary,2,SEMANTIC_REVIEW_APPLIED
q37__3,q37,109,onehot_numeric,onehot_train_vocabulary,3,SEMANTIC_REVIEW_APPLIED
q37__4,q37,110,onehot_numeric,onehot_train_vocabulary,4,SEMANTIC_REVIEW_APPLIED
q37__5,q37,111,onehot_numeric,onehot_train_vocabulary,5,SEMANTIC_REVIEW_APPLIED
q37__6,q37,112,onehot_numeric,onehot_train_vocabulary,6,SEMANTIC_REVIEW_APPLIED
q37__7,q37,113,onehot_numeric,onehot_train_vocabulary,7,SEMANTIC_REVIEW_APPLIED
q37__sin_dato,q37,114,onehot_numeric,onehot_train_vocabulary,sin_dato,SEMANTIC_REVIEW_APPLIED
q40__1,q40,115,onehot_numeric,onehot_train_vocabulary,1,SEMANTIC_REVIEW_APPLIED
q40__2,q40,116,onehot_numeric,onehot_train_vocabulary,2,SEMANTIC_REVIEW_APPLIED
q40__3,q40,117,onehot_numeric,onehot_train_vocabulary,3,SEMANTIC_REVIEW_APPLIED
q40__4,q40,118,onehot_numeric,onehot_train_vocabulary,4,SEMANTIC_REVIEW_APPLIED
q40__5,q40,119,onehot_numeric,onehot_train_vocabulary,5,SEMANTIC_REVIEW_APPLIED
q40__6,q40,120,onehot_numeric,onehot_train_vocabulary,6,SEMANTIC_REVIEW_APPLIED
q40__7,q40,121,onehot_numeric,onehot_train_vocabulary,7,SEMANTIC_REVIEW_APPLIED
q40__8,q40,122,onehot_numeric,onehot_train_vocabulary,8,SEMANTIC_REVIEW_APPLIED
q40__sin_dato,q40,123,onehot_numeric,onehot_train_vocabulary,sin_dato,SEMANTIC_REVIEW_APPLIED
q44__1,q44,124,onehot_numeric,onehot_train_vocabulary,1,SEMANTIC_REVIEW_APPLIED
q44__2,q44,125,onehot_numeric,onehot_train_vocabulary,2,SEMANTIC_REVIEW_APPLIED
q44__sin_dato,q44,126,onehot_numeric,onehot_train_vocabulary,sin_dato,SEMANTIC_REVIEW_APPLIED
q45__1,q45,127,onehot_numeric,onehot_train_vocabulary,1,SEMANTIC_REVIEW_APPLIED
q45__2,q45,128,onehot_numeric,onehot_train_vocabulary,2,SEMANTIC_REVIEW_APPLIED
q45__3,q45,129,onehot_numeric,onehot_train_vocabulary,3,SEMANTIC_REVIEW_APPLIED
q45__4,q45,130,onehot_numeric,onehot_train_vocabulary,4,SEMANTIC_REVIEW_APPLIED
q45__5,q45,131,onehot_numeric,onehot_train_vocabulary,5,SEMANTIC_REVIEW_APPLIED
q45__6,q45,132,onehot_numeric,onehot_train_vocabulary,6,SEMANTIC_REVIEW_APPLIED
q45__7,q45,133,onehot_numeric,onehot_train_vocabulary,7,SEMANTIC_REVIEW_APPLIED
q45__8,q45,134,onehot_numeric,onehot_train_vocabulary,8,SEMANTIC_REVIEW_APPLIED
q45__sin_dato,q45,135,onehot_numeric,onehot_train_vocabulary,sin_dato,SEMANTIC_REVIEW_APPLIED
q47__1,q47,136,onehot_numeric,onehot_train_vocabulary,1,SEMANTIC_REVIEW_APPLIED
q47__2,q47,137,onehot_numeric,onehot_train_vocabulary,2,SEMANTIC_REVIEW_APPLIED
q47__3,q47,138,onehot_numeric,onehot_train_vocabulary,3,SEMANTIC_REVIEW_APPLIED
q47__sin_dato,q47,139,onehot_numeric,onehot_train_vocabulary,sin_dato,SEMANTIC_REVIEW_APPLIED
q48__1,q48,140,onehot_numeric,onehot_train_vocabulary,1,SEMANTIC_REVIEW_APPLIED
q48__2,q48,141,onehot_numeric,onehot_train_vocabulary,2,SEMANTIC_REVIEW_APPLIED
q48__3,q48,142,onehot_numeric,onehot_train_vocabulary,3,SEMANTIC_REVIEW_APPLIED
q48__4,q48,143,onehot_numeric,onehot_train_vocabulary,4,SEMANTIC_REVIEW_APPLIED
q48__sin_dato,q48,144,onehot_numeric,onehot_train_vocabulary,sin_dato,SEMANTIC_REVIEW_APPLIED
q66__1,q66,145,onehot_numeric,onehot_train_vocabulary,1,SEMANTIC_REVIEW_APPLIED
q66__2,q66,146,onehot_numeric,onehot_train_vocabulary,2,SEMANTIC_REVIEW_APPLIED
q66__sin_dato,q66,147,onehot_numeric,onehot_train_vocabulary,sin_dato,SEMANTIC_REVIEW_APPLIED
q67__1,q67,148,onehot_numeric,onehot_train_vocabulary,1,SEMANTIC_REVIEW_APPLIED
q67__2,q67,149,onehot_numeric,onehot_train_vocabulary,2,SEMANTIC_REVIEW_APPLIED
q67__sin_dato,q67,150,onehot_numeric,onehot_train_vocabulary,sin_dato,SEMANTIC_REVIEW_APPLIED
q68__1,q68,151,onehot_numeric,onehot_train_vocabulary,1,SEMANTIC_REVIEW_APPLIED
q68__2,q68,152,onehot_numeric,onehot_train_vocabulary,2,SEMANTIC_REVIEW_APPLIED
q68__sin_dato,q68,153,onehot_numeric,onehot_train_vocabulary,sin_dato,SEMANTIC_REVIEW_APPLIED
q73__1,q73,154,onehot_numeric,onehot_train_vocabulary,1,SEMANTIC_REVIEW_APPLIED
q73__2,q73,155,onehot_numeric,onehot_train_vocabulary,2,SEMANTIC_REVIEW_APPLIED
q73__3,q73,156,onehot_numeric,onehot_train_vocabulary,3,SEMANTIC_REVIEW_APPLIED
q73__4,q73,157,onehot_numeric,onehot_train_vocabulary,4,SEMANTIC_REVIEW_APPLIED
q73__5,q73,158,onehot_numeric,onehot_train_vocabulary,5,SEMANTIC_REVIEW_APPLIED
q73__6,q73,159,onehot_numeric,onehot_train_vocabulary,6,SEMANTIC_REVIEW_APPLIED
q73__7,q73,160,onehot_numeric,onehot_train_vocabulary,7,SEMANTIC_REVIEW_APPLIED
q73__sin_dato,q73,161,onehot_numeric,onehot_train_vocabulary,sin_dato,SEMANTIC_REVIEW_APPLIED
q74__1,q74,162,onehot_numeric,onehot_train_vocabulary,1,SEMANTIC_REVIEW_APPLIED
q74__2,q74,163,onehot_numeric,onehot_train_vocabulary,2,SEMANTIC_REVIEW_APPLIED
q74__3,q74,164,onehot_numeric,onehot_train_vocabulary,3,SEMANTIC_REVIEW_APPLIED
q74__4,q74,165,onehot_numeric,onehot_train_vocabulary,4,SEMANTIC_REVIEW_APPLIED
q74__5,q74,166,onehot_numeric,onehot_train_vocabulary,5,SEMANTIC_REVIEW_APPLIED
q74__sin_dato,q74,167,onehot_numeric,onehot_train_vocabulary,sin_dato,SEMANTIC_REVIEW_APPLIED
q75__1,q75,168,onehot_numeric,onehot_train_vocabulary,1,SEMANTIC_REVIEW_APPLIED
q75__2,q75,169,onehot_numeric,onehot_train_vocabulary,2,SEMANTIC_REVIEW_APPLIED
q75__3,q75,170,onehot_numeric,onehot_train_vocabulary,3,SEMANTIC_REVIEW_APPLIED
q75__sin_dato,q75,171,onehot_numeric,onehot_train_vocabulary,sin_dato,SEMANTIC_REVIEW_APPLIED
qn6__1,qn6,172,onehot_numeric,onehot_train_vocabulary,1,SEMANTIC_REVIEW_APPLIED
qn6__2,qn6,173,onehot_numeric,onehot_train_vocabulary,2,SEMANTIC_REVIEW_APPLIED
qn6__sin_dato,qn6,174,onehot_numeric,onehot_train_vocabulary,sin_dato,SEMANTIC_REVIEW_APPLIED
qn10__1,qn10,175,onehot_numeric,onehot_train_vocabulary,1,SEMANTIC_REVIEW_APPLIED
qn10__2,qn10,176,onehot_numeric,onehot_train_vocabulary,2,SEMANTIC_REVIEW_APPLIED
qn10__sin_dato,qn10,177,onehot_numeric,onehot_train_vocabulary,sin_dato,SEMANTIC_REVIEW_APPLIED
qn15__1,qn15,178,onehot_numeric,onehot_train_vocabulary,1,SEMANTIC_REVIEW_APPLIED
qn15__2,qn15,179,onehot_numeric,onehot_train_vocabulary,2,SEMANTIC_REVIEW_APPLIED
qn15__sin_dato,qn15,180,onehot_numeric,onehot_train_vocabulary,sin_dato,SEMANTIC_REVIEW_APPLIED
qn16__1,qn16,181,onehot_numeric,onehot_train_vocabulary,1,SEMANTIC_REVIEW_APPLIED
qn16__2,qn16,182,onehot_numeric,onehot_train_vocabulary,2,SEMANTIC_REVIEW_APPLIED
qn16__sin_dato,qn16,183,onehot_numeric,onehot_train_vocabulary,sin_dato,SEMANTIC_REVIEW_APPLIED
qn17__1,qn17,184,onehot_numeric,onehot_train_vocabulary,1,SEMANTIC_REVIEW_APPLIED
qn17__2,qn17,185,onehot_numeric,onehot_train_vocabulary,2,SEMANTIC_REVIEW_APPLIED
qn17__sin_dato,qn17,186,onehot_numeric,onehot_train_vocabulary,sin_dato,SEMANTIC_REVIEW_APPLIED
qn18__1,qn18,187,onehot_numeric,onehot_train_vocabulary,1,SEMANTIC_REVIEW_APPLIED
qn18__2,qn18,188,onehot_numeric,onehot_train_vocabulary,2,SEMANTIC_REVIEW_APPLIED
qn18__sin_dato,qn18,189,onehot_numeric,onehot_train_vocabulary,sin_dato,SEMANTIC_REVIEW_APPLIED
qn19__1,qn19,190,onehot_numeric,onehot_train_vocabulary,1,SEMANTIC_REVIEW_APPLIED
qn19__2,qn19,191,onehot_numeric,onehot_train_vocabulary,2,SEMANTIC_REVIEW_APPLIED
qn19__sin_dato,qn19,192,onehot_numeric,onehot_train_vocabulary,sin_dato,SEMANTIC_REVIEW_APPLIED
qn22__1,qn22,193,onehot_numeric,onehot_train_vocabulary,1,SEMANTIC_REVIEW_APPLIED
qn22__2,qn22,194,onehot_numeric,onehot_train_vocabulary,2,SEMANTIC_REVIEW_APPLIED
qn22__sin_dato,qn22,195,onehot_numeric,onehot_train_vocabulary,sin_dato,SEMANTIC_REVIEW_APPLIED
qn23__1,qn23,196,onehot_numeric,onehot_train_vocabulary,1,SEMANTIC_REVIEW_APPLIED
qn23__2,qn23,197,onehot_numeric,onehot_train_vocabulary,2,SEMANTIC_REVIEW_APPLIED
qn23__sin_dato,qn23,198,onehot_numeric,onehot_train_vocabulary,sin_dato,SEMANTIC_REVIEW_APPLIED
qn24__1,qn24,199,onehot_numeric,onehot_train_vocabulary,1,SEMANTIC_REVIEW_APPLIED
qn24__2,qn24,200,onehot_numeric,onehot_train_vocabulary,2,SEMANTIC_REVIEW_APPLIED
qn24__sin_dato,qn24,201,onehot_numeric,onehot_train_vocabulary,sin_dato,SEMANTIC_REVIEW_APPLIED
qn25__1,qn25,202,onehot_numeric,onehot_train_vocabulary,1,SEMANTIC_REVIEW_APPLIED
qn25__2,qn25,203,onehot_numeric,onehot_train_vocabulary,2,SEMANTIC_REVIEW_APPLIED
qn25__sin_dato,qn25,204,onehot_numeric,onehot_train_vocabulary,sin_dato,SEMANTIC_REVIEW_APPLIED
qn26__1,qn26,205,onehot_numeric,onehot_train_vocabulary,1,SEMANTIC_REVIEW_APPLIED
qn26__2,qn26,206,onehot_numeric,onehot_train_vocabulary,2,SEMANTIC_REVIEW_APPLIED
qn26__sin_dato,qn26,207,onehot_numeric,onehot_train_vocabulary,sin_dato,SEMANTIC_REVIEW_APPLIED
qn27__1,qn27,208,onehot_numeric,onehot_train_vocabulary,1,SEMANTIC_REVIEW_APPLIED
qn27__2,qn27,209,onehot_numeric,onehot_train_vocabulary,2,SEMANTIC_REVIEW_APPLIED
qn27__sin_dato,qn27,210,onehot_numeric,onehot_train_vocabulary,sin_dato,SEMANTIC_REVIEW_APPLIED
qn28__1,qn28,211,onehot_numeric,onehot_train_vocabulary,1,SEMANTIC_REVIEW_APPLIED
qn28__2,qn28,212,onehot_numeric,onehot_train_vocabulary,2,SEMANTIC_REVIEW_APPLIED
qn28__sin_dato,qn28,213,onehot_numeric,onehot_train_vocabulary,sin_dato,SEMANTIC_REVIEW_APPLIED
qn29__1,qn29,214,onehot_numeric,onehot_train_vocabulary,1,SEMANTIC_REVIEW_APPLIED
qn29__2,qn29,215,onehot_numeric,onehot_train_vocabulary,2,SEMANTIC_REVIEW_APPLIED
qn29__sin_dato,qn29,216,onehot_numeric,onehot_train_vocabulary,sin_dato,SEMANTIC_REVIEW_APPLIED
qn30__1,qn30,217,onehot_numeric,onehot_train_vocabulary,1,SEMANTIC_REVIEW_APPLIED
qn30__2,qn30,218,onehot_numeric,onehot_train_vocabulary,2,SEMANTIC_REVIEW_APPLIED
qn30__sin_dato,qn30,219,onehot_numeric,onehot_train_vocabulary,sin_dato,SEMANTIC_REVIEW_APPLIED
qn31__1,qn31,220,onehot_numeric,onehot_train_vocabulary,1,SEMANTIC_REVIEW_APPLIED
qn31__2,qn31,221,onehot_numeric,onehot_train_vocabulary,2,SEMANTIC_REVIEW_APPLIED
qn31__sin_dato,qn31,222,onehot_numeric,onehot_train_vocabulary,sin_dato,SEMANTIC_REVIEW_APPLIED
qn32__1,qn32,223,onehot_numeric,onehot_train_vocabulary,1,SEMANTIC_REVIEW_APPLIED
qn32__2,qn32,224,onehot_numeric,onehot_train_vocabulary,2,SEMANTIC_REVIEW_APPLIED
qn32__sin_dato,qn32,225,onehot_numeric,onehot_train_vocabulary,sin_dato,SEMANTIC_REVIEW_APPLIED
qn33__1,qn33,226,onehot_numeric,onehot_train_vocabulary,1,SEMANTIC_REVIEW_APPLIED
qn33__2,qn33,227,onehot_numeric,onehot_train_vocabulary,2,SEMANTIC_REVIEW_APPLIED
qn33__sin_dato,qn33,228,onehot_numeric,onehot_train_vocabulary,sin_dato,SEMANTIC_REVIEW_APPLIED
qn34__1,qn34,229,onehot_numeric,onehot_train_vocabulary,1,SEMANTIC_REVIEW_APPLIED
qn34__2,qn34,230,onehot_numeric,onehot_train_vocabulary,2,SEMANTIC_REVIEW_APPLIED
qn34__sin_dato,qn34,231,onehot_numeric,onehot_train_vocabulary,sin_dato,SEMANTIC_REVIEW_APPLIED
qn35__1,qn35,232,onehot_numeric,onehot_train_vocabulary,1,SEMANTIC_REVIEW_APPLIED
qn35__2,qn35,233,onehot_numeric,onehot_train_vocabulary,2,SEMANTIC_REVIEW_APPLIED
qn35__sin_dato,qn35,234,onehot_numeric,onehot_train_vocabulary,sin_dato,SEMANTIC_REVIEW_APPLIED
qn36__1,qn36,235,onehot_numeric,onehot_train_vocabulary,1,SEMANTIC_REVIEW_APPLIED
qn36__2,qn36,236,onehot_numeric,onehot_train_vocabulary,2,SEMANTIC_REVIEW_APPLIED
qn36__sin_dato,qn36,237,onehot_numeric,onehot_train_vocabulary,sin_dato,SEMANTIC_REVIEW_APPLIED
qn37__1,qn37,238,onehot_numeric,onehot_train_vocabulary,1,SEMANTIC_REVIEW_APPLIED
qn37__2,qn37,239,onehot_numeric,onehot_train_vocabulary,2,SEMANTIC_REVIEW_APPLIED
qn37__sin_dato,qn37,240,onehot_numeric,onehot_train_vocabulary,sin_dato,SEMANTIC_REVIEW_APPLIED
qn38__1,qn38,241,onehot_numeric,onehot_train_vocabulary,1,SEMANTIC_REVIEW_APPLIED
qn38__2,qn38,242,onehot_numeric,onehot_train_vocabulary,2,SEMANTIC_REVIEW_APPLIED
qn38__sin_dato,qn38,243,onehot_numeric,onehot_train_vocabulary,sin_dato,SEMANTIC_REVIEW_APPLIED
qn39__1,qn39,244,onehot_numeric,onehot_train_vocabulary,1,SEMANTIC_REVIEW_APPLIED
qn39__2,qn39,245,onehot_numeric,onehot_train_vocabulary,2,SEMANTIC_REVIEW_APPLIED
qn39__sin_dato,qn39,246,onehot_numeric,onehot_train_vocabulary,sin_dato,SEMANTIC_REVIEW_APPLIED
qn41__1,qn41,247,onehot_numeric,onehot_train_vocabulary,1,SEMANTIC_REVIEW_APPLIED
qn41__2,qn41,248,onehot_numeric,onehot_train_vocabulary,2,SEMANTIC_REVIEW_APPLIED
qn41__sin_dato,qn41,249,onehot_numeric,onehot_train_vocabulary,sin_dato,SEMANTIC_REVIEW_APPLIED
qn42__1,qn42,250,onehot_numeric,onehot_train_vocabulary,1,SEMANTIC_REVIEW_APPLIED
qn42__2,qn42,251,onehot_numeric,onehot_train_vocabulary,2,SEMANTIC_REVIEW_APPLIED
qn42__sin_dato,qn42,252,onehot_numeric,onehot_train_vocabulary,sin_dato,SEMANTIC_REVIEW_APPLIED
qn43__1,qn43,253,onehot_numeric,onehot_train_vocabulary,1,SEMANTIC_REVIEW_APPLIED
qn43__2,qn43,254,onehot_numeric,onehot_train_vocabulary,2,SEMANTIC_REVIEW_APPLIED
qn43__sin_dato,qn43,255,onehot_numeric,onehot_train_vocabulary,sin_dato,SEMANTIC_REVIEW_APPLIED
qn44__1,qn44,256,onehot_numeric,onehot_train_vocabulary,1,SEMANTIC_REVIEW_APPLIED
qn44__2,qn44,257,onehot_numeric,onehot_train_vocabulary,2,SEMANTIC_REVIEW_APPLIED
qn44__sin_dato,qn44,258,onehot_numeric,onehot_train_vocabulary,sin_dato,SEMANTIC_REVIEW_APPLIED
qn45__1,qn45,259,onehot_numeric,onehot_train_vocabulary,1,SEMANTIC_REVIEW_APPLIED
qn45__2,qn45,260,onehot_numeric,onehot_train_vocabulary,2,SEMANTIC_REVIEW_APPLIED
qn45__sin_dato,qn45,261,onehot_numeric,onehot_train_vocabulary,sin_dato,SEMANTIC_REVIEW_APPLIED
qn46__1,qn46,262,onehot_numeric,onehot_train_vocabulary,1,SEMANTIC_REVIEW_APPLIED
qn46__2,qn46,263,onehot_numeric,onehot_train_vocabulary,2,SEMANTIC_REVIEW_APPLIED
qn46__sin_dato,qn46,264,onehot_numeric,onehot_train_vocabulary,sin_dato,SEMANTIC_REVIEW_APPLIED
qn47__1,qn47,265,onehot_numeric,onehot_train_vocabulary,1,SEMANTIC_REVIEW_APPLIED
qn47__2,qn47,266,onehot_numeric,onehot_train_vocabulary,2,SEMANTIC_REVIEW_APPLIED
qn47__sin_dato,qn47,267,onehot_numeric,onehot_train_vocabulary,sin_dato,SEMANTIC_REVIEW_APPLIED
qn48__1,qn48,268,onehot_numeric,onehot_train_vocabulary,1,SEMANTIC_REVIEW_APPLIED
qn48__2,qn48,269,onehot_numeric,onehot_train_vocabulary,2,SEMANTIC_REVIEW_APPLIED
qn48__sin_dato,qn48,270,onehot_numeric,onehot_train_vocabulary,sin_dato,SEMANTIC_REVIEW_APPLIED
qn50__1,qn50,271,onehot_numeric,onehot_train_vocabulary,1,SEMANTIC_REVIEW_APPLIED
qn50__2,qn50,272,onehot_numeric,onehot_train_vocabulary,2,SEMANTIC_REVIEW_APPLIED
qn50__sin_dato,qn50,273,onehot_numeric,onehot_train_vocabulary,sin_dato,SEMANTIC_REVIEW_APPLIED
qn51__1,qn51,274,onehot_numeric,onehot_train_vocabulary,1,SEMANTIC_REVIEW_APPLIED
qn51__2,qn51,275,onehot_numeric,onehot_train_vocabulary,2,SEMANTIC_REVIEW_APPLIED
qn51__sin_dato,qn51,276,onehot_numeric,onehot_train_vocabulary,sin_dato,SEMANTIC_REVIEW_APPLIED
qn52__1,qn52,277,onehot_numeric,onehot_train_vocabulary,1,SEMANTIC_REVIEW_APPLIED
qn52__2,qn52,278,onehot_numeric,onehot_train_vocabulary,2,SEMANTIC_REVIEW_APPLIED
qn52__sin_dato,qn52,279,onehot_numeric,onehot_train_vocabulary,sin_dato,SEMANTIC_REVIEW_APPLIED
qn53__1,qn53,280,onehot_numeric,onehot_train_vocabulary,1,SEMANTIC_REVIEW_APPLIED
qn53__2,qn53,281,onehot_numeric,onehot_train_vocabulary,2,SEMANTIC_REVIEW_APPLIED
qn53__sin_dato,qn53,282,onehot_numeric,onehot_train_vocabulary,sin_dato,SEMANTIC_REVIEW_APPLIED
qn54__1,qn54,283,onehot_numeric,onehot_train_vocabulary,1,SEMANTIC_REVIEW_APPLIED
qn54__2,qn54,284,onehot_numeric,onehot_train_vocabulary,2,SEMANTIC_REVIEW_APPLIED
qn54__sin_dato,qn54,285,onehot_numeric,onehot_train_vocabulary,sin_dato,SEMANTIC_REVIEW_APPLIED
qn55__1,qn55,286,onehot_numeric,onehot_train_vocabulary,1,SEMANTIC_REVIEW_APPLIED
qn55__2,qn55,287,onehot_numeric,onehot_train_vocabulary,2,SEMANTIC_REVIEW_APPLIED
qn55__sin_dato,qn55,288,onehot_numeric,onehot_train_vocabulary,sin_dato,SEMANTIC_REVIEW_APPLIED
qn56__1,qn56,289,onehot_numeric,onehot_train_vocabulary,1,SEMANTIC_REVIEW_APPLIED
qn56__2,qn56,290,onehot_numeric,onehot_train_vocabulary,2,SEMANTIC_REVIEW_APPLIED
qn56__sin_dato,qn56,291,onehot_numeric,onehot_train_vocabulary,sin_dato,SEMANTIC_REVIEW_APPLIED
qn57__1,qn57,292,onehot_numeric,onehot_train_vocabulary,1,SEMANTIC_REVIEW_APPLIED
qn57__2,qn57,293,onehot_numeric,onehot_train_vocabulary,2,SEMANTIC_REVIEW_APPLIED
qn57__sin_dato,qn57,294,onehot_numeric,onehot_train_vocabulary,sin_dato,SEMANTIC_REVIEW_APPLIED
qn58__1,qn58,295,onehot_numeric,onehot_train_vocabulary,1,SEMANTIC_REVIEW_APPLIED
qn58__2,qn58,296,onehot_numeric,onehot_train_vocabulary,2,SEMANTIC_REVIEW_APPLIED
qn58__sin_dato,qn58,297,onehot_numeric,onehot_train_vocabulary,sin_dato,SEMANTIC_REVIEW_APPLIED
qn59__1,qn59,298,onehot_numeric,onehot_train_vocabulary,1,SEMANTIC_REVIEW_APPLIED
qn59__2,qn59,299,onehot_numeric,onehot_train_vocabulary,2,SEMANTIC_REVIEW_APPLIED
qn59__sin_dato,qn59,300,onehot_numeric,onehot_train_vocabulary,sin_dato,SEMANTIC_REVIEW_APPLIED
qn60__1,qn60,301,onehot_numeric,onehot_train_vocabulary,1,SEMANTIC_REVIEW_APPLIED
qn60__2,qn60,302,onehot_numeric,onehot_train_vocabulary,2,SEMANTIC_REVIEW_APPLIED
qn60__sin_dato,qn60,303,onehot_numeric,onehot_train_vocabulary,sin_dato,SEMANTIC_REVIEW_APPLIED
qn61__1,qn61,304,onehot_numeric,onehot_train_vocabulary,1,SEMANTIC_REVIEW_APPLIED
qn61__2,qn61,305,onehot_numeric,onehot_train_vocabulary,2,SEMANTIC_REVIEW_APPLIED
qn61__sin_dato,qn61,306,onehot_numeric,onehot_train_vocabulary,sin_dato,SEMANTIC_REVIEW_APPLIED
qn62__1,qn62,307,onehot_numeric,onehot_train_vocabulary,1,SEMANTIC_REVIEW_APPLIED
qn62__2,qn62,308,onehot_numeric,onehot_train_vocabulary,2,SEMANTIC_REVIEW_APPLIED
qn62__sin_dato,qn62,309,onehot_numeric,onehot_train_vocabulary,sin_dato,SEMANTIC_REVIEW_APPLIED
qn63__1,qn63,310,onehot_numeric,onehot_train_vocabulary,1,SEMANTIC_REVIEW_APPLIED
qn63__2,qn63,311,onehot_numeric,onehot_train_vocabulary,2,SEMANTIC_REVIEW_APPLIED
qn63__sin_dato,qn63,312,onehot_numeric,onehot_train_vocabulary,sin_dato,SEMANTIC_REVIEW_APPLIED
qn64__1,qn64,313,onehot_numeric,onehot_train_vocabulary,1,SEMANTIC_REVIEW_APPLIED
qn64__2,qn64,314,onehot_numeric,onehot_train_vocabulary,2,SEMANTIC_REVIEW_APPLIED
qn64__sin_dato,qn64,315,onehot_numeric,onehot_train_vocabulary,sin_dato,SEMANTIC_REVIEW_APPLIED
qn65__1,qn65,316,onehot_numeric,onehot_train_vocabulary,1,SEMANTIC_REVIEW_APPLIED
qn65__2,qn65,317,onehot_numeric,onehot_train_vocabulary,2,SEMANTIC_REVIEW_APPLIED
qn65__sin_dato,qn65,318,onehot_numeric,onehot_train_vocabulary,sin_dato,SEMANTIC_REVIEW_APPLIED
qn66__1,qn66,319,onehot_numeric,onehot_train_vocabulary,1,SEMANTIC_REVIEW_APPLIED
qn66__2,qn66,320,onehot_numeric,onehot_train_vocabulary,2,SEMANTIC_REVIEW_APPLIED
qn66__sin_dato,qn66,321,onehot_numeric,onehot_train_vocabulary,sin_dato,SEMANTIC_REVIEW_APPLIED
qn67__1,qn67,322,onehot_numeric,onehot_train_vocabulary,1,SEMANTIC_REVIEW_APPLIED
qn67__2,qn67,323,onehot_numeric,onehot_train_vocabulary,2,SEMANTIC_REVIEW_APPLIED
qn67__sin_dato,qn67,324,onehot_numeric,onehot_train_vocabulary,sin_dato,SEMANTIC_REVIEW_APPLIED
qn68__1,qn68,325,onehot_numeric,onehot_train_vocabulary,1,SEMANTIC_REVIEW_APPLIED
qn68__2,qn68,326,onehot_numeric,onehot_train_vocabulary,2,SEMANTIC_REVIEW_APPLIED
qn68__sin_dato,qn68,327,onehot_numeric,onehot_train_vocabulary,sin_dato,SEMANTIC_REVIEW_APPLIED
qn69__1,qn69,328,onehot_numeric,onehot_train_vocabulary,1,SEMANTIC_REVIEW_APPLIED
qn69__2,qn69,329,onehot_numeric,onehot_train_vocabulary,2,SEMANTIC_REVIEW_APPLIED
qn69__sin_dato,qn69,330,onehot_numeric,onehot_train_vocabulary,sin_dato,SEMANTIC_REVIEW_APPLIED
qn70__1,qn70,331,onehot_numeric,onehot_train_vocabulary,1,SEMANTIC_REVIEW_APPLIED
qn70__2,qn70,332,onehot_numeric,onehot_train_vocabulary,2,SEMANTIC_REVIEW_APPLIED
qn70__sin_dato,qn70,333,onehot_numeric,onehot_train_vocabulary,sin_dato,SEMANTIC_REVIEW_APPLIED
qn71__1,qn71,334,onehot_numeric,onehot_train_vocabulary,1,SEMANTIC_REVIEW_APPLIED
qn71__2,qn71,335,onehot_numeric,onehot_train_vocabulary,2,SEMANTIC_REVIEW_APPLIED
qn71__sin_dato,qn71,336,onehot_numeric,onehot_train_vocabulary,sin_dato,SEMANTIC_REVIEW_APPLIED
qn72__1,qn72,337,onehot_numeric,onehot_train_vocabulary,1,SEMANTIC_REVIEW_APPLIED
qn72__2,qn72,338,onehot_numeric,onehot_train_vocabulary,2,SEMANTIC_REVIEW_APPLIED
qn72__sin_dato,qn72,339,onehot_numeric,onehot_train_vocabulary,sin_dato,SEMANTIC_REVIEW_APPLIED
qn73__1,qn73,340,onehot_numeric,onehot_train_vocabulary,1,SEMANTIC_REVIEW_APPLIED
qn73__2,qn73,341,onehot_numeric,onehot_train_vocabulary,2,SEMANTIC_REVIEW_APPLIED
qn73__sin_dato,qn73,342,onehot_numeric,onehot_train_vocabulary,sin_dato,SEMANTIC_REVIEW_APPLIED
qn74__1,qn74,343,onehot_numeric,onehot_train_vocabulary,1,SEMANTIC_REVIEW_APPLIED
qn74__2,qn74,344,onehot_numeric,onehot_train_vocabulary,2,SEMANTIC_REVIEW_APPLIED
qn74__sin_dato,qn74,345,onehot_numeric,onehot_train_vocabulary,sin_dato,SEMANTIC_REVIEW_APPLIED
qn75__1,qn75,346,onehot_numeric,onehot_train_vocabulary,1,SEMANTIC_REVIEW_APPLIED
qn75__2,qn75,347,onehot_numeric,onehot_train_vocabulary,2,SEMANTIC_REVIEW_APPLIED
qn75__sin_dato,qn75,348,onehot_numeric,onehot_train_vocabulary,sin_dato,SEMANTIC_REVIEW_APPLIED
qn76__1,qn76,349,onehot_numeric,onehot_train_vocabulary,1,SEMANTIC_REVIEW_APPLIED
qn76__2,qn76,350,onehot_numeric,onehot_train_vocabulary,2,SEMANTIC_REVIEW_APPLIED
qn76__sin_dato,qn76,351,onehot_numeric,onehot_train_vocabulary,sin_dato,SEMANTIC_REVIEW_APPLIED
qn77__1,qn77,352,onehot_numeric,onehot_train_vocabulary,1,SEMANTIC_REVIEW_APPLIED
qn77__2,qn77,353,onehot_numeric,onehot_train_vocabulary,2,SEMANTIC_REVIEW_APPLIED
qn77__sin_dato,qn77,354,onehot_numeric,onehot_train_vocabulary,sin_dato,SEMANTIC_REVIEW_APPLIED
qn78__1,qn78,355,onehot_numeric,onehot_train_vocabulary,1,SEMANTIC_REVIEW_APPLIED
qn78__2,qn78,356,onehot_numeric,onehot_train_vocabulary,2,SEMANTIC_REVIEW_APPLIED
qn78__sin_dato,qn78,357,onehot_numeric,onehot_train_vocabulary,sin_dato,SEMANTIC_REVIEW_APPLIED
qn79__1,qn79,358,onehot_numeric,onehot_train_vocabulary,1,SEMANTIC_REVIEW_APPLIED
qn79__2,qn79,359,onehot_numeric,onehot_train_vocabulary,2,SEMANTIC_REVIEW_APPLIED
qn79__sin_dato,qn79,360,onehot_numeric,onehot_train_vocabulary,sin_dato,SEMANTIC_REVIEW_APPLIED
qn80__1,qn80,361,onehot_numeric,onehot_train_vocabulary,1,SEMANTIC_REVIEW_APPLIED
qn80__2,qn80,362,onehot_numeric,onehot_train_vocabulary,2,SEMANTIC_REVIEW_APPLIED
qn80__sin_dato,qn80,363,onehot_numeric,onehot_train_vocabulary,sin_dato,SEMANTIC_REVIEW_APPLIED
qn81__1,qn81,364,onehot_numeric,onehot_train_vocabulary,1,SEMANTIC_REVIEW_APPLIED
qn81__2,qn81,365,onehot_numeric,onehot_train_vocabulary,2,SEMANTIC_REVIEW_APPLIED
qn81__sin_dato,qn81,366,onehot_numeric,onehot_train_vocabulary,sin_dato,SEMANTIC_REVIEW_APPLIED
qnunwtg__1,qnunwtg,367,onehot_numeric,onehot_train_vocabulary,1,SEMANTIC_REVIEW_APPLIED
qnunwtg__2,qnunwtg,368,onehot_numeric,onehot_train_vocabulary,2,SEMANTIC_REVIEW_APPLIED
qnunwtg__sin_dato,qnunwtg,369,onehot_numeric,onehot_train_vocabulary,sin_dato,SEMANTIC_REVIEW_APPLIED
qnowtg__1,qnowtg,370,onehot_numeric,onehot_train_vocabulary,1,SEMANTIC_REVIEW_APPLIED
qnowtg__2,qnowtg,371,onehot_numeric,onehot_train_vocabulary,2,SEMANTIC_REVIEW_APPLIED
qnowtg__sin_dato,qnowtg,372,onehot_numeric,onehot_train_vocabulary,sin_dato,SEMANTIC_REVIEW_APPLIED
qnobeseg__1,qnobeseg,373,onehot_numeric,onehot_train_vocabulary,1,SEMANTIC_REVIEW_APPLIED
qnobeseg__2,qnobeseg,374,onehot_numeric,onehot_train_vocabulary,2,SEMANTIC_REVIEW_APPLIED
qnobeseg__sin_dato,qnobeseg,375,onehot_numeric,onehot_train_vocabulary,sin_dato,SEMANTIC_REVIEW_APPLIED
qnff1g__1,qnff1g,376,onehot_numeric,onehot_train_vocabulary,1,SEMANTIC_REVIEW_APPLIED
qnff1g__2,qnff1g,377,onehot_numeric,onehot_train_vocabulary,2,SEMANTIC_REVIEW_APPLIED
qnff1g__sin_dato,qnff1g,378,onehot_numeric,onehot_train_vocabulary,sin_dato,SEMANTIC_REVIEW_APPLIED
qnff2g__1,qnff2g,379,onehot_numeric,onehot_train_vocabulary,1,SEMANTIC_REVIEW_APPLIED
qnff2g__2,qnff2g,380,onehot_numeric,onehot_train_vocabulary,2,SEMANTIC_REVIEW_APPLIED
qnff2g__sin_dato,qnff2g,381,onehot_numeric,onehot_train_vocabulary,sin_dato,SEMANTIC_REVIEW_APPLIED
qnff3g__1,qnff3g,382,onehot_numeric,onehot_train_vocabulary,1,SEMANTIC_REVIEW_APPLIED
qnff3g__2,qnff3g,383,onehot_numeric,onehot_train_vocabulary,2,SEMANTIC_REVIEW_APPLIED
qnff3g__sin_dato,qnff3g,384,onehot_numeric,onehot_train_vocabulary,sin_dato,SEMANTIC_REVIEW_APPLIED
qntob2g__1,qntob2g,385,onehot_numeric,onehot_train_vocabulary,1,SEMANTIC_REVIEW_APPLIED
qntob2g__2,qntob2g,386,onehot_numeric,onehot_train_vocabulary,2,SEMANTIC_REVIEW_APPLIED
qntob2g__sin_dato,qntob2g,387,onehot_numeric,onehot_train_vocabulary,sin_dato,SEMANTIC_REVIEW_APPLIED
qnnotb2g__1,qnnotb2g,388,onehot_numeric,onehot_train_vocabulary,1,SEMANTIC_REVIEW_APPLIED
qnnotb2g__2,qnnotb2g,389,onehot_numeric,onehot_train_vocabulary,2,SEMANTIC_REVIEW_APPLIED
qnnotb2g__sin_dato,qnnotb2g,390,onehot_numeric,onehot_train_vocabulary,sin_dato,SEMANTIC_REVIEW_APPLIED
qnbcanyg__1,qnbcanyg,391,onehot_numeric,onehot_train_vocabulary,1,SEMANTIC_REVIEW_APPLIED
qnbcanyg__2,qnbcanyg,392,onehot_numeric,onehot_train_vocabulary,2,SEMANTIC_REVIEW_APPLIED
qnbcanyg__sin_dato,qnbcanyg,393,onehot_numeric,onehot_train_vocabulary,sin_dato,SEMANTIC_REVIEW_APPLIED
qnc1g__1,qnc1g,394,onehot_numeric,onehot_train_vocabulary,1,SEMANTIC_REVIEW_APPLIED
qnc1g__2,qnc1g,395,onehot_numeric,onehot_train_vocabulary,2,SEMANTIC_REVIEW_APPLIED
qnc1g__sin_dato,qnc1g,396,onehot_numeric,onehot_train_vocabulary,sin_dato,SEMANTIC_REVIEW_APPLIED
qnpe3g__1,qnpe3g,397,onehot_numeric,onehot_train_vocabulary,1,SEMANTIC_REVIEW_APPLIED
qnpe3g__2,qnpe3g,398,onehot_numeric,onehot_train_vocabulary,2,SEMANTIC_REVIEW_APPLIED
qnpe3g__sin_dato,qnpe3g,399,onehot_numeric,onehot_train_vocabulary,sin_dato,SEMANTIC_REVIEW_APPLIED
qnpe5g__1,qnpe5g,400,onehot_numeric,onehot_train_vocabulary,1,SEMANTIC_REVIEW_APPLIED
qnpe5g__2,qnpe5g,401,onehot_numeric,onehot_train_vocabulary,2,SEMANTIC_REVIEW_APPLIED
qnpe5g__sin_dato,qnpe5g,402,onehot_numeric,onehot_train_vocabulary,sin_dato,SEMANTIC_REVIEW_APPLIED
