column,category,category_type,vocabulary_position,output_column,fit_partition,is_sin_dato
q2,1,float,0,q2__1,train,False
q2,2,float,1,q2__2,train,False
q2,sin_dato,str,2,q2__sin_dato,train,True
q18,1,float,0,q18__1,train,False
q18,2,float,1,q18__2,train,False
q18,3,float,2,q18__3,train,False
q18,4,float,3,q18__4,train,False
q18,5,float,4,q18__5,train,False
q18,6,float,5,q18__6,train,False
q18,7,float,6,q18__7,train,False
q18,8,float,7,q18__8,train,False
q18,sin_dato,str,8,q18__sin_dato,train,True
q19,1,float,0,q19__1,train,False
q19,2,float,1,q19__2,train,False
q19,3,float,2,q19__3,train,False
q19,4,float,3,q19__4,train,False
q19,5,float,4,q19__5,train,False
q19,6,float,5,q19__6,train,False
q19,7,float,6,q19__7,train,False
q19,8,float,7,q19__8,train,False
q19,sin_dato,str,8,q19__sin_dato,train,True
q24,1,float,0,q24__1,train,False
q24,2,float,1,q24__2,train,False
q24,sin_dato,str,2,q24__sin_dato,train,True
q25,1,float,0,q25__1,train,False
q25,2,float,1,q25__2,train,False
q25,sin_dato,str,2,q25__sin_dato,train,True
q28,1,float,0,q28__1,train,False
q28,2,float,1,q28__2,train,False
q28,3,float,2,q28__3,train,False
q28,4,float,3,q28__4,train,False
q28,5,float,4,q28__5,train,False
q28,6,float,5,q28__6,train,False
q28,7,float,6,q28__7,train,False
q28,8,float,7,q28__8,train,False
q28,sin_dato,str,8,q28__sin_dato,train,True
q31,1,float,0,q31__1,train,False
q31,2,float,1,q31__2,train,False
q31,3,float,2,q31__3,train,False
q31,4,float,3,q31__4,train,False
q31,sin_dato,str,4,q31__sin_dato,train,True
q33,1,float,0,q33__1,train,False
q33,2,float,1,q33__2,train,False
q33,3,float,2,q33__3,train,False
q33,4,float,3,q33__4,train,False
q33,5,float,4,q33__5,train,False
q33,sin_dato,str,5,q33__sin_dato,train,True
q34,1,float,0,q34__1,train,False
q34,2,float,1,q34__2,train,False
q34,3,float,2,q34__3,train,False
q34,4,float,3,q34__4,train,False
q34,5,float,4,q34__5,train,False
q34,6,float,5,q34__6,train,False
q34,7,float,6,q34__7,train,False
q34,8,float,7,q34__8,train,False
q34,sin_dato,str,8,q34__sin_dato,train,True
q37,1,float,0,q37__1,train,False
q37,2,float,1,q37__2,train,False
q37,3,float,2,q37__3,train,False
q37,4,float,3,q37__4,train,False
q37,5,float,4,q37__5,train,False
q37,6,float,5,q37__6,train,False
q37,7,float,6,q37__7,train,False
q37,sin_dato,str,7,q37__sin_dato,train,True
q40,1,float,0,q40__1,train,False
q40,2,float,1,q40__2,train,False
q40,3,float,2,q40__3,train,False
q40,4,float,3,q40__4,train,False
q40,5,float,4,q40__5,train,False
q40,6,float,5,q40__6,train,False
q40,7,float,6,q40__7,train,False
q40,8,float,7,q40__8,train,False
q40,sin_dato,str,8,q40__sin_dato,train,True
q44,1,float,0,q44__1,train,False
q44,2,float,1,q44__2,train,False
q44,sin_dato,str,2,q44__sin_dato,train,True
q45,1,float,0,q45__1,train,False
q45,2,float,1,q45__2,train,False
q45,3,float,2,q45__3,train,False
q45,4,float,3,q45__4,train,False
q45,5,float,4,q45__5,train,False
q45,6,float,5,q45__6,train,False
q45,7,float,6,q45__7,train,False
q45,8,float,7,q45__8,train,False
q45,sin_dato,str,8,q45__sin_dato,train,True
q47,1,float,0,q47__1,train,False
q47,2,float,1,q47__2,train,False
q47,3,float,2,q47__3,train,False
q47,sin_dato,str,3,q47__sin_dato,train,True
q48,1,float,0,q48__1,train,False
q48,2,float,1,q48__2,train,False
q48,3,float,2,q48__3,train,False
q48,4,float,3,q48__4,train,False
q48,sin_dato,str,4,q48__sin_dato,train,True
q66,1,float,0,q66__1,train,False
q66,2,float,1,q66__2,train,False
q66,sin_dato,str,2,q66__sin_dato,train,True
q67,1,float,0,q67__1,train,False
q67,2,float,1,q67__2,train,False
q67,sin_dato,str,2,q67__sin_dato,train,True
q68,1,float,0,q68__1,train,False
q68,2,float,1,q68__2,train,False
q68,sin_dato,str,2,q68__sin_dato,train,True
q73,1,float,0,q73__1,train,False
q73,2,float,1,q73__2,train,False
q73,3,float,2,q73__3,train,False
q73,4,float,3,q73__4,train,False
q73,5,float,4,q73__5,train,False
q73,6,float,5,q73__6,train,False
q73,7,float,6,q73__7,train,False
q73,sin_dato,str,7,q73__sin_dato,train,True
q74,1,float,0,q74__1,train,False
q74,2,float,1,q74__2,train,False
q74,3,float,2,q74__3,train,False
q74,4,float,3,q74__4,train,False
q74,5,float,4,q74__5,train,False
q74,sin_dato,str,5,q74__sin_dato,train,True
q75,1,float,0,q75__1,train,False
q75,2,float,1,q75__2,train,False
q75,3,float,2,q75__3,train,False
q75,sin_dato,str,3,q75__sin_dato,train,True
qn6,1,float,0,qn6__1,train,False
qn6,2,float,1,qn6__2,train,False
qn6,sin_dato,str,2,qn6__sin_dato,train,True
qn10,1,float,0,qn10__1,train,False
qn10,2,float,1,qn10__2,train,False
qn10,sin_dato,str,2,qn10__sin_dato,train,True
qn15,1,float,0,qn15__1,train,False
qn15,2,float,1,qn15__2,train,False
qn15,sin_dato,str,2,qn15__sin_dato,train,True
qn16,1,float,0,qn16__1,train,False
qn16,2,float,1,qn16__2,train,False
qn16,sin_dato,str,2,qn16__sin_dato,train,True
qn17,1,float,0,qn17__1,train,False
qn17,2,float,1,qn17__2,train,False
qn17,sin_dato,str,2,qn17__sin_dato,train,True
qn18,1,float,0,qn18__1,train,False
qn18,2,float,1,qn18__2,train,False
qn18,sin_dato,str,2,qn18__sin_dato,train,True
qn19,1,float,0,qn19__1,train,False
qn19,2,float,1,qn19__2,train,False
qn19,sin_dato,str,2,qn19__sin_dato,train,True
qn22,1,float,0,qn22__1,train,False
qn22,2,float,1,qn22__2,train,False
qn22,sin_dato,str,2,qn22__sin_dato,train,True
qn23,1,float,0,qn23__1,train,False
qn23,2,float,1,qn23__2,train,False
qn23,sin_dato,str,2,qn23__sin_dato,train,True
qn24,1,float,0,qn24__1,train,False
qn24,2,float,1,qn24__2,train,False
qn24,sin_dato,str,2,qn24__sin_dato,train,True
qn25,1,float,0,qn25__1,train,False
qn25,2,float,1,qn25__2,train,False
qn25,sin_dato,str,2,qn25__sin_dato,train,True
qn26,1,float,0,qn26__1,train,False
qn26,2,float,1,qn26__2,train,False
qn26,sin_dato,str,2,qn26__sin_dato,train,True
qn27,1,float,0,qn27__1,train,False
qn27,2,float,1,qn27__2,train,False
qn27,sin_dato,str,2,qn27__sin_dato,train,True
qn28,1,float,0,qn28__1,train,False
qn28,2,float,1,qn28__2,train,False
qn28,sin_dato,str,2,qn28__sin_dato,train,True
qn29,1,float,0,qn29__1,train,False
qn29,2,float,1,qn29__2,train,False
qn29,sin_dato,str,2,qn29__sin_dato,train,True
qn30,1,float,0,qn30__1,train,False
qn30,2,float,1,qn30__2,train,False
qn30,sin_dato,str,2,qn30__sin_dato,train,True
qn31,1,float,0,qn31__1,train,False
qn31,2,float,1,qn31__2,train,False
qn31,sin_dato,str,2,qn31__sin_dato,train,True
qn32,1,float,0,qn32__1,train,False
qn32,2,float,1,qn32__2,train,False
qn32,sin_dato,str,2,qn32__sin_dato,train,True
qn33,1,float,0,qn33__1,train,False
qn33,2,float,1,qn33__2,train,False
qn33,sin_dato,str,2,qn33__sin_dato,train,True
qn34,1,float,0,qn34__1,train,False
qn34,2,float,1,qn34__2,train,False
qn34,sin_dato,str,2,qn34__sin_dato,train,True
qn35,1,float,0,qn35__1,train,False
qn35,2,float,1,qn35__2,train,False
qn35,sin_dato,str,2,qn35__sin_dato,train,True
qn36,1,float,0,qn36__1,train,False
qn36,2,float,1,qn36__2,train,False
qn36,sin_dato,str,2,qn36__sin_dato,train,True
qn37,1,float,0,qn37__1,train,False
qn37,2,float,1,qn37__2,train,False
qn37,sin_dato,str,2,qn37__sin_dato,train,True
qn38,1,float,0,qn38__1,train,False
qn38,2,float,1,qn38__2,train,False
qn38,sin_dato,str,2,qn38__sin_dato,train,True
qn39,1,float,0,qn39__1,train,False
qn39,2,float,1,qn39__2,train,False
qn39,sin_dato,str,2,qn39__sin_dato,train,True
qn41,1,float,0,qn41__1,train,False
qn41,2,float,1,qn41__2,train,False
qn41,sin_dato,str,2,qn41__sin_dato,train,True
qn42,1,float,0,qn42__1,train,False
qn42,2,float,1,qn42__2,train,False
qn42,sin_dato,str,2,qn42__sin_dato,train,True
qn43,1,float,0,qn43__1,train,False
qn43,2,float,1,qn43__2,train,False
qn43,sin_dato,str,2,qn43__sin_dato,train,True
qn44,1,float,0,qn44__1,train,False
qn44,2,float,1,qn44__2,train,False
qn44,sin_dato,str,2,qn44__sin_dato,train,True
qn45,1,float,0,qn45__1,train,False
qn45,2,float,1,qn45__2,train,False
qn45,sin_dato,str,2,qn45__sin_dato,train,True
qn46,1,float,0,qn46__1,train,False
qn46,2,float,1,qn46__2,train,False
qn46,sin_dato,str,2,qn46__sin_dato,train,True
qn47,1,float,0,qn47__1,train,False
qn47,2,float,1,qn47__2,train,False
qn47,sin_dato,str,2,qn47__sin_dato,train,True
qn48,1,float,0,qn48__1,train,False
qn48,2,float,1,qn48__2,train,False
qn48,sin_dato,str,2,qn48__sin_dato,train,True
qn50,1,float,0,qn50__1,train,False
qn50,2,float,1,qn50__2,train,False
qn50,sin_dato,str,2,qn50__sin_dato,train,True
qn51,1,float,0,qn51__1,train,False
qn51,2,float,1,qn51__2,train,False
qn51,sin_dato,str,2,qn51__sin_dato,train,True
qn52,1,float,0,qn52__1,train,False
qn52,2,float,1,qn52__2,train,False
qn52,sin_dato,str,2,qn52__sin_dato,train,True
qn53,1,float,0,qn53__1,train,False
qn53,2,float,1,qn53__2,train,False
qn53,sin_dato,str,2,qn53__sin_dato,train,True
qn54,1,float,0,qn54__1,train,False
qn54,2,float,1,qn54__2,train,False
qn54,sin_dato,str,2,qn54__sin_dato,train,True
qn55,1,float,0,qn55__1,train,False
qn55,2,float,1,qn55__2,train,False
qn55,sin_dato,str,2,qn55__sin_dato,train,True
qn56,1,float,0,qn56__1,train,False
qn56,2,float,1,qn56__2,train,False
qn56,sin_dato,str,2,qn56__sin_dato,train,True
qn57,1,float,0,qn57__1,train,False
qn57,2,float,1,qn57__2,train,False
qn57,sin_dato,str,2,qn57__sin_dato,train,True
qn58,1,float,0,qn58__1,train,False
qn58,2,float,1,qn58__2,train,False
qn58,sin_dato,str,2,qn58__sin_dato,train,True
qn59,1,float,0,qn59__1,train,False
qn59,2,float,1,qn59__2,train,False
qn59,sin_dato,str,2,qn59__sin_dato,train,True
qn60,1,float,0,qn60__1,train,False
qn60,2,float,1,qn60__2,train,False
qn60,sin_dato,str,2,qn60__sin_dato,train,True
qn61,1,float,0,qn61__1,train,False
qn61,2,float,1,qn61__2,train,False
qn61,sin_dato,str,2,qn61__sin_dato,train,True
qn62,1,float,0,qn62__1,train,False
qn62,2,float,1,qn62__2,train,False
qn62,sin_dato,str,2,qn62__sin_dato,train,True
qn63,1,float,0,qn63__1,train,False
qn63,2,float,1,qn63__2,train,False
qn63,sin_dato,str,2,qn63__sin_dato,train,True
qn64,1,float,0,qn64__1,train,False
qn64,2,float,1,qn64__2,train,False
qn64,sin_dato,str,2,qn64__sin_dato,train,True
qn65,1,float,0,qn65__1,train,False
qn65,2,float,1,qn65__2,train,False
qn65,sin_dato,str,2,qn65__sin_dato,train,True
qn66,1,float,0,qn66__1,train,False
qn66,2,float,1,qn66__2,train,False
qn66,sin_dato,str,2,qn66__sin_dato,train,True
qn67,1,float,0,qn67__1,train,False
qn67,2,float,1,qn67__2,train,False
qn67,sin_dato,str,2,qn67__sin_dato,train,True
qn68,1,float,0,qn68__1,train,False
qn68,2,float,1,qn68__2,train,False
qn68,sin_dato,str,2,qn68__sin_dato,train,True
qn69,1,float,0,qn69__1,train,False
qn69,2,float,1,qn69__2,train,False
qn69,sin_dato,str,2,qn69__sin_dato,train,True
qn70,1,float,0,qn70__1,train,False
qn70,2,float,1,qn70__2,train,False
qn70,sin_dato,str,2,qn70__sin_dato,train,True
qn71,1,float,0,qn71__1,train,False
qn71,2,float,1,qn71__2,train,False
qn71,sin_dato,str,2,qn71__sin_dato,train,True
qn72,1,float,0,qn72__1,train,False
qn72,2,float,1,qn72__2,train,False
qn72,sin_dato,str,2,qn72__sin_dato,train,True
qn73,1,float,0,qn73__1,train,False
qn73,2,float,1,qn73__2,train,False
qn73,sin_dato,str,2,qn73__sin_dato,train,True
qn74,1,float,0,qn74__1,train,False
qn74,2,float,1,qn74__2,train,False
qn74,sin_dato,str,2,qn74__sin_dato,train,True
qn75,1,float,0,qn75__1,train,False
qn75,2,float,1,qn75__2,train,False
qn75,sin_dato,str,2,qn75__sin_dato,train,True
qn76,1,float,0,qn76__1,train,False
qn76,2,float,1,qn76__2,train,False
qn76,sin_dato,str,2,qn76__sin_dato,train,True
qn77,1,float,0,qn77__1,train,False
qn77,2,float,1,qn77__2,train,False
qn77,sin_dato,str,2,qn77__sin_dato,train,True
qn78,1,float,0,qn78__1,train,False
qn78,2,float,1,qn78__2,train,False
qn78,sin_dato,str,2,qn78__sin_dato,train,True
qn79,1,float,0,qn79__1,train,False
qn79,2,float,1,qn79__2,train,False
qn79,sin_dato,str,2,qn79__sin_dato,train,True
qn80,1,float,0,qn80__1,train,False
qn80,2,float,1,qn80__2,train,False
qn80,sin_dato,str,2,qn80__sin_dato,train,True
qn81,1,float,0,qn81__1,train,False
qn81,2,float,1,qn81__2,train,False
qn81,sin_dato,str,2,qn81__sin_dato,train,True
qnunwtg,1,float,0,qnunwtg__1,train,False
qnunwtg,2,float,1,qnunwtg__2,train,False
qnunwtg,sin_dato,str,2,qnunwtg__sin_dato,train,True
qnowtg,1,float,0,qnowtg__1,train,False
qnowtg,2,float,1,qnowtg__2,train,False
qnowtg,sin_dato,str,2,qnowtg__sin_dato,train,True
qnobeseg,1,float,0,qnobeseg__1,train,False
qnobeseg,2,float,1,qnobeseg__2,train,False
qnobeseg,sin_dato,str,2,qnobeseg__sin_dato,train,True
qnff1g,1,float,0,qnff1g__1,train,False
qnff1g,2,float,1,qnff1g__2,train,False
qnff1g,sin_dato,str,2,qnff1g__sin_dato,train,True
qnff2g,1,float,0,qnff2g__1,train,False
qnff2g,2,float,1,qnff2g__2,train,False
qnff2g,sin_dato,str,2,qnff2g__sin_dato,train,True
qnff3g,1,float,0,qnff3g__1,train,False
qnff3g,2,float,1,qnff3g__2,train,False
qnff3g,sin_dato,str,2,qnff3g__sin_dato,train,True
qntob2g,1,float,0,qntob2g__1,train,False
qntob2g,2,float,1,qntob2g__2,train,False
qntob2g,sin_dato,str,2,qntob2g__sin_dato,train,True
qnnotb2g,1,float,0,qnnotb2g__1,train,False
qnnotb2g,2,float,1,qnnotb2g__2,train,False
qnnotb2g,sin_dato,str,2,qnnotb2g__sin_dato,train,True
qnbcanyg,1,float,0,qnbcanyg__1,train,False
qnbcanyg,2,float,1,qnbcanyg__2,train,False
qnbcanyg,sin_dato,str,2,qnbcanyg__sin_dato,train,True
qnc1g,1,float,0,qnc1g__1,train,False
qnc1g,2,float,1,qnc1g__2,train,False
qnc1g,sin_dato,str,2,qnc1g__sin_dato,train,True
qnpe3g,1,float,0,qnpe3g__1,train,False
qnpe3g,2,float,1,qnpe3g__2,train,False
qnpe3g,sin_dato,str,2,qnpe3g__sin_dato,train,True
qnpe5g,1,float,0,qnpe5g__1,train,False
qnpe5g,2,float,1,qnpe5g__2,train,False
qnpe5g,sin_dato,str,2,qnpe5g__sin_dato,train,True
