review_scope,column,paired_text_column,train_categories,response_labels,current_type,semantic_structure,review_decision,reason,new_encoding,audit_status
PREVIOUS_ORDINAL,q1,texto_q1,"[""1"", ""2"", ""3"", ""4"", ""5"", ""6"", ""7"", ""8"", ""sin_dato""]","{""1"": ""11 años o menos"", ""2"": ""12 años"", ""3"": ""13 años"", ""4"": ""14 años"", ""5"": ""15 años"", ""6"": ""16 años"", ""7"": ""17 años"", ""8"": ""18 años o más"", ""sin_dato"": ""sin_dato (categoría fija B6)""}",ORDINAL,ORDERED_SCALE,KEEP_ORDINAL,Las etiquetas son edades crecientes desde 11 años o menos hasta 18 años o más.,ORDINAL,SEMANTIC_REVIEW_APPLIED
PREVIOUS_ORDINAL,q3,texto_q3,"[""1"", ""2"", ""3"", ""4"", ""5"", ""sin_dato""]","{""1"": ""8vo grado nivel Primario/Polimodal  o 1er año nivel Secundario"", ""2"": ""9no grado nivel Primario/Polimodal o 2do año nivel Secundario"", ""3"": ""1er año/10mo grado nivel Polimodal o 3er año nivel Secundario"", ""4"": ""2do año/11vo grado nivel Polimodal o 4to año nivel Secundario"", ""5"": ""3er año/12vo grado nivel Polimodal o 5to año nivel Secundario"", ""sin_dato"": ""sin_dato (categoría fija B6)""}",ORDINAL,ORDERED_SCALE,KEEP_ORDINAL,Las etiquetas son grados o años educativos en progresión escolar.,ORDINAL,SEMANTIC_REVIEW_APPLIED
PREVIOUS_ORDINAL,q6,texto_q6,"[""1"", ""2"", ""3"", ""4"", ""5"", ""sin_dato""]","{""1"": ""Nunca"", ""2"": ""Rara vez"", ""3"": ""Algunas veces"", ""4"": ""Casi siempre"", ""5"": ""Siempre"", ""sin_dato"": ""sin_dato (categoría fija B6)""}",ORDINAL,ORDERED_SCALE,KEEP_ORDINAL,Las etiquetas forman la frecuencia Nunca→Rara vez→Algunas veces→Casi siempre→Siempre.,ORDINAL,SEMANTIC_REVIEW_APPLIED
PREVIOUS_ORDINAL,q10,texto_q10,"[""1"", ""2"", ""3"", ""4"", ""5"", ""6"", ""7"", ""8"", ""sin_dato""]","{""1"": ""0 días"", ""2"": ""1 día"", ""3"": ""2 días"", ""4"": ""3 días"", ""5"": ""4 días"", ""6"": ""5 días"", ""7"": ""6 días"", ""8"": ""7 días"", ""sin_dato"": ""sin_dato (categoría fija B6)""}",ORDINAL,ORDERED_SCALE,KEEP_ORDINAL,Las etiquetas representan 0 a 7 días en orden creciente.,ORDINAL,SEMANTIC_REVIEW_APPLIED
PREVIOUS_ORDINAL,q15,texto_q15,"[""1"", ""2"", ""3"", ""4"", ""5"", ""6"", ""7"", ""8"", ""sin_dato""]","{""1"": ""Ninguna"", ""2"": ""1 vez"", ""3"": ""2 o 3 veces"", ""4"": ""4 o 5 veces"", ""5"": ""6 o 7 veces"", ""6"": ""8 o 9 veces"", ""7"": ""10 u 11 veces"", ""8"": ""12 o más veces"", ""sin_dato"": ""sin_dato (categoría fija B6)""}",ORDINAL,ORDERED_SCALE,KEEP_ORDINAL,Las etiquetas son conteos agrupados desde ninguna hasta 12 o más veces.,ORDINAL,SEMANTIC_REVIEW_APPLIED
PREVIOUS_ORDINAL,q16,texto_q16,"[""1"", ""2"", ""3"", ""4"", ""5"", ""6"", ""7"", ""8"", ""sin_dato""]","{""1"": ""Ninguna"", ""2"": ""1 vez"", ""3"": ""2 o 3 veces"", ""4"": ""4 o 5 veces"", ""5"": ""6 o 7 veces"", ""6"": ""8 o 9 veces"", ""7"": ""10 u 11 veces"", ""8"": ""12 o más veces"", ""sin_dato"": ""sin_dato (categoría fija B6)""}",ORDINAL,ORDERED_SCALE,KEEP_ORDINAL,Las etiquetas son conteos agrupados desde ninguna hasta 12 o más veces.,ORDINAL,SEMANTIC_REVIEW_APPLIED
PREVIOUS_ORDINAL,q17,texto_q17,"[""1"", ""2"", ""3"", ""4"", ""5"", ""6"", ""7"", ""8"", ""sin_dato""]","{""1"": ""Ninguna"", ""2"": ""1 vez"", ""3"": ""2 o 3 veces"", ""4"": ""4 o 5 veces"", ""5"": ""6 o 7 veces"", ""6"": ""8 o 9 veces"", ""7"": ""10 u 11 veces"", ""8"": ""12 o más veces"", ""sin_dato"": ""sin_dato (categoría fija B6)""}",ORDINAL,ORDERED_SCALE,KEEP_ORDINAL,Las etiquetas son conteos agrupados desde ninguna hasta 12 o más veces.,ORDINAL,SEMANTIC_REVIEW_APPLIED
PREVIOUS_ORDINAL,q22,texto_q22,"[""1"", ""2"", ""3"", ""4"", ""5"", ""sin_dato""]","{""1"": ""Nunca"", ""2"": ""Rara vez"", ""3"": ""Algunas veces"", ""4"": ""Casi siempre"", ""5"": ""Siempre"", ""sin_dato"": ""sin_dato (categoría fija B6)""}",ORDINAL,ORDERED_SCALE,KEEP_ORDINAL,Las etiquetas forman una escala inequívoca de frecuencia desde Nunca hasta Siempre.,ORDINAL,SEMANTIC_REVIEW_APPLIED
PREVIOUS_ORDINAL,q23,texto_q23,"[""1"", ""2"", ""3"", ""4"", ""5"", ""sin_dato""]","{""1"": ""Nunca"", ""2"": ""Rara vez"", ""3"": ""Algunas veces"", ""4"": ""Casi siempre"", ""5"": ""Siempre"", ""sin_dato"": ""sin_dato (categoría fija B6)""}",ORDINAL,ORDERED_SCALE,KEEP_ORDINAL,Las etiquetas forman una escala inequívoca de frecuencia desde Nunca hasta Siempre.,ORDINAL,SEMANTIC_REVIEW_APPLIED
PREVIOUS_ORDINAL,q26,texto_q26,"[""1"", ""2"", ""3"", ""4"", ""5"", ""sin_dato""]","{""1"": ""0 veces"", ""2"": ""1 vez"", ""3"": ""2 o 3 veces"", ""4"": ""4 o 5 veces"", ""5"": ""6 o más veces"", ""sin_dato"": ""sin_dato (categoría fija B6)""}",ORDINAL,ORDERED_SCALE,KEEP_ORDINAL,Las etiquetas son conteos crecientes desde 0 hasta 6 o más veces.,ORDINAL,SEMANTIC_REVIEW_APPLIED
PREVIOUS_ORDINAL,q27,texto_q27,"[""1"", ""2"", ""3"", ""4"", ""sin_dato""]","{""1"": ""0"", ""2"": ""1"", ""3"": ""2"", ""4"": ""3 o más"", ""sin_dato"": ""sin_dato (categoría fija B6)""}",ORDINAL,ORDERED_SCALE,KEEP_ORDINAL,Las etiquetas son conteos crecientes desde 0 hasta 3 o más.,ORDINAL,SEMANTIC_REVIEW_APPLIED
PREVIOUS_ORDINAL,q29,texto_q29,"[""1"", ""2"", ""3"", ""4"", ""5"", ""6"", ""7"", ""sin_dato""]","{""1"": ""0 días"", ""2"": ""1 o 2 días"", ""3"": ""3 a 5 días"", ""4"": ""6 a 9 días"", ""5"": ""10 a 19 días"", ""6"": ""20 a 29 días"", ""7"": ""Los 30 días"", ""sin_dato"": ""sin_dato (categoría fija B6)""}",ORDINAL,ORDERED_SCALE,KEEP_ORDINAL,Las etiquetas son rangos crecientes de días hasta los 30 días.,ORDINAL,SEMANTIC_REVIEW_APPLIED
PREVIOUS_ORDINAL,q30,texto_q30,"[""1"", ""2"", ""3"", ""4"", ""5"", ""6"", ""7"", ""sin_dato""]","{""1"": ""0 días"", ""2"": ""1 o 2 días"", ""3"": ""3 a 5 días"", ""4"": ""6 a 9 días"", ""5"": ""10 a 19 días"", ""6"": ""20 a 29 días"", ""7"": ""Los 30 días"", ""sin_dato"": ""sin_dato (categoría fija B6)""}",ORDINAL,ORDERED_SCALE,KEEP_ORDINAL,Las etiquetas son rangos crecientes de días hasta los 30 días.,ORDINAL,SEMANTIC_REVIEW_APPLIED
PREVIOUS_ORDINAL,q32,texto_q32,"[""1"", ""2"", ""3"", ""4"", ""5"", ""sin_dato""]","{""1"": ""0 días"", ""2"": ""1 o 2 días"", ""3"": ""3 o 4 días"", ""4"": ""5 o 6 días"", ""5"": ""Los 7 días"", ""sin_dato"": ""sin_dato (categoría fija B6)""}",ORDINAL,ORDERED_SCALE,KEEP_ORDINAL,Las etiquetas son rangos crecientes de días desde 0 hasta los 7 días.,ORDINAL,SEMANTIC_REVIEW_APPLIED
PREVIOUS_ORDINAL,q35,texto_q35,"[""1"", ""2"", ""3"", ""4"", ""5"", ""6"", ""7"", ""sin_dato""]","{""1"": ""0 días"", ""2"": ""1 o 2 días"", ""3"": ""3 a 5 días"", ""4"": ""6 a 9 días"", ""5"": ""10 a 19 días"", ""6"": ""20 a 29 días"", ""7"": ""Los 30 días"", ""sin_dato"": ""sin_dato (categoría fija B6)""}",ORDINAL,ORDERED_SCALE,KEEP_ORDINAL,Las etiquetas son rangos crecientes de días hasta los 30 días.,ORDINAL,SEMANTIC_REVIEW_APPLIED
PREVIOUS_ORDINAL,q36,texto_q36,"[""1"", ""2"", ""3"", ""4"", ""5"", ""6"", ""7"", ""sin_dato""]","{""1"": ""No tomé alcohol durante los últimos 30 días"", ""2"": ""Menos de un trago"", ""3"": ""1 trago"", ""4"": ""2 tragos"", ""5"": ""3 tragos"", ""6"": ""4 tragos"", ""7"": ""5 tragos o más"", ""sin_dato"": ""sin_dato (categoría fija B6)""}",ORDINAL,ORDERED_SCALE,KEEP_ORDINAL,Las etiquetas progresan desde ningún consumo hasta 5 tragos o más.,ORDINAL,SEMANTIC_REVIEW_APPLIED
PREVIOUS_ORDINAL,q38,texto_q38,"[""1"", ""2"", ""3"", ""4"", ""sin_dato""]","{""1"": ""0 veces"", ""2"": ""1 o 2 veces"", ""3"": ""3 a 9 veces"", ""4"": ""10 o más veces"", ""sin_dato"": ""sin_dato (categoría fija B6)""}",ORDINAL,ORDERED_SCALE,KEEP_ORDINAL,Las etiquetas son conteos agrupados crecientes desde 0 hasta 10 o más veces.,ORDINAL,SEMANTIC_REVIEW_APPLIED
PREVIOUS_ORDINAL,q39,texto_q39,"[""1"", ""2"", ""3"", ""4"", ""sin_dato""]","{""1"": ""0 veces"", ""2"": ""1 o 2 veces"", ""3"": ""3 a 9 veces"", ""4"": ""10 o más veces"", ""sin_dato"": ""sin_dato (categoría fija B6)""}",ORDINAL,ORDERED_SCALE,KEEP_ORDINAL,Las etiquetas son conteos agrupados crecientes desde 0 hasta 10 o más veces.,ORDINAL,SEMANTIC_REVIEW_APPLIED
PREVIOUS_ORDINAL,q41,texto_q41,"[""1"", ""2"", ""3"", ""4"", ""5"", ""sin_dato""]","{""1"": ""0 veces"", ""2"": ""1 o 2 veces"", ""3"": ""3 a 9 veces"", ""4"": ""10 a 19 veces"", ""5"": ""20 veces o más"", ""sin_dato"": ""sin_dato (categoría fija B6)""}",ORDINAL,ORDERED_SCALE,KEEP_ORDINAL,Las etiquetas son conteos agrupados crecientes desde 0 hasta 20 o más veces.,ORDINAL,SEMANTIC_REVIEW_APPLIED
PREVIOUS_ORDINAL,q42,texto_q42,"[""1"", ""2"", ""3"", ""4"", ""5"", ""sin_dato""]","{""1"": ""0 veces"", ""2"": ""1 o 2 veces"", ""3"": ""3 a 9 veces"", ""4"": ""10 a 19 veces"", ""5"": ""20 veces o más"", ""sin_dato"": ""sin_dato (categoría fija B6)""}",ORDINAL,ORDERED_SCALE,KEEP_ORDINAL,Las etiquetas son conteos agrupados crecientes desde 0 hasta 20 o más veces.,ORDINAL,SEMANTIC_REVIEW_APPLIED
PREVIOUS_ORDINAL,q43,texto_q43,"[""1"", ""2"", ""3"", ""4"", ""5"", ""sin_dato""]","{""1"": ""0 veces"", ""2"": ""1 o 2 veces"", ""3"": ""3 a 9 veces"", ""4"": ""10 a 19 veces"", ""5"": ""20 veces o más"", ""sin_dato"": ""sin_dato (categoría fija B6)""}",ORDINAL,ORDERED_SCALE,KEEP_ORDINAL,Las etiquetas son conteos agrupados crecientes desde 0 hasta 20 o más veces.,ORDINAL,SEMANTIC_REVIEW_APPLIED
PREVIOUS_ORDINAL,q46,texto_q46,"[""1"", ""2"", ""3"", ""4"", ""5"", ""6"", ""7"", ""sin_dato""]","{""1"": ""Nunca tuve relaciones sexuales"", ""2"": ""1 persona"", ""3"": ""2 personas"", ""4"": ""3 personas"", ""5"": ""4 personas"", ""6"": ""5 personas"", ""7"": ""6 o más personas"", ""sin_dato"": ""sin_dato (categoría fija B6)""}",ORDINAL,ORDERED_SCALE,KEEP_ORDINAL,Nunca equivale a cero personas y las restantes etiquetas aumentan hasta 6 o más personas.,ORDINAL,SEMANTIC_REVIEW_APPLIED
PREVIOUS_ORDINAL,q50,texto_q50,"[""1"", ""2"", ""3"", ""4"", ""5"", ""6"", ""7"", ""8"", ""sin_dato""]","{""1"": ""0 días"", ""2"": ""1 día"", ""3"": ""2 días"", ""4"": ""3 días"", ""5"": ""4 días"", ""6"": ""5 días"", ""7"": ""6 días"", ""8"": ""7 días"", ""sin_dato"": ""sin_dato (categoría fija B6)""}",ORDINAL,ORDERED_SCALE,KEEP_ORDINAL,Las etiquetas representan 0 a 7 días en orden creciente.,ORDINAL,SEMANTIC_REVIEW_APPLIED
PREVIOUS_ORDINAL,q51,texto_q51,"[""1"", ""2"", ""3"", ""4"", ""5"", ""6"", ""sin_dato""]","{""1"": ""0 días"", ""2"": ""1 día"", ""3"": ""2 días"", ""4"": ""3 días"", ""5"": ""4 días"", ""6"": ""5 días o más"", ""sin_dato"": ""sin_dato (categoría fija B6)""}",ORDINAL,ORDERED_SCALE,KEEP_ORDINAL,Las etiquetas representan días crecientes desde 0 hasta 5 o más.,ORDINAL,SEMANTIC_REVIEW_APPLIED
PREVIOUS_ORDINAL,q52,texto_q52,"[""1"", ""2"", ""3"", ""4"", ""5"", ""6"", ""sin_dato""]","{""1"": ""Menos de 1 hora al día"", ""2"": ""1 a 2 horas al día"", ""3"": ""3 a 4 horas al día"", ""4"": ""5 a 6 horas al día"", ""5"": ""7 a 8 horas al día"", ""6"": ""Más de 8 horas por día"", ""sin_dato"": ""sin_dato (categoría fija B6)""}",ORDINAL,ORDERED_SCALE,KEEP_ORDINAL,Las etiquetas son rangos crecientes de horas por día.,ORDINAL,SEMANTIC_REVIEW_APPLIED
PREVIOUS_ORDINAL,q53,texto_q53,"[""1"", ""2"", ""3"", ""4"", ""5"", ""sin_dato""]","{""1"": ""0 días"", ""2"": ""1 o 2 días"", ""3"": ""3 a 5 días"", ""4"": ""6 a 9 días"", ""5"": ""10 días o más"", ""sin_dato"": ""sin_dato (categoría fija B6)""}",ORDINAL,ORDERED_SCALE,KEEP_ORDINAL,Las etiquetas son rangos crecientes de días desde 0 hasta 10 o más.,ORDINAL,SEMANTIC_REVIEW_APPLIED
PREVIOUS_ORDINAL,q54,texto_q54,"[""1"", ""2"", ""3"", ""4"", ""5"", ""sin_dato""]","{""1"": ""Nunca"", ""2"": ""Rara vez"", ""3"": ""Algunas veces"", ""4"": ""Casi siempre"", ""5"": ""Siempre"", ""sin_dato"": ""sin_dato (categoría fija B6)""}",ORDINAL,ORDERED_SCALE,KEEP_ORDINAL,Las etiquetas forman una escala inequívoca de frecuencia desde Nunca hasta Siempre.,ORDINAL,SEMANTIC_REVIEW_APPLIED
PREVIOUS_ORDINAL,q55,texto_q55,"[""1"", ""2"", ""3"", ""4"", ""5"", ""sin_dato""]","{""1"": ""Nunca"", ""2"": ""Rara vez"", ""3"": ""Algunas veces"", ""4"": ""Casi siempre"", ""5"": ""Siempre"", ""sin_dato"": ""sin_dato (categoría fija B6)""}",ORDINAL,ORDERED_SCALE,KEEP_ORDINAL,Las etiquetas forman una escala inequívoca de frecuencia desde Nunca hasta Siempre.,ORDINAL,SEMANTIC_REVIEW_APPLIED
PREVIOUS_ORDINAL,q56,texto_q56,"[""1"", ""2"", ""3"", ""4"", ""5"", ""sin_dato""]","{""1"": ""Nunca"", ""2"": ""Rara vez"", ""3"": ""Algunas veces"", ""4"": ""Casi siempre"", ""5"": ""Siempre"", ""sin_dato"": ""sin_dato (categoría fija B6)""}",ORDINAL,ORDERED_SCALE,KEEP_ORDINAL,Las etiquetas forman una escala inequívoca de frecuencia desde Nunca hasta Siempre.,ORDINAL,SEMANTIC_REVIEW_APPLIED
PREVIOUS_ORDINAL,q57,texto_q57,"[""1"", ""2"", ""3"", ""4"", ""5"", ""sin_dato""]","{""1"": ""Nunca"", ""2"": ""Rara vez"", ""3"": ""Algunas veces"", ""4"": ""Casi siempre"", ""5"": ""Siempre"", ""sin_dato"": ""sin_dato (categoría fija B6)""}",ORDINAL,ORDERED_SCALE,KEEP_ORDINAL,Las etiquetas forman una escala inequívoca de frecuencia desde Nunca hasta Siempre.,ORDINAL,SEMANTIC_REVIEW_APPLIED
PREVIOUS_ORDINAL,q58,texto_q58,"[""1"", ""2"", ""3"", ""4"", ""5"", ""sin_dato""]","{""1"": ""Nunca"", ""2"": ""Rara vez"", ""3"": ""Algunas veces"", ""4"": ""Casi siempre"", ""5"": ""Siempre"", ""sin_dato"": ""sin_dato (categoría fija B6)""}",ORDINAL,ORDERED_SCALE,KEEP_ORDINAL,Las etiquetas forman una escala inequívoca de frecuencia desde Nunca hasta Siempre.,ORDINAL,SEMANTIC_REVIEW_APPLIED
PREVIOUS_ORDINAL,q61,texto_q61,"[""1"", ""2"", ""3"", ""4"", ""5"", ""6"", ""7"", ""sin_dato""]","{""1"": ""No comí frutas durante los últimos 7 días"", ""2"": ""1 a 3 veces durante los últimos 7 días"", ""3"": ""4 a 6 veces durante los últimos 7 días"", ""4"": ""1 vez al día"", ""5"": ""2 veces al día"", ""6"": ""3 veces al día"", ""7"": ""4 o más veces al día"", ""sin_dato"": ""sin_dato (categoría fija B6)""}",ORDINAL,ORDERED_SCALE,KEEP_ORDINAL,Las etiquetas aumentan desde no consumo hasta 4 o más veces al día.,ORDINAL,SEMANTIC_REVIEW_APPLIED
PREVIOUS_ORDINAL,q62,texto_q62,"[""1"", ""2"", ""3"", ""4"", ""5"", ""6"", ""7"", ""sin_dato""]","{""1"": ""No comí verduras ni hortalizas durante los últimos 7 días"", ""2"": ""1 a 3 veces durante los últimos 7 días"", ""3"": ""4 a 6 veces durante los últimos 7 días"", ""4"": ""1 vez al día"", ""5"": ""2 veces al día"", ""6"": ""3 veces al día"", ""7"": ""4 o más veces al día"", ""sin_dato"": ""sin_dato (categoría fija B6)""}",ORDINAL,ORDERED_SCALE,KEEP_ORDINAL,Las etiquetas aumentan desde no consumo hasta 4 o más veces al día.,ORDINAL,SEMANTIC_REVIEW_APPLIED
PREVIOUS_ORDINAL,q63,texto_q63,"[""1"", ""2"", ""3"", ""4"", ""5"", ""6"", ""7"", ""sin_dato""]","{""1"": ""No tomé gaseosas en los últimos 7 días"", ""2"": ""1 a 3 veces durante los últimos 7 días"", ""3"": ""4 a 6 veces durante los últimos 7 días"", ""4"": ""1 vez al día"", ""5"": ""2 veces al día"", ""6"": ""3 veces al día"", ""7"": ""4 o más veces al día"", ""sin_dato"": ""sin_dato (categoría fija B6)""}",ORDINAL,ORDERED_SCALE,KEEP_ORDINAL,Las etiquetas aumentan desde no consumo hasta 4 o más veces al día.,ORDINAL,SEMANTIC_REVIEW_APPLIED
PREVIOUS_ORDINAL,q64,texto_q64,"[""1"", ""2"", ""3"", ""4"", ""5"", ""6"", ""7"", ""sin_dato""]","{""1"": ""No comí comida salada o snacks en los últimos 7 días"", ""2"": ""1 a 3 veces durante los últimos 7 días"", ""3"": ""4 a 6 veces durante los últimos 7 días"", ""4"": ""1 vez al día"", ""5"": ""2 veces al día"", ""6"": ""3 veces al día"", ""7"": ""4 o más veces al día"", ""sin_dato"": ""sin_dato (categoría fija B6)""}",ORDINAL,ORDERED_SCALE,KEEP_ORDINAL,Las etiquetas aumentan desde no consumo hasta 4 o más veces al día.,ORDINAL,SEMANTIC_REVIEW_APPLIED
PREVIOUS_ORDINAL,q65,texto_q65,"[""1"", ""2"", ""3"", ""4"", ""5"", ""6"", ""7"", ""sin_dato""]","{""1"": ""No comí comida alta en grasa en los últimos 7 días"", ""2"": ""1 a 3 veces durante los últimos 7 días"", ""3"": ""4 a 6 veces durante los últimos 7 días"", ""4"": ""1 vez al día"", ""5"": ""2 veces al día"", ""6"": ""3 veces al día"", ""7"": ""4 o más veces al día"", ""sin_dato"": ""sin_dato (categoría fija B6)""}",ORDINAL,ORDERED_SCALE,KEEP_ORDINAL,Las etiquetas aumentan desde no consumo hasta 4 o más veces al día.,ORDINAL,SEMANTIC_REVIEW_APPLIED
PREVIOUS_ORDINAL,q76,texto_q76,"[""1"", ""2"", ""3"", ""4"", ""sin_dato""]","{""1"": ""Definitivamente no"", ""2"": ""Probablemente no"", ""3"": ""Probablemente sí"", ""4"": ""Definitivamente sí"", ""sin_dato"": ""sin_dato (categoría fija B6)""}",ORDINAL,ORDERED_SCALE,KEEP_ORDINAL,Las etiquetas forman una escala ordenada de certeza desde definitivamente no hasta definitivamente sí.,ORDINAL,SEMANTIC_REVIEW_APPLIED
PREVIOUS_ORDINAL,q77,texto_q77,"[""1"", ""2"", ""3"", ""4"", ""5"", ""sin_dato""]","{""1"": ""Nunca"", ""2"": ""Rara vez"", ""3"": ""Algunas veces"", ""4"": ""Casi todos los días"", ""5"": ""Todos los días"", ""sin_dato"": ""sin_dato (categoría fija B6)""}",ORDINAL,ORDERED_SCALE,KEEP_ORDINAL,Las etiquetas forman una frecuencia creciente desde Nunca hasta Todos los días.,ORDINAL,SEMANTIC_REVIEW_APPLIED
PREVIOUS_ORDINAL,q78,texto_q78,"[""1"", ""2"", ""3"", ""4"", ""5"", ""sin_dato""]","{""1"": ""0 veces"", ""2"": ""1 o 2 veces"", ""3"": ""3 a 9 veces"", ""4"": ""10 a 19 veces"", ""5"": ""20 veces o más"", ""sin_dato"": ""sin_dato (categoría fija B6)""}",ORDINAL,ORDERED_SCALE,KEEP_ORDINAL,Las etiquetas son conteos agrupados crecientes desde 0 hasta 20 o más veces.,ORDINAL,SEMANTIC_REVIEW_APPLIED
PREVIOUS_ORDINAL,q80,texto_q80,"[""1"", ""2"", ""3"", ""4"", ""5"", ""sin_dato""]","{""1"": ""Nunca"", ""2"": ""Rara vez"", ""3"": ""Algunas veces"", ""4"": ""Casi siempre"", ""5"": ""Siempre"", ""sin_dato"": ""sin_dato (categoría fija B6)""}",ORDINAL,ORDERED_SCALE,KEEP_ORDINAL,Las etiquetas forman una escala inequívoca de frecuencia desde Nunca hasta Siempre.,ORDINAL,SEMANTIC_REVIEW_APPLIED
PREVIOUS_ORDINAL,q81,texto_q81,"[""1"", ""2"", ""3"", ""4"", ""5"", ""sin_dato""]","{""1"": ""Nunca"", ""2"": ""Rara vez"", ""3"": ""Algunas veces"", ""4"": ""Casi siempre"", ""5"": ""Siempre"", ""sin_dato"": ""sin_dato (categoría fija B6)""}",ORDINAL,ORDERED_SCALE,KEEP_ORDINAL,Las etiquetas forman una escala inequívoca de frecuencia desde Nunca hasta Siempre.,ORDINAL,SEMANTIC_REVIEW_APPLIED
PREVIOUS_UNKNOWN,q28,texto_q28,"[""1"", ""2"", ""3"", ""4"", ""5"", ""6"", ""7"", ""8"", ""sin_dato""]","{""1"": ""Nunca probé cigarrillos"", ""2"": ""7 años de edad o menos"", ""3"": ""8 o 9 años"", ""4"": ""10 u 11 años"", ""5"": ""12 o 13 años"", ""6"": ""14 o 15 años"", ""7"": ""16 o 17 años"", ""8"": ""18 años o más"", ""sin_dato"": ""sin_dato (categoría fija B6)""}",UNKNOWN_AS_NOMINAL_ONEHOT,ORDERED_WITH_ESCAPE_CATEGORY,CHANGE_TO_NOMINAL_ONEHOT,Mezcla rangos de edad con 'Nunca probó cigarrillos'; Nunca no es una edad y se conserva one-hot para no imponer una distancia artificial.,ONE_HOT,SEMANTIC_REVIEW_APPLIED
PREVIOUS_UNKNOWN,q34,texto_q34,"[""1"", ""2"", ""3"", ""4"", ""5"", ""6"", ""7"", ""8"", ""sin_dato""]","{""1"": ""Nunca tomé alcohol más que unos pocos sorbos"", ""2"": ""7 años o menos"", ""3"": ""8 o 9 años"", ""4"": ""10 o 11 años"", ""5"": ""12 o 13 años"", ""6"": ""14 o 15 años"", ""7"": ""16 o 17 años"", ""8"": ""18 años o más"", ""sin_dato"": ""sin_dato (categoría fija B6)""}",UNKNOWN_AS_NOMINAL_ONEHOT,ORDERED_WITH_ESCAPE_CATEGORY,CHANGE_TO_NOMINAL_ONEHOT,Mezcla rangos de edad con 'Nunca tomó alcohol'; Nunca no es una edad y se conserva one-hot.,ONE_HOT,SEMANTIC_REVIEW_APPLIED
PREVIOUS_UNKNOWN,q40,texto_q40,"[""1"", ""2"", ""3"", ""4"", ""5"", ""6"", ""7"", ""8"", ""sin_dato""]","{""1"": ""Nunca usé Drogas"", ""2"": ""7 años o menos"", ""3"": ""8 o 9 años"", ""4"": ""10 o 11 años"", ""5"": ""12 o 13 años"", ""6"": ""14 o 15 años"", ""7"": ""16 o 17 años"", ""8"": ""18 años o más"", ""sin_dato"": ""sin_dato (categoría fija B6)""}",UNKNOWN_AS_NOMINAL_ONEHOT,ORDERED_WITH_ESCAPE_CATEGORY,CHANGE_TO_NOMINAL_ONEHOT,Mezcla rangos de edad con 'Nunca usó drogas'; Nunca no es una edad y se conserva one-hot.,ONE_HOT,SEMANTIC_REVIEW_APPLIED
PREVIOUS_UNKNOWN,q45,texto_q45,"[""1"", ""2"", ""3"", ""4"", ""5"", ""6"", ""7"", ""8"", ""sin_dato""]","{""1"": ""Nunca tuve relaciones sexuales"", ""2"": ""11 años o menos"", ""3"": ""12 años"", ""4"": ""13 años"", ""5"": ""14 años"", ""6"": ""15 años"", ""7"": ""16 o 17 años"", ""8"": ""18 años o más"", ""sin_dato"": ""sin_dato (categoría fija B6)""}",UNKNOWN_AS_NOMINAL_ONEHOT,ORDERED_WITH_ESCAPE_CATEGORY,CHANGE_TO_NOMINAL_ONEHOT,Mezcla edades con 'Nunca tuvo relaciones sexuales'; Nunca no es una edad y se conserva one-hot.,ONE_HOT,SEMANTIC_REVIEW_APPLIED
PREVIOUS_UNKNOWN,q59,texto_q59,"[""1"", ""2"", ""3"", ""4"", ""5"", ""6"", ""7"", ""sin_dato""]","{""1"": ""Primaria incompleta"", ""2"": ""Primaria completa"", ""3"": ""Secundario incompleto"", ""4"": ""Secundario completo"", ""5"": ""Terciario/Universitario incompleto"", ""6"": ""Terciario/Universitario completo"", ""7"": ""No sé"", ""sin_dato"": ""sin_dato (categoría fija B6)""}",UNKNOWN_AS_NOMINAL_ONEHOT,ORDERED_WITH_ESCAPE_CATEGORY,KEEP_ORDINAL,Los seis niveles educativos progresan de primaria incompleta a universitario completo; 'No sé' usa sentinel de escape y no integra el orden.,ORDINAL_WITH_SENTINEL,SEMANTIC_REVIEW_APPLIED
PREVIOUS_UNKNOWN,q60,texto_q60,"[""1"", ""2"", ""3"", ""4"", ""5"", ""6"", ""7"", ""sin_dato""]","{""1"": ""Primaria incompleta"", ""2"": ""Primaria completa"", ""3"": ""Secundario incompleto"", ""4"": ""Secundario completo"", ""5"": ""Terciario/Universitario incompleto"", ""6"": ""Terciario/Universitario completo"", ""7"": ""No sé"", ""sin_dato"": ""sin_dato (categoría fija B6)""}",UNKNOWN_AS_NOMINAL_ONEHOT,ORDERED_WITH_ESCAPE_CATEGORY,KEEP_ORDINAL,Los seis niveles educativos progresan de primaria incompleta a universitario completo; 'No sé' usa sentinel de escape y no integra el orden.,ORDINAL_WITH_SENTINEL,SEMANTIC_REVIEW_APPLIED
PREVIOUS_UNKNOWN,q69,texto_q69,"[""1"", ""2"", ""3"", ""4"", ""5"", ""6"", ""sin_dato""]","{""1"": ""No viajé en un auto u otro vehículo u otro vehículo a motor en los últimos 30 días"", ""2"": ""Rara vez"", ""3"": ""Algunas veces"", ""4"": ""La mayoría del tiempo"", ""5"": ""Siempre"", ""6"": ""No viajé en un auto u otro vehículo u otro vehículo a motor en los últimos 30 días"", ""sin_dato"": ""sin_dato (categoría fija B6)""}",UNKNOWN_AS_NOMINAL_ONEHOT,ORDERED_WITH_ESCAPE_CATEGORY,KEEP_ORDINAL,Rara vez→Siempre es frecuencia ordenada; los códigos 1 y 6 tienen la misma etiqueta de no viaje y comparten sentinel de escape.,ORDINAL_WITH_SENTINEL,SEMANTIC_REVIEW_APPLIED
PREVIOUS_UNKNOWN,q70,texto_q70,"[""1"", ""2"", ""3"", ""4"", ""5"", ""6"", ""sin_dato""]","{""1"": ""No viajé en un auto o vehículo manejado por otra persona en los últimos 30 días"", ""2"": ""0 veces"", ""3"": ""1 vez"", ""4"": ""2 o 3 veces"", ""5"": ""4 o 5 veces"", ""6"": ""6 o más veces"", ""sin_dato"": ""sin_dato (categoría fija B6)""}",UNKNOWN_AS_NOMINAL_ONEHOT,ORDERED_WITH_ESCAPE_CATEGORY,KEEP_ORDINAL,0→1→2-3→4-5→6+ veces es un conteo ordenado; no haber viajado es escape separado.,ORDINAL_WITH_SENTINEL,SEMANTIC_REVIEW_APPLIED
PREVIOUS_UNKNOWN,q71,texto_q71,"[""1"", ""2"", ""3"", ""4"", ""5"", ""6"", ""sin_dato""]","{""1"": ""No maneje una bicicleta en los últimos 30 días"", ""2"": ""Nunca"", ""3"": ""Rara vez"", ""4"": ""Algunas veces"", ""5"": ""La mayoría del tiempo"", ""6"": ""Siempre"", ""sin_dato"": ""sin_dato (categoría fija B6)""}",UNKNOWN_AS_NOMINAL_ONEHOT,ORDERED_WITH_ESCAPE_CATEGORY,KEEP_ORDINAL,Nunca→Siempre es frecuencia ordenada; no haber manejado bicicleta es escape separado.,ORDINAL_WITH_SENTINEL,SEMANTIC_REVIEW_APPLIED
PREVIOUS_UNKNOWN,q72,texto_q72,"[""1"", ""2"", ""3"", ""4"", ""5"", ""6"", ""sin_dato""]","{""1"": ""No viaje en una moto en los últimos 30 días"", ""2"": ""Nunca"", ""3"": ""Rara vez"", ""4"": ""Algunas veces"", ""5"": ""La mayoría del tiempo"", ""6"": ""Siempre"", ""sin_dato"": ""sin_dato (categoría fija B6)""}",UNKNOWN_AS_NOMINAL_ONEHOT,ORDERED_WITH_ESCAPE_CATEGORY,KEEP_ORDINAL,Nunca→Siempre es frecuencia ordenada; no haber viajado en moto es escape separado.,ORDINAL_WITH_SENTINEL,SEMANTIC_REVIEW_APPLIED
PREVIOUS_UNKNOWN,q79,texto_q79,"[""1"", ""2"", ""3"", ""4"", ""sin_dato""]","{""1"": ""0 veces"", ""2"": ""1 vez"", ""3"": ""2 o más veces"", ""4"": ""No lo sé"", ""sin_dato"": ""sin_dato (categoría fija B6)""}",UNKNOWN_AS_NOMINAL_ONEHOT,ORDERED_WITH_ESCAPE_CATEGORY,KEEP_ORDINAL,0→1→2+ veces es un conteo ordenado; 'No lo sé' usa sentinel de escape.,ORDINAL_WITH_SENTINEL,SEMANTIC_REVIEW_APPLIED
