column,observed_train_categories,paired_text_column,semantic_scale_detected,proposed_type,confidence,reason,encoding_to_execute,escape_categories,escape_sentinel,audit_status
q28,"[""1"", ""2"", ""3"", ""4"", ""5"", ""6"", ""7"", ""8"", ""sin_dato""]",texto_q28,ORDERED_WITH_ESCAPE_CATEGORY,NOMINAL,ALTA,Mezcla rangos de edad con 'Nunca probó cigarrillos'; Nunca no es una edad y se conserva one-hot para no imponer una distancia artificial.,ONE_HOT,"[""Nunca probé cigarrillos""]",,SEMANTIC_REVIEW_APPLIED
q34,"[""1"", ""2"", ""3"", ""4"", ""5"", ""6"", ""7"", ""8"", ""sin_dato""]",texto_q34,ORDERED_WITH_ESCAPE_CATEGORY,NOMINAL,ALTA,Mezcla rangos de edad con 'Nunca tomó alcohol'; Nunca no es una edad y se conserva one-hot.,ONE_HOT,"[""Nunca tomé alcohol más que unos pocos sorbos""]",,SEMANTIC_REVIEW_APPLIED
q40,"[""1"", ""2"", ""3"", ""4"", ""5"", ""6"", ""7"", ""8"", ""sin_dato""]",texto_q40,ORDERED_WITH_ESCAPE_CATEGORY,NOMINAL,ALTA,Mezcla rangos de edad con 'Nunca usó drogas'; Nunca no es una edad y se conserva one-hot.,ONE_HOT,"[""Nunca usé Drogas""]",,SEMANTIC_REVIEW_APPLIED
q45,"[""1"", ""2"", ""3"", ""4"", ""5"", ""6"", ""7"", ""8"", ""sin_dato""]",texto_q45,ORDERED_WITH_ESCAPE_CATEGORY,NOMINAL,ALTA,Mezcla edades con 'Nunca tuvo relaciones sexuales'; Nunca no es una edad y se conserva one-hot.,ONE_HOT,"[""Nunca tuve relaciones sexuales""]",,SEMANTIC_REVIEW_APPLIED
q59,"[""1"", ""2"", ""3"", ""4"", ""5"", ""6"", ""7"", ""sin_dato""]",texto_q59,ORDERED_WITH_ESCAPE_CATEGORY,ORDINAL,ALTA,Los seis niveles educativos progresan de primaria incompleta a universitario completo; 'No sé' usa sentinel de escape y no integra el orden.,ORDINAL_WITH_SENTINEL,"[""No sé""]",-3,SEMANTIC_REVIEW_APPLIED
q60,"[""1"", ""2"", ""3"", ""4"", ""5"", ""6"", ""7"", ""sin_dato""]",texto_q60,ORDERED_WITH_ESCAPE_CATEGORY,ORDINAL,ALTA,Los seis niveles educativos progresan de primaria incompleta a universitario completo; 'No sé' usa sentinel de escape y no integra el orden.,ORDINAL_WITH_SENTINEL,"[""No sé""]",-3,SEMANTIC_REVIEW_APPLIED
q69,"[""1"", ""2"", ""3"", ""4"", ""5"", ""6"", ""sin_dato""]",texto_q69,ORDERED_WITH_ESCAPE_CATEGORY,ORDINAL,MEDIA,Rara vez→Siempre es frecuencia ordenada; los códigos 1 y 6 tienen la misma etiqueta de no viaje y comparten sentinel de escape.,ORDINAL_WITH_SENTINEL,"[""No viajé en un auto u otro vehículo u otro vehículo a motor en los últimos 30 días"", ""No viajé en un auto u otro vehículo u otro vehículo a motor en los últimos 30 días""]",-3,SEMANTIC_REVIEW_APPLIED
q70,"[""1"", ""2"", ""3"", ""4"", ""5"", ""6"", ""sin_dato""]",texto_q70,ORDERED_WITH_ESCAPE_CATEGORY,ORDINAL,ALTA,0→1→2-3→4-5→6+ veces es un conteo ordenado; no haber viajado es escape separado.,ORDINAL_WITH_SENTINEL,"[""No viajé en un auto o vehículo manejado por otra persona en los últimos 30 días""]",-3,SEMANTIC_REVIEW_APPLIED
q71,"[""1"", ""2"", ""3"", ""4"", ""5"", ""6"", ""sin_dato""]",texto_q71,ORDERED_WITH_ESCAPE_CATEGORY,ORDINAL,ALTA,Nunca→Siempre es frecuencia ordenada; no haber manejado bicicleta es escape separado.,ORDINAL_WITH_SENTINEL,"[""No maneje una bicicleta en los últimos 30 días""]",-3,SEMANTIC_REVIEW_APPLIED
q72,"[""1"", ""2"", ""3"", ""4"", ""5"", ""6"", ""sin_dato""]",texto_q72,ORDERED_WITH_ESCAPE_CATEGORY,ORDINAL,ALTA,Nunca→Siempre es frecuencia ordenada; no haber viajado en moto es escape separado.,ORDINAL_WITH_SENTINEL,"[""No viaje en una moto en los últimos 30 días""]",-3,SEMANTIC_REVIEW_APPLIED
q79,"[""1"", ""2"", ""3"", ""4"", ""sin_dato""]",texto_q79,ORDERED_WITH_ESCAPE_CATEGORY,ORDINAL,ALTA,0→1→2+ veces es un conteo ordenado; 'No lo sé' usa sentinel de escape.,ORDINAL_WITH_SENTINEL,"[""No lo sé""]",-3,SEMANTIC_REVIEW_APPLIED
